loan_id,no_of_dependents,education,self_employed,income_annum,loan_amount,loan_term,cibil_score,residential_assets_value,commercial_assets_value,luxury_assets_value,bank_asset_value,loan_status
1,2, Graduate, No,9600000,29900000,12,778,2400000,17600000,22700000,8000000,approved
2,0, Not Graduate, Yes,4100000,12200000,8,417,2700000,2200000,8800000,3300000,rejected
3,3, Graduate, No,9100000,29700000,20,506,7100000,4500000,33300000,12800000,rejected
4,3, Graduate, No,8200000,30700000,8,467,18200000,3300000,23300000,7900000,rejected
5,5, Not Graduate, Yes,9800000,24200000,20,382,12400000,8200000,29400000,5000000,rejected
6,0, Graduate, Yes,4800000,13500000,10,319,6800000,8300000,13700000,5100000,rejected
7,5, Graduate, No,8700000,33000000,4,678,22500000,14800000,29200000,4300000,approved
8,2, Graduate, Yes,5700000,15000000,20,382,13200000,5700000,11800000,6000000,rejected
9,0, Graduate, Yes,800000,2200000,20,782,1300000,800000,2800000,600000,approved
10,5, Not Graduate, No,1100000,4300000,10,388,3200000,1400000,3300000,1600000,rejected
11,4, Graduate, Yes,2900000,11200000,2,547,8100000,4700000,9500000,3100000,approved
12,2, Not Graduate, Yes,6700000,22700000,18,538,15300000,5800000,20400000,6400000,rejected
13,3, Not Graduate, Yes,5000000,11600000,16,311,6400000,9600000,14600000,4300000,rejected
14,2, Graduate, Yes,9100000,31500000,14,679,10800000,16600000,20900000,5000000,approved
15,1, Not Graduate, No,1900000,7400000,6,469,1900000,1200000,5900000,1900000,rejected
16,5, Not Graduate, No,4700000,10700000,10,794,5700000,3900000,16400000,4400000,approved
17,2, Graduate, Yes,500000,1600000,4,663,1300000,100000,1300000,700000,approved
18,4, Not Graduate, Yes,2900000,9400000,14,780,2900000,2800000,6700000,4300000,approved
19,2, Graduate, No,2700000,10300000,10,736,1000000,0,6200000,3300000,approved
20,5, Graduate, No,6300000,14600000,12,652,10300000,3500000,23500000,5900000,approved
21,2, Graduate, No,5000000,19400000,12,315,9500000,1600000,18000000,6100000,rejected
22,4, Graduate, No,5800000,14000000,16,530,3800000,11300000,22200000,5400000,rejected
23,4, Graduate, Yes,6500000,25700000,18,311,13100000,1700000,19500000,8500000,rejected
24,0, Not Graduate, Yes,500000,1400000,2,551,900000,600000,1100000,300000,approved
25,0, Not Graduate, No,4900000,9800000,16,324,3800000,8700000,10000000,3300000,rejected
26,5, Not Graduate, No,3100000,9500000,20,514,7900000,3100000,6600000,2600000,rejected
27,4, Graduate, No,8200000,28100000,12,696,11500000,10600000,25300000,7200000,approved
28,4, Not Graduate, Yes,2400000,5600000,4,662,4500000,4200000,5400000,2500000,approved
29,5, Not Graduate, Yes,7000000,24000000,6,336,2300000,11900000,27500000,9700000,rejected
30,3, Not Graduate, Yes,9000000,31500000,10,850,21800000,12400000,33700000,8000000,approved
31,2, Not Graduate, No,9800000,25300000,12,313,20200000,5200000,25500000,9300000,rejected
32,2, Graduate, No,5700000,12000000,6,363,3600000,7400000,21700000,4300000,rejected
33,1, Not Graduate, Yes,800000,1600000,10,436,700000,200000,2200000,1000000,rejected
34,5, Not Graduate, Yes,8400000,22000000,2,830,3800000,3900000,19900000,5400000,approved
35,3, Graduate, No,4900000,11900000,8,612,9700000,1200000,19000000,5800000,approved
36,2, Graduate, Yes,1700000,3400000,8,691,2700000,2800000,6000000,900000,approved
37,3, Not Graduate, No,1600000,6200000,18,636,3400000,700000,5300000,1400000,approved
38,5, Graduate, Yes,8000000,27200000,6,348,6400000,300000,16700000,7100000,rejected
39,5, Graduate, No,3600000,7700000,16,830,7000000,1300000,10000000,2900000,approved
40,3, Not Graduate, Yes,1500000,5100000,6,352,100000,200000,5600000,900000,rejected
41,1, Graduate, No,7800000,18100000,2,712,8600000,11200000,21700000,9000000,approved
42,2, Not Graduate, No,9100000,24900000,16,822,22300000,12100000,31000000,5200000,approved
43,3, Graduate, No,1400000,3400000,6,540,200000,1500000,3900000,800000,rejected
44,2, Graduate, Yes,800000,2300000,12,342,2200000,1300000,1800000,800000,rejected
45,5, Graduate, No,6500000,13400000,18,787,18200000,300000,16200000,5400000,approved
46,4, Graduate, No,8000000,27800000,16,331,13000000,6300000,21400000,10900000,rejected
47,3, Not Graduate, Yes,4200000,14600000,6,679,2400000,6900000,8700000,4900000,approved
48,1, Graduate, Yes,4900000,19100000,14,677,5400000,9100000,17700000,6500000,approved
49,3, Not Graduate, No,5500000,20500000,12,634,800000,8600000,18500000,8200000,approved
50,1, Not Graduate, Yes,9500000,19100000,16,662,100000,10500000,37700000,11700000,approved
51,4, Graduate, No,7300000,25400000,16,502,500000,1800000,20500000,10500000,rejected
52,2, Graduate, No,8700000,24700000,10,435,6800000,3500000,21800000,11300000,rejected
53,5, Not Graduate, No,3800000,7600000,4,689,8700000,100000,9300000,3400000,approved
54,1, Not Graduate, Yes,8400000,23000000,12,657,15400000,14800000,31900000,8200000,approved
55,2, Graduate, Yes,5100000,19700000,20,590,7400000,9300000,19400000,3400000,approved
56,5, Not Graduate, No,6700000,24500000,12,818,1200000,5600000,16300000,6200000,approved
57,2, Not Graduate, No,4300000,10600000,18,431,2100000,1500000,9300000,5200000,rejected
58,5, Graduate, Yes,9300000,30500000,18,841,19300000,10300000,34600000,8700000,approved
59,1, Graduate, No,7400000,18400000,20,421,18500000,9100000,17500000,4100000,rejected
60,4, Not Graduate, Yes,5500000,18200000,16,797,-100000,4900000,18600000,4800000,approved
61,2, Not Graduate, No,8500000,18900000,18,478,23800000,16300000,25900000,11400000,rejected
62,3, Not Graduate, Yes,9600000,30500000,18,669,4700000,1900000,26500000,9300000,approved
63,5, Not Graduate, Yes,8800000,28900000,6,365,24400000,8600000,27400000,4700000,rejected
64,3, Not Graduate, Yes,3300000,7500000,20,586,1600000,5600000,10500000,2900000,approved
65,4, Graduate, Yes,3900000,12300000,18,784,7600000,6900000,13100000,2800000,approved
66,1, Graduate, No,4100000,10300000,12,364,9500000,6100000,14900000,2800000,rejected
67,3, Not Graduate, No,8300000,29100000,10,715,6100000,11900000,24100000,11900000,approved
68,0, Not Graduate, Yes,2700000,10100000,20,693,200000,1700000,5900000,1400000,rejected
69,4, Graduate, No,5600000,12400000,4,777,5500000,3100000,11800000,5500000,approved
70,0, Graduate, No,1900000,5000000,12,312,4000000,2800000,4900000,2400000,rejected
71,4, Not Graduate, Yes,500000,1500000,20,340,100000,200000,1900000,600000,rejected
72,5, Graduate, Yes,5300000,18600000,4,386,2700000,9700000,11900000,4200000,approved
73,5, Not Graduate, No,7000000,18300000,4,418,18400000,11700000,21500000,7600000,rejected
74,3, Not Graduate, Yes,5800000,16700000,16,735,3900000,9400000,12600000,5600000,approved
75,2, Not Graduate, No,2600000,8400000,6,494,6500000,3800000,5600000,2000000,rejected
76,2, Not Graduate, No,1900000,6500000,18,671,600000,2500000,4800000,1100000,approved
77,4, Graduate, No,5700000,14800000,16,697,14300000,7800000,12900000,6300000,approved
78,0, Graduate, No,9000000,33500000,8,801,11600000,8900000,35400000,11100000,approved
79,2, Not Graduate, No,8500000,29400000,12,576,17600000,5600000,25200000,9000000,approved
80,0, Not Graduate, No,700000,1400000,14,639,1900000,700000,2400000,900000,approved
81,4, Graduate, No,3500000,8900000,4,470,1300000,2200000,12300000,2000000,rejected
82,0, Not Graduate, No,8800000,31200000,4,826,2900000,500000,33300000,8600000,approved
83,2, Not Graduate, Yes,9900000,21200000,16,363,25500000,11400000,26600000,6800000,rejected
84,3, Graduate, No,3600000,8600000,20,613,9400000,300000,10300000,3300000,approved
85,3, Not Graduate, Yes,3000000,8200000,16,713,5300000,5800000,11000000,3400000,approved
86,2, Graduate, No,6800000,21200000,16,439,17100000,4700000,23300000,3600000,rejected
87,5, Not Graduate, Yes,1100000,3800000,18,387,1300000,1200000,3800000,1600000,rejected
88,1, Not Graduate, Yes,8700000,28300000,8,402,20400000,13600000,27900000,10200000,rejected
89,4, Graduate, Yes,2000000,8000000,6,837,5100000,2600000,3900000,2900000,approved
90,2, Not Graduate, No,9800000,37600000,10,641,24100000,0,23400000,7600000,approved
91,4, Graduate, No,5700000,21100000,18,489,500000,4300000,12500000,6000000,rejected
92,4, Graduate, No,8800000,20700000,18,540,19200000,3200000,22400000,12700000,rejected
93,4, Graduate, No,3800000,8900000,4,844,9100000,3500000,13100000,4700000,approved
94,1, Graduate, No,1700000,6400000,10,452,900000,1100000,5600000,2100000,rejected
95,2, Graduate, No,1000000,2000000,10,366,1200000,400000,3200000,1300000,rejected
96,5, Graduate, No,300000,1100000,2,300,100000,500000,700000,400000,approved
97,2, Graduate, Yes,6600000,15000000,18,470,1200000,4800000,18200000,7000000,rejected
98,2, Not Graduate, No,8700000,25000000,20,861,14700000,8500000,23200000,7300000,approved
99,4, Graduate, No,9400000,29400000,12,562,25900000,15200000,36400000,7100000,approved
100,0, Graduate, No,4400000,10800000,14,463,2400000,4800000,13800000,4700000,rejected
101,4, Not Graduate, No,400000,900000,12,478,700000,100000,1200000,100000,rejected
102,2, Not Graduate, Yes,300000,1100000,2,702,300000,200000,500000,200000,approved
103,2, Not Graduate, Yes,4300000,12900000,20,618,11400000,3600000,11400000,2400000,approved
104,4, Graduate, No,1600000,4500000,12,633,700000,1700000,4100000,1900000,approved
105,5, Not Graduate, Yes,6200000,23600000,10,331,18500000,10300000,23800000,8700000,rejected
106,3, Not Graduate, Yes,4200000,9700000,16,841,7800000,300000,16700000,5100000,approved
107,4, Not Graduate, Yes,9000000,18100000,12,764,600000,16500000,20800000,11600000,approved
108,0, Graduate, No,2700000,10600000,6,591,1300000,2700000,9900000,1800000,approved
109,1, Graduate, Yes,9700000,35900000,2,719,19600000,7600000,20400000,10900000,approved
110,2, Graduate, No,3300000,6800000,14,317,3400000,300000,11700000,3600000,rejected
111,0, Not Graduate, No,300000,1100000,8,778,800000,200000,900000,100000,approved
112,3, Graduate, Yes,7400000,18200000,14,302,5600000,3100000,17900000,5000000,rejected
113,5, Not Graduate, No,7100000,19700000,8,502,7300000,5600000,25300000,9800000,rejected
114,5, Not Graduate, Yes,7300000,22100000,18,879,19500000,10600000,19300000,9800000,approved
115,1, Not Graduate, No,8400000,23400000,14,437,15400000,5800000,33400000,8100000,rejected
116,0, Not Graduate, Yes,3300000,10800000,12,797,600000,6000000,7700000,3300000,approved
117,4, Not Graduate, Yes,5800000,23200000,18,456,16100000,4200000,22600000,7500000,rejected
118,0, Not Graduate, No,600000,1600000,6,647,1500000,600000,1500000,700000,approved
119,0, Not Graduate, No,7200000,15800000,12,379,12700000,12200000,21500000,3600000,rejected
120,1, Not Graduate, Yes,9100000,32900000,2,717,2200000,2000000,23600000,5900000,approved
121,5, Graduate, No,900000,2300000,16,545,100000,200000,2700000,800000,rejected
122,2, Graduate, No,800000,3200000,8,317,300000,1000000,2000000,900000,rejected
123,1, Not Graduate, No,8500000,32900000,10,570,5100000,6200000,20500000,5500000,approved
124,0, Not Graduate, Yes,9000000,18700000,18,865,26800000,0,20900000,11300000,approved
125,3, Graduate, No,7000000,19500000,14,719,12200000,10300000,18200000,10200000,approved
126,3, Graduate, No,200000,600000,16,821,400000,100000,500000,100000,approved
127,4, Not Graduate, Yes,400000,800000,10,859,900000,500000,800000,200000,approved
128,3, Not Graduate, No,5100000,18200000,10,395,100000,8000000,15500000,6300000,rejected
129,2, Not Graduate, Yes,700000,2600000,12,429,1600000,1300000,2700000,800000,rejected
130,3, Graduate, No,400000,1200000,12,861,200000,600000,1100000,200000,approved
131,0, Not Graduate, Yes,9500000,20800000,14,565,15100000,11900000,33900000,13400000,approved
132,5, Graduate, No,8800000,22600000,10,357,7900000,8600000,18200000,4900000,rejected
133,3, Not Graduate, Yes,1800000,3600000,18,465,600000,500000,5400000,2600000,rejected
134,4, Not Graduate, Yes,6800000,13900000,8,479,11700000,9100000,25700000,9600000,rejected
135,3, Not Graduate, No,1500000,5500000,16,717,2100000,800000,4400000,1300000,approved
136,3, Graduate, No,1600000,5500000,12,425,600000,800000,5400000,900000,rejected
137,2, Not Graduate, No,4600000,16700000,2,786,200000,5900000,13900000,6100000,approved
138,5, Not Graduate, Yes,2200000,6700000,6,382,4400000,1300000,8600000,1100000,rejected
139,3, Not Graduate, Yes,2900000,8500000,12,564,1000000,3100000,7500000,1800000,approved
140,0, Graduate, No,200000,700000,8,501,500000,200000,700000,100000,rejected
141,2, Not Graduate, Yes,2500000,9400000,10,727,6600000,4100000,9500000,3300000,approved
142,4, Not Graduate, No,3600000,7500000,6,894,1100000,6500000,7400000,2800000,approved
143,0, Graduate, Yes,5500000,16700000,18,829,5500000,1300000,12800000,5900000,approved
144,4, Not Graduate, No,6600000,17400000,20,506,2600000,10000000,25900000,7200000,rejected
145,2, Graduate, Yes,8600000,32100000,6,802,9400000,16700000,24500000,9800000,approved
146,5, Not Graduate, No,600000,1500000,14,543,300000,900000,2100000,300000,rejected
147,3, Graduate, Yes,1400000,3200000,20,772,2400000,900000,5100000,1600000,approved
148,3, Graduate, No,4000000,11100000,12,572,9700000,100000,12500000,2400000,approved
149,0, Not Graduate, Yes,4900000,11900000,16,709,14600000,900000,18500000,3800000,approved
150,5, Graduate, No,2000000,6200000,18,402,4000000,2100000,7200000,1100000,rejected
151,1, Not Graduate, Yes,5200000,19300000,8,481,14300000,9500000,18800000,4200000,rejected
152,5, Graduate, Yes,8900000,28800000,6,772,13600000,5500000,20400000,8400000,approved
153,1, Graduate, Yes,6500000,20600000,2,306,15900000,1900000,18100000,3200000,approved
154,2, Not Graduate, No,1300000,4500000,6,415,0,900000,2900000,1200000,rejected
155,3, Not Graduate, No,9400000,35000000,16,548,18200000,4400000,36100000,4800000,rejected
156,5, Not Graduate, No,5000000,11200000,8,701,9100000,500000,14000000,4600000,approved
157,2, Graduate, No,3000000,7700000,12,890,4700000,4300000,8400000,2100000,approved
158,5, Not Graduate, Yes,9900000,33300000,6,364,5300000,18700000,27800000,8300000,rejected
159,5, Graduate, Yes,700000,1300000,20,704,1600000,0,2200000,600000,approved
160,3, Graduate, Yes,4000000,10600000,10,318,1500000,5100000,8000000,4900000,rejected
161,5, Not Graduate, No,3100000,9600000,2,761,5800000,1800000,10400000,4200000,approved
162,4, Not Graduate, No,4500000,15100000,6,693,3700000,1500000,17800000,6000000,approved
163,3, Not Graduate, No,9700000,20600000,16,524,24200000,11100000,27400000,6100000,rejected
164,2, Not Graduate, Yes,2000000,5300000,10,681,4900000,1400000,4300000,2900000,approved
165,2, Graduate, Yes,8100000,22300000,18,737,22300000,12600000,27000000,7300000,approved
166,0, Not Graduate, No,5700000,15900000,16,638,100000,9500000,16300000,4500000,approved
167,4, Not Graduate, No,5800000,12800000,2,656,500000,5000000,16000000,2800000,approved
168,1, Graduate, No,1800000,6500000,6,540,2500000,3200000,5000000,1100000,rejected
169,4, Not Graduate, Yes,9100000,35200000,6,341,1000000,300000,23100000,8200000,rejected
170,0, Not Graduate, Yes,4800000,17500000,2,371,11700000,6800000,18700000,3500000,approved
171,3, Not Graduate, Yes,3800000,10500000,12,886,4000000,500000,14900000,2300000,approved
172,0, Not Graduate, No,1900000,4100000,18,801,400000,800000,4800000,1200000,approved
173,3, Not Graduate, Yes,3600000,9500000,16,748,7700000,2400000,9700000,2600000,approved
174,2, Not Graduate, Yes,7400000,28200000,8,376,21900000,5000000,17400000,5200000,rejected
175,4, Not Graduate, Yes,6600000,14300000,8,371,10800000,9500000,18500000,7400000,rejected
176,2, Graduate, No,1800000,5300000,6,826,4500000,700000,6500000,1300000,approved
177,4, Not Graduate, No,9200000,27200000,12,873,4500000,1800000,33800000,11400000,approved
178,5, Not Graduate, Yes,2400000,8600000,8,309,500000,600000,5700000,2800000,rejected
179,4, Not Graduate, No,5600000,13300000,20,869,3300000,7500000,20000000,6500000,approved
180,5, Graduate, No,3800000,13900000,12,534,4700000,2900000,8200000,2800000,rejected
181,3, Not Graduate, Yes,4500000,17900000,6,787,9800000,3600000,14300000,4200000,approved
182,0, Graduate, Yes,900000,2200000,16,566,100000,700000,2000000,600000,approved
183,0, Not Graduate, No,2800000,9900000,8,742,4900000,1300000,6700000,1700000,approved
184,2, Not Graduate, No,7500000,23100000,4,824,12100000,10900000,26300000,9500000,approved
185,4, Graduate, No,1400000,3100000,14,575,3000000,2100000,4900000,1400000,approved
186,2, Graduate, Yes,3800000,10900000,10,766,1900000,3900000,8600000,3000000,approved
187,1, Not Graduate, Yes,1700000,5000000,10,888,2900000,900000,4100000,2200000,approved
188,3, Graduate, Yes,9000000,30400000,6,638,16800000,11000000,26900000,9200000,approved
189,5, Not Graduate, Yes,7300000,23300000,6,622,7100000,11600000,26400000,10500000,approved
190,1, Not Graduate, No,7400000,19800000,18,458,12600000,6200000,27700000,4000000,rejected
191,1, Not Graduate, No,9000000,28200000,16,327,1700000,2300000,24000000,11200000,rejected
192,0, Not Graduate, No,3000000,6500000,2,612,8800000,3400000,6700000,1700000,approved
193,1, Graduate, No,800000,2900000,8,682,2200000,1100000,2900000,700000,approved
194,2, Graduate, No,4800000,13200000,2,583,13700000,5800000,9500000,5200000,approved
195,5, Not Graduate, No,6400000,18300000,8,697,10000000,3600000,22500000,3600000,approved
196,3, Graduate, No,9200000,27100000,12,306,5800000,11500000,28000000,9600000,rejected
197,4, Not Graduate, Yes,400000,1500000,2,669,-100000,600000,900000,500000,approved
198,2, Not Graduate, No,2800000,6000000,18,816,6300000,4200000,8000000,3400000,approved
199,4, Not Graduate, Yes,8500000,28900000,20,455,15200000,5800000,22500000,9400000,rejected
200,3, Graduate, Yes,4700000,16400000,10,318,11400000,8100000,16200000,4300000,rejected
201,4, Not Graduate, Yes,9800000,21200000,20,355,22000000,8900000,31800000,14400000,rejected
202,2, Not Graduate, Yes,3800000,8900000,16,389,200000,5600000,12200000,2200000,rejected
203,2, Graduate, No,500000,1500000,2,888,1500000,300000,1500000,600000,approved
204,2, Graduate, Yes,6900000,15600000,6,352,13000000,5300000,22600000,10000000,rejected
205,4, Not Graduate, Yes,9600000,30100000,12,870,300000,6700000,38200000,5600000,approved
206,3, Not Graduate, No,2900000,6500000,18,827,8300000,600000,10400000,3200000,approved
207,2, Graduate, No,9800000,20900000,12,768,3400000,10200000,38600000,13400000,approved
208,0, Graduate, No,7100000,15400000,18,707,10300000,10800000,19600000,5800000,approved
209,1, Not Graduate, Yes,7700000,19100000,10,355,11300000,4900000,21900000,6600000,rejected
210,3, Graduate, No,1400000,3300000,2,652,100000,2100000,3500000,1900000,approved
211,3, Graduate, No,7800000,15900000,2,665,14400000,900000,27200000,5400000,approved
212,5, Not Graduate, Yes,1700000,6000000,18,420,500000,1600000,3700000,2300000,rejected
213,2, Not Graduate, No,8500000,32700000,18,471,12600000,9400000,33900000,12500000,rejected
214,5, Not Graduate, No,1900000,7500000,20,715,5100000,2800000,6500000,2800000,approved
215,2, Not Graduate, Yes,6700000,15200000,10,689,0,8200000,15000000,6800000,approved
216,3, Graduate, Yes,6900000,16400000,4,787,11100000,6100000,26400000,3800000,approved
217,2, Graduate, No,2600000,7800000,4,819,3100000,4300000,5700000,1500000,approved
218,4, Graduate, Yes,9600000,21100000,6,809,16100000,9500000,34700000,8700000,approved
219,1, Not Graduate, Yes,6800000,17000000,2,744,15500000,3900000,23700000,3500000,approved
220,0, Not Graduate, No,3200000,11300000,6,484,3500000,5500000,8500000,2100000,rejected
221,4, Not Graduate, No,2900000,10400000,6,673,5100000,1700000,10600000,1700000,approved
222,3, Graduate, Yes,7900000,21200000,18,695,13800000,10600000,21800000,4900000,approved
223,4, Not Graduate, Yes,3900000,12400000,12,473,6400000,4700000,13100000,3800000,rejected
224,4, Graduate, Yes,4600000,11000000,2,491,9000000,4000000,16100000,3500000,rejected
225,3, Not Graduate, Yes,700000,1700000,8,733,1200000,800000,2400000,500000,approved
226,0, Not Graduate, No,5200000,15600000,20,434,14100000,5800000,18100000,5500000,rejected
227,3, Not Graduate, Yes,5900000,20600000,10,777,1900000,4600000,21200000,6400000,approved
228,4, Graduate, No,7200000,19100000,4,774,9400000,7000000,17900000,3600000,approved
229,1, Not Graduate, Yes,8700000,27000000,10,717,25500000,8600000,17500000,9100000,approved
230,3, Not Graduate, Yes,1100000,3500000,12,503,3000000,400000,2200000,1200000,rejected
231,1, Graduate, Yes,4000000,10900000,14,598,3600000,6600000,13600000,4400000,approved
232,2, Graduate, No,9800000,32400000,2,543,24200000,17500000,25700000,7700000,approved
233,0, Not Graduate, Yes,2700000,6800000,20,796,700000,4200000,7000000,1900000,approved
234,3, Not Graduate, Yes,8800000,34600000,8,386,14800000,16500000,18400000,6000000,rejected
235,5, Not Graduate, Yes,3300000,7800000,16,632,8500000,500000,7100000,4900000,approved
236,1, Graduate, Yes,6900000,23400000,4,481,18700000,1100000,23400000,10200000,approved
237,3, Graduate, Yes,900000,3500000,4,770,700000,0,2000000,600000,rejected
238,3, Graduate, Yes,4100000,15500000,6,667,2800000,1600000,14700000,4000000,approved
239,3, Not Graduate, Yes,4700000,17500000,8,585,1200000,3100000,9600000,4900000,approved
240,5, Graduate, Yes,3400000,11600000,16,479,9200000,5700000,11200000,2400000,rejected
241,2, Graduate, No,9600000,22500000,18,851,7400000,16200000,24300000,12700000,approved
242,3, Not Graduate, Yes,7000000,16200000,6,378,20000000,12600000,20300000,5500000,rejected
243,5, Graduate, No,5700000,12900000,18,807,4100000,900000,18600000,5500000,approved
244,1, Not Graduate, Yes,8200000,32400000,18,831,22800000,12300000,17700000,7800000,approved
245,2, Not Graduate, No,2100000,5100000,12,674,2200000,3200000,6400000,2400000,approved
246,1, Not Graduate, Yes,8000000,28100000,18,725,1900000,12800000,23000000,7500000,approved
247,2, Not Graduate, No,8000000,29300000,4,600,16500000,13200000,29400000,6500000,approved
248,0, Not Graduate, Yes,9400000,27000000,10,536,4400000,1700000,33800000,4800000,rejected
249,0, Graduate, No,8400000,20600000,10,477,1500000,1500000,25000000,11900000,rejected
250,1, Not Graduate, Yes,1900000,5000000,6,560,1000000,1900000,6300000,1400000,approved
251,0, Not Graduate, Yes,4200000,16400000,20,539,9500000,2100000,11400000,3100000,rejected
252,5, Graduate, No,2600000,9100000,8,852,3700000,700000,10300000,3300000,approved
253,3, Not Graduate, No,3700000,8500000,20,853,8300000,5700000,7500000,4900000,approved
254,0, Graduate, No,8800000,30900000,12,729,1700000,700000,25700000,11400000,approved
255,2, Not Graduate, No,2100000,4700000,2,546,6000000,3200000,5700000,1500000,rejected
256,3, Graduate, Yes,900000,2400000,10,489,800000,0,2800000,500000,rejected
257,3, Graduate, Yes,9800000,35400000,6,869,14400000,16400000,22800000,10300000,approved
258,2, Not Graduate, No,8000000,20000000,2,502,4100000,2200000,31600000,9900000,rejected
259,0, Graduate, No,9800000,38800000,8,652,23200000,19000000,29700000,5400000,approved
260,0, Not Graduate, Yes,300000,1100000,8,789,400000,100000,800000,400000,approved
261,4, Not Graduate, No,2700000,8100000,4,325,5000000,800000,9900000,3400000,approved
262,3, Graduate, Yes,7400000,19600000,2,716,4100000,8900000,29100000,4200000,approved
263,3, Graduate, No,9200000,34300000,18,523,25600000,4000000,29100000,8800000,rejected
264,5, Not Graduate, No,9500000,22200000,20,352,24500000,0,30800000,7000000,rejected
265,5, Graduate, Yes,3800000,14400000,2,345,3300000,800000,13000000,4700000,approved
266,0, Graduate, No,8300000,19400000,18,649,2500000,16100000,24300000,11300000,approved
267,2, Graduate, Yes,2800000,7400000,18,666,100000,2300000,6300000,3400000,approved
268,0, Graduate, No,8600000,20900000,10,813,11300000,11900000,26000000,4800000,approved
269,0, Not Graduate, No,5400000,16800000,10,599,5300000,7400000,14500000,7600000,approved
270,5, Graduate, Yes,4200000,9400000,6,678,4700000,5500000,9900000,5700000,approved
271,5, Not Graduate, No,5200000,12200000,20,513,13400000,2000000,16800000,5400000,rejected
272,5, Graduate, No,9400000,27900000,4,870,1100000,200000,29500000,10400000,approved
273,3, Graduate, No,8800000,20400000,8,483,3200000,11400000,28200000,11800000,rejected
274,1, Graduate, Yes,5900000,16700000,16,308,5800000,8800000,19100000,5300000,rejected
275,3, Graduate, Yes,1700000,4900000,16,591,4700000,1000000,4300000,1400000,approved
276,1, Not Graduate, No,7000000,23000000,10,886,14000000,3700000,26700000,3600000,approved
277,4, Not Graduate, No,1700000,4000000,6,829,0,1600000,5200000,1700000,approved
278,0, Not Graduate, No,1500000,4900000,12,651,1600000,2800000,4600000,800000,approved
279,4, Not Graduate, No,2000000,4700000,18,733,3700000,3700000,7000000,2800000,approved
280,5, Graduate, Yes,3900000,15500000,12,433,9500000,5400000,7900000,4600000,rejected
281,1, Graduate, Yes,900000,3600000,14,713,1300000,1000000,1800000,1200000,approved
282,1, Graduate, No,6900000,22500000,18,403,800000,8400000,16900000,6300000,rejected
283,0, Graduate, Yes,2800000,7800000,10,405,7800000,2500000,7100000,3400000,rejected
284,3, Graduate, Yes,6800000,19900000,10,516,16000000,6000000,26000000,8500000,rejected
285,4, Not Graduate, Yes,600000,1800000,8,417,1700000,700000,1800000,800000,rejected
286,1, Not Graduate, No,4700000,14000000,6,468,11300000,1800000,10600000,4600000,rejected
287,5, Graduate, Yes,3000000,11800000,10,672,8700000,3600000,9800000,4100000,approved
288,5, Not Graduate, No,4000000,13900000,6,530,6000000,5600000,12500000,6000000,rejected
289,1, Not Graduate, Yes,3100000,11300000,14,824,3700000,6000000,11000000,4400000,approved
290,1, Not Graduate, Yes,7700000,25500000,12,549,18100000,10600000,20500000,7000000,rejected
291,5, Not Graduate, Yes,4300000,9300000,10,450,2100000,6700000,10000000,4100000,rejected
292,1, Graduate, Yes,5800000,19500000,20,431,13800000,5000000,15600000,3300000,rejected
293,3, Graduate, Yes,3600000,10700000,16,312,2300000,1600000,13100000,5200000,rejected
294,0, Not Graduate, Yes,2900000,7600000,8,320,8000000,5600000,9600000,3100000,rejected
295,0, Graduate, No,8800000,20200000,4,433,16000000,4200000,30500000,12400000,rejected
296,1, Not Graduate, Yes,300000,1000000,10,431,400000,500000,900000,100000,rejected
297,5, Not Graduate, Yes,8600000,28900000,8,516,9900000,1800000,30200000,6800000,rejected
298,2, Not Graduate, Yes,3500000,12000000,14,476,1100000,6800000,12400000,2900000,rejected
299,5, Graduate, No,800000,2600000,6,560,100000,200000,3000000,1000000,approved
300,2, Graduate, No,8000000,27100000,12,674,14400000,400000,25300000,6400000,approved
301,0, Not Graduate, Yes,9900000,38200000,6,573,17200000,10000000,20100000,5900000,approved
302,2, Not Graduate, No,3300000,6600000,6,331,6300000,2000000,8900000,2700000,rejected
303,4, Graduate, Yes,2000000,6700000,12,633,100000,800000,4800000,2000000,approved
304,3, Not Graduate, No,4900000,12900000,18,877,1800000,7000000,17900000,3300000,approved
305,5, Not Graduate, Yes,9200000,23600000,12,656,1400000,11200000,36400000,4900000,approved
306,0, Not Graduate, No,7500000,18200000,6,782,7400000,12000000,19800000,4100000,approved
307,5, Not Graduate, No,9000000,29300000,4,531,10400000,9500000,35500000,5800000,approved
308,3, Not Graduate, No,1400000,4100000,8,455,3000000,1400000,2900000,2100000,rejected
309,3, Graduate, No,9600000,19900000,14,452,4200000,16200000,28500000,6600000,rejected
310,2, Graduate, No,8400000,33200000,14,474,19600000,15000000,25400000,11500000,rejected
311,3, Not Graduate, No,6400000,24400000,4,483,7800000,2400000,19100000,4500000,approved
312,4, Graduate, No,5900000,16800000,8,481,6900000,11400000,19500000,3300000,rejected
313,2, Graduate, Yes,2200000,5100000,20,859,3800000,1200000,6400000,3100000,approved
314,4, Graduate, Yes,5600000,14100000,14,696,9000000,9200000,16500000,6800000,approved
315,4, Not Graduate, No,9800000,28700000,6,778,16600000,7400000,29700000,11100000,approved
316,4, Graduate, No,4400000,14600000,4,499,1300000,6500000,16100000,5700000,approved
317,2, Not Graduate, Yes,2400000,4900000,4,888,6400000,4300000,5100000,3400000,approved
318,1, Graduate, No,4400000,10800000,12,674,9600000,2700000,17200000,5300000,approved
319,4, Graduate, No,3700000,13200000,4,802,9800000,2400000,12500000,4300000,approved
320,4, Not Graduate, Yes,2300000,7800000,8,540,1500000,3400000,4700000,2800000,rejected
321,4, Graduate, Yes,5900000,19600000,8,726,17400000,6800000,20100000,8000000,approved
322,4, Not Graduate, Yes,6400000,23500000,2,485,7300000,2700000,23600000,3900000,approved
323,4, Graduate, Yes,4900000,17100000,6,612,1300000,7000000,19500000,5000000,approved
324,3, Not Graduate, Yes,9500000,24200000,8,879,3100000,17200000,26400000,12700000,approved
325,2, Not Graduate, No,5700000,16400000,12,708,3700000,800000,15000000,4400000,approved
326,2, Not Graduate, Yes,2700000,5700000,8,850,3500000,5000000,10500000,3900000,approved
327,2, Not Graduate, Yes,3900000,11300000,12,516,3100000,0,10400000,4600000,rejected
328,0, Not Graduate, No,7800000,28800000,12,465,4700000,7500000,28800000,7400000,rejected
329,0, Graduate, No,1100000,3200000,20,716,1800000,1400000,3600000,1500000,approved
330,4, Not Graduate, No,200000,600000,10,404,0,100000,400000,0,rejected
331,0, Not Graduate, Yes,4700000,10600000,20,512,8400000,4000000,12300000,7000000,rejected
332,3, Not Graduate, Yes,8200000,20600000,10,441,16100000,11400000,29100000,6100000,rejected
333,2, Not Graduate, Yes,4600000,18400000,2,555,7700000,2400000,14200000,4200000,approved
334,5, Not Graduate, No,1800000,7000000,18,466,2600000,2100000,6000000,1900000,rejected
335,3, Graduate, Yes,3200000,8600000,2,427,3900000,1800000,7100000,4700000,rejected
336,4, Not Graduate, Yes,5500000,20000000,14,593,15100000,2700000,19900000,4900000,approved
337,3, Graduate, No,7900000,18300000,10,731,4200000,3400000,22200000,8400000,approved
338,1, Graduate, Yes,4000000,10100000,16,451,7000000,3900000,14300000,3900000,rejected
339,3, Not Graduate, Yes,6800000,16900000,18,628,3600000,900000,15600000,4900000,approved
340,1, Not Graduate, No,2700000,9400000,18,704,5300000,2300000,6400000,2400000,approved
341,2, Not Graduate, No,6800000,23500000,12,341,19300000,11800000,14300000,8500000,rejected
342,5, Graduate, No,8600000,21000000,8,465,11700000,14900000,19500000,9900000,rejected
343,4, Graduate, No,8000000,30100000,4,431,11900000,13800000,18800000,11500000,approved
344,1, Graduate, Yes,3700000,12600000,10,424,5400000,1100000,14200000,4400000,rejected
345,0, Graduate, No,2600000,5100000,14,678,500000,1200000,6000000,3100000,approved
346,4, Graduate, No,4200000,16800000,6,381,9600000,3800000,14800000,5900000,rejected
347,5, Graduate, Yes,8000000,28000000,10,449,18500000,1500000,17400000,3900000,rejected
348,1, Not Graduate, No,7100000,23500000,12,768,6400000,12100000,22400000,7300000,approved
349,0, Not Graduate, No,2000000,7000000,6,666,0,1200000,4300000,1400000,rejected
350,4, Not Graduate, Yes,5800000,13300000,14,742,16100000,9300000,16300000,7000000,approved
351,3, Not Graduate, Yes,6700000,15800000,4,445,10500000,7600000,14100000,9100000,rejected
352,2, Graduate, No,7300000,28700000,14,634,5900000,3800000,21200000,10800000,approved
353,4, Not Graduate, No,3300000,9700000,14,782,2500000,0,10400000,2200000,approved
354,0, Graduate, No,3000000,7000000,10,781,7200000,600000,11700000,2700000,approved
355,4, Not Graduate, No,7900000,17200000,14,318,14200000,9500000,23200000,9000000,rejected
356,5, Not Graduate, No,7600000,24100000,18,721,21900000,11500000,22900000,7200000,approved
357,5, Not Graduate, No,3700000,9800000,4,563,9500000,5100000,11200000,3000000,approved
358,2, Not Graduate, No,8400000,26300000,4,419,22900000,7900000,29200000,6200000,approved
359,0, Graduate, Yes,8200000,20800000,14,372,3800000,100000,26100000,5200000,rejected
360,0, Not Graduate, No,2900000,9500000,18,885,4300000,2300000,6500000,3500000,approved
361,1, Not Graduate, Yes,9900000,38400000,12,596,10000000,9300000,36500000,6800000,approved
362,0, Graduate, No,4400000,14100000,2,349,3300000,1300000,8800000,6200000,approved
363,1, Not Graduate, Yes,9000000,32200000,16,468,4500000,16400000,28600000,10900000,rejected
364,3, Not Graduate, Yes,6800000,26900000,16,818,14700000,10400000,26300000,7300000,approved
365,2, Not Graduate, No,8700000,28000000,12,543,16900000,6000000,22900000,6700000,rejected
366,3, Graduate, No,9400000,21900000,16,685,8100000,5600000,34500000,5000000,approved
367,3, Not Graduate, Yes,6000000,12500000,18,851,14600000,5000000,16800000,5000000,approved
368,1, Not Graduate, Yes,9400000,29800000,10,377,24100000,18500000,30900000,11700000,rejected
369,0, Not Graduate, Yes,1000000,4000000,10,620,2400000,1300000,3700000,1100000,approved
370,3, Graduate, Yes,900000,2300000,20,611,600000,1500000,1900000,500000,approved
371,4, Not Graduate, No,2100000,7700000,4,767,1200000,1700000,6900000,1300000,approved
372,5, Graduate, Yes,1100000,3200000,20,592,3200000,700000,3500000,500000,approved
373,0, Graduate, Yes,600000,2300000,4,319,1600000,800000,2300000,700000,approved
374,4, Not Graduate, Yes,9200000,25500000,10,900,9400000,10500000,27400000,12800000,approved
375,2, Not Graduate, Yes,3600000,12800000,18,814,8600000,4100000,10300000,4100000,approved
376,5, Not Graduate, Yes,1300000,5000000,10,755,2100000,2200000,4800000,1900000,approved
377,5, Graduate, Yes,7700000,16800000,20,584,8600000,4800000,23400000,8000000,approved
378,4, Graduate, Yes,9500000,23500000,14,380,22900000,6700000,25100000,7300000,rejected
379,2, Not Graduate, Yes,5000000,17600000,20,465,6200000,5200000,16500000,5200000,rejected
380,0, Not Graduate, No,500000,1800000,2,531,1300000,500000,1900000,700000,approved
381,1, Graduate, Yes,8300000,32100000,16,814,18500000,2700000,28900000,7500000,approved
382,0, Graduate, No,5300000,17900000,6,678,4700000,3900000,14400000,3600000,approved
383,2, Not Graduate, Yes,9300000,29000000,12,655,7900000,6800000,29900000,4900000,approved
384,3, Not Graduate, No,2300000,7400000,2,682,6500000,2400000,7600000,2100000,approved
385,1, Not Graduate, No,400000,1300000,6,695,200000,500000,800000,100000,approved
386,3, Not Graduate, No,3200000,10800000,4,833,2600000,1000000,8700000,2600000,approved
387,5, Not Graduate, Yes,9400000,35300000,16,302,4100000,12500000,37000000,12900000,rejected
388,1, Graduate, No,2300000,6600000,2,357,5900000,200000,6000000,2200000,rejected
389,5, Not Graduate, No,4300000,14500000,12,302,12500000,4300000,12500000,5100000,rejected
390,0, Graduate, Yes,6200000,22400000,18,873,15700000,6600000,15800000,8200000,approved
391,0, Not Graduate, Yes,7200000,19800000,12,658,12700000,8100000,25000000,7300000,approved
392,5, Graduate, Yes,2400000,8700000,18,877,2800000,2900000,7100000,1100000,approved
393,3, Not Graduate, No,2900000,6300000,8,648,3400000,3400000,7600000,1400000,approved
394,1, Graduate, No,1400000,5200000,12,730,2900000,0,3700000,700000,approved
395,4, Not Graduate, Yes,2200000,8200000,14,737,5800000,2800000,8200000,1400000,approved
396,2, Graduate, Yes,800000,3200000,10,584,0,200000,2100000,700000,rejected
397,0, Graduate, No,600000,1700000,2,621,400000,400000,2000000,200000,approved
398,4, Graduate, Yes,700000,2700000,16,583,1100000,1200000,1400000,300000,approved
399,2, Not Graduate, No,8400000,25900000,16,621,8600000,13400000,33500000,4200000,approved
400,2, Not Graduate, No,7100000,21500000,16,610,5800000,12100000,14200000,9300000,approved
401,4, Graduate, No,5400000,15700000,18,452,13700000,2600000,16500000,6600000,rejected
402,5, Graduate, No,3700000,7300000,18,339,9300000,100000,13900000,5300000,rejected
403,3, Graduate, Yes,5200000,15200000,16,650,1300000,5700000,13500000,4100000,approved
404,4, Not Graduate, Yes,200000,700000,10,672,200000,200000,300000,300000,approved
405,3, Graduate, No,500000,1000000,20,501,800000,800000,900000,200000,rejected
406,2, Not Graduate, Yes,1800000,5700000,4,809,1200000,1900000,6300000,2400000,approved
407,5, Graduate, Yes,9200000,29400000,8,318,18000000,5900000,33800000,5400000,rejected
408,4, Not Graduate, No,900000,3300000,10,649,0,400000,1800000,1200000,approved
409,3, Not Graduate, No,7500000,28300000,12,367,9200000,11300000,22700000,7000000,rejected
410,5, Not Graduate, No,3000000,11800000,6,847,8200000,2200000,7100000,2300000,approved
411,5, Graduate, No,7100000,18900000,12,360,10700000,1100000,19800000,8500000,rejected
412,1, Graduate, Yes,3500000,7200000,2,865,4100000,3200000,11900000,4200000,approved
413,4, Not Graduate, No,4900000,18800000,16,880,4200000,4700000,13200000,2600000,approved
414,1, Graduate, No,4100000,8400000,20,608,1400000,8000000,10000000,4400000,approved
415,0, Graduate, Yes,800000,2100000,6,760,300000,100000,1600000,600000,approved
416,3, Graduate, Yes,1700000,4600000,12,385,1500000,1300000,5200000,1700000,rejected
417,0, Graduate, Yes,6100000,23300000,12,478,3800000,2300000,17700000,4900000,rejected
418,1, Graduate, Yes,2100000,7700000,16,327,5000000,500000,4700000,2300000,rejected
419,0, Graduate, No,3100000,9300000,6,663,1300000,1400000,8100000,3800000,approved
420,2, Not Graduate, Yes,1700000,3500000,20,693,2200000,1400000,4800000,1700000,approved
421,3, Graduate, No,1700000,5400000,6,710,4800000,700000,5800000,1700000,approved
422,4, Not Graduate, Yes,4000000,14500000,6,711,2400000,5700000,10900000,4100000,approved
423,5, Graduate, No,5600000,18400000,8,386,11300000,6700000,11300000,5600000,rejected
424,4, Graduate, Yes,3900000,11900000,10,855,10200000,4000000,10200000,2800000,approved
425,4, Graduate, Yes,6100000,15300000,14,573,1100000,9900000,13300000,8400000,approved
426,0, Graduate, Yes,1100000,2800000,18,431,500000,300000,4300000,1400000,rejected
427,2, Graduate, No,5500000,14800000,8,364,13000000,4500000,12600000,4500000,rejected
428,4, Graduate, Yes,1100000,3600000,14,711,2500000,500000,3600000,600000,approved
429,4, Not Graduate, Yes,400000,900000,20,771,1000000,500000,1600000,500000,approved
430,3, Graduate, No,9200000,36400000,18,669,3100000,12700000,30900000,12300000,approved
431,4, Not Graduate, Yes,9300000,27500000,18,338,21500000,500000,34900000,6600000,rejected
432,1, Graduate, No,1100000,3500000,8,562,2300000,1200000,3200000,500000,approved
433,3, Not Graduate, No,5600000,18700000,2,769,8000000,8200000,17300000,4800000,approved
434,0, Graduate, Yes,6300000,21500000,8,629,600000,3400000,22000000,5200000,approved
435,3, Graduate, No,8800000,18100000,6,699,6400000,2100000,18500000,9400000,approved
436,0, Not Graduate, No,8400000,20800000,20,590,5100000,8900000,32100000,10800000,approved
437,3, Graduate, Yes,1600000,5700000,4,707,3300000,2700000,6200000,2300000,approved
438,3, Not Graduate, Yes,4500000,11400000,8,391,8500000,6800000,9900000,4500000,rejected
439,5, Not Graduate, No,6500000,18500000,4,891,13600000,3300000,23600000,7100000,approved
440,3, Graduate, Yes,9500000,20600000,2,731,13400000,3800000,20700000,9200000,approved
441,3, Not Graduate, No,4700000,16700000,12,775,4000000,1700000,17300000,3500000,approved
442,5, Graduate, Yes,9600000,32400000,2,897,3500000,15400000,26800000,6200000,approved
443,5, Graduate, No,8000000,26700000,20,794,8000000,14700000,29900000,7800000,approved
444,2, Graduate, No,7700000,16700000,6,555,12900000,2900000,18100000,8500000,approved
445,1, Not Graduate, Yes,3600000,10300000,12,536,6800000,500000,12200000,2700000,rejected
446,2, Not Graduate, No,700000,1700000,10,839,100000,700000,2000000,900000,approved
447,0, Graduate, Yes,1400000,5100000,6,890,4100000,1900000,5200000,1900000,approved
448,1, Graduate, Yes,8600000,27900000,20,415,12200000,14800000,27100000,7900000,rejected
449,4, Graduate, No,4700000,15700000,4,868,3300000,2500000,13800000,4800000,approved
450,3, Graduate, Yes,2900000,5800000,12,353,8400000,2600000,10100000,3100000,rejected
451,4, Not Graduate, No,9000000,29000000,16,590,4600000,15600000,29200000,12300000,approved
452,5, Graduate, Yes,500000,900000,18,618,1400000,600000,1200000,400000,approved
453,2, Not Graduate, Yes,700000,1700000,10,539,1400000,1000000,1900000,900000,rejected
454,0, Graduate, No,6800000,27000000,4,429,17100000,7600000,21400000,9400000,approved
455,2, Graduate, No,1800000,4700000,8,792,4500000,1200000,4100000,2200000,approved
456,0, Not Graduate, No,6000000,12400000,2,608,3000000,2100000,17900000,6800000,approved
457,4, Graduate, Yes,5400000,21500000,14,555,4300000,1500000,14300000,7500000,approved
458,5, Graduate, Yes,8400000,17500000,12,620,15300000,13600000,26000000,5800000,approved
459,0, Graduate, No,7400000,20900000,6,635,15600000,14000000,21000000,7200000,approved
460,2, Graduate, No,3200000,12500000,10,457,6100000,2000000,8200000,4300000,rejected
461,1, Graduate, Yes,5400000,21400000,8,350,2600000,1000000,19700000,6800000,rejected
462,5, Graduate, Yes,1000000,2500000,14,885,2200000,100000,2300000,1100000,approved
463,0, Graduate, No,4400000,14700000,16,638,4000000,2700000,14400000,2700000,approved
464,1, Graduate, Yes,3800000,10500000,12,710,1800000,6200000,12500000,2500000,approved
465,3, Not Graduate, Yes,6100000,20900000,18,470,500000,8500000,18000000,7500000,rejected
466,5, Not Graduate, Yes,5500000,17300000,16,874,1000000,2900000,13700000,7900000,approved
467,5, Not Graduate, Yes,500000,1800000,18,411,1000000,500000,1300000,200000,rejected
468,0, Not Graduate, Yes,300000,1100000,2,482,200000,100000,1100000,400000,approved
469,1, Graduate, Yes,6200000,16900000,2,396,10600000,7500000,23700000,7600000,rejected
470,0, Not Graduate, No,300000,900000,20,436,0,400000,600000,200000,rejected
471,0, Not Graduate, Yes,6900000,22100000,20,303,13600000,4600000,22000000,6900000,rejected
472,4, Graduate, No,3700000,11400000,12,728,4200000,5800000,7300000,2300000,approved
473,3, Not Graduate, Yes,8800000,28600000,10,775,5200000,5000000,32000000,9600000,approved
474,5, Graduate, Yes,8200000,23500000,12,402,15100000,1500000,24300000,5800000,rejected
475,1, Not Graduate, Yes,9200000,31500000,18,698,5300000,6100000,20400000,8300000,approved
476,0, Not Graduate, No,2400000,7800000,14,665,5200000,2900000,6200000,2900000,approved
477,4, Not Graduate, No,4100000,13500000,18,490,4700000,6200000,13900000,2000000,rejected
478,1, Graduate, No,8000000,31900000,12,504,23800000,1500000,22100000,6000000,rejected
479,3, Not Graduate, Yes,3600000,8600000,8,790,5400000,5900000,9800000,5200000,approved
480,1, Not Graduate, Yes,700000,2700000,20,669,100000,1000000,2600000,500000,approved
481,4, Not Graduate, No,8300000,30700000,6,381,21700000,2300000,26700000,4600000,rejected
482,0, Graduate, Yes,5300000,15000000,2,900,1700000,2100000,21000000,5800000,approved
483,4, Graduate, No,8300000,24900000,16,506,15400000,5600000,26700000,7000000,rejected
484,3, Not Graduate, Yes,2500000,8800000,12,538,4900000,1800000,9100000,3300000,rejected
485,3, Graduate, Yes,5400000,14400000,8,677,11000000,7900000,20800000,3100000,approved
486,4, Graduate, No,1600000,4900000,8,685,3200000,2000000,3800000,1500000,approved
487,2, Not Graduate, No,2400000,6200000,12,860,4900000,3700000,9500000,1100000,approved
488,5, Not Graduate, No,6300000,14800000,6,608,16100000,10500000,21800000,5400000,approved
489,4, Graduate, Yes,2500000,5300000,10,540,2300000,2800000,7100000,1700000,rejected
490,0, Graduate, Yes,7500000,16800000,16,492,21500000,4800000,25400000,11100000,rejected
491,3, Not Graduate, No,2900000,8500000,14,834,1200000,4500000,8800000,1800000,approved
492,3, Graduate, Yes,1000000,3500000,16,834,800000,1700000,3000000,700000,approved
493,2, Graduate, Yes,8600000,28800000,8,890,23300000,5900000,21200000,7200000,approved
494,1, Not Graduate, No,300000,1100000,12,443,600000,400000,1200000,200000,rejected
495,5, Not Graduate, No,2300000,5700000,18,329,5600000,3300000,4900000,2700000,rejected
496,2, Not Graduate, Yes,2400000,5400000,12,739,300000,2500000,5000000,3000000,approved
497,5, Graduate, Yes,9800000,30300000,6,867,20800000,16000000,30200000,7600000,approved
498,2, Not Graduate, No,8100000,24800000,6,307,200000,4000000,31100000,10500000,rejected
499,3, Graduate, No,6700000,15500000,18,492,2100000,2000000,26300000,9400000,rejected
500,1, Not Graduate, Yes,8400000,24700000,18,698,23000000,13200000,32700000,12200000,approved
501,2, Graduate, No,200000,700000,8,851,400000,200000,800000,200000,approved
502,2, Graduate, No,4700000,12500000,14,375,1300000,6300000,10100000,5400000,rejected
503,0, Graduate, Yes,4300000,14300000,14,601,3800000,900000,16700000,5700000,approved
504,4, Not Graduate, No,2200000,7000000,20,756,3600000,3900000,5700000,1200000,approved
505,4, Graduate, Yes,8600000,19200000,4,868,20400000,1500000,32800000,9300000,approved
506,4, Graduate, Yes,2000000,7200000,10,838,2500000,300000,7600000,1000000,approved
507,4, Not Graduate, Yes,4200000,15900000,14,375,7200000,7900000,16200000,3000000,rejected
508,0, Not Graduate, Yes,5100000,12500000,18,778,3300000,1000000,14800000,3200000,approved
509,2, Graduate, Yes,4100000,11200000,6,442,12200000,4100000,10000000,4500000,rejected
510,1, Graduate, Yes,9900000,39500000,12,808,11800000,3700000,30200000,13500000,approved
511,1, Not Graduate, Yes,3200000,9000000,20,372,2700000,2800000,7200000,3800000,rejected
512,2, Graduate, No,5500000,19000000,4,597,1100000,4000000,18700000,5300000,approved
513,0, Graduate, Yes,7800000,29100000,20,435,21100000,13000000,17300000,9700000,rejected
514,3, Graduate, Yes,3400000,9700000,20,728,1500000,1500000,7300000,2400000,approved
515,4, Graduate, Yes,7900000,25900000,14,373,10900000,14300000,27700000,7600000,rejected
516,3, Graduate, Yes,8900000,18500000,10,367,6100000,0,32000000,10300000,rejected
517,2, Graduate, No,7300000,19100000,14,552,2000000,13400000,16800000,4000000,approved
518,4, Not Graduate, Yes,3300000,10600000,8,465,500000,4400000,7300000,2800000,rejected
519,4, Graduate, Yes,2900000,10500000,8,607,4400000,5500000,7600000,3800000,approved
520,2, Graduate, Yes,500000,1300000,4,427,1400000,500000,1800000,600000,rejected
521,3, Not Graduate, No,7200000,21200000,4,711,10800000,4200000,24900000,5700000,approved
522,3, Not Graduate, No,8300000,24100000,14,823,5900000,700000,24000000,7700000,approved
523,1, Not Graduate, Yes,8700000,20500000,6,523,19300000,6500000,23700000,4800000,rejected
524,4, Not Graduate, Yes,7100000,27900000,10,328,9000000,13400000,26500000,7700000,rejected
525,3, Graduate, Yes,9800000,28200000,12,721,15800000,6500000,21900000,9600000,approved
526,0, Graduate, Yes,6900000,17000000,20,599,18100000,9400000,26600000,4300000,approved
527,0, Not Graduate, No,2400000,5000000,14,580,5900000,4400000,5500000,3200000,approved
528,1, Not Graduate, Yes,2100000,4900000,10,744,200000,2000000,5400000,1000000,approved
529,2, Graduate, Yes,7200000,23900000,4,559,4200000,12200000,17800000,10800000,approved
530,2, Graduate, No,4600000,13500000,16,587,7700000,5900000,10600000,5000000,approved
531,5, Graduate, Yes,9900000,31800000,18,817,23400000,700000,32600000,11500000,approved
532,4, Not Graduate, Yes,300000,1000000,20,655,0,100000,1100000,400000,approved
533,5, Graduate, Yes,6900000,23900000,6,382,17100000,6900000,21500000,8900000,rejected
534,2, Graduate, Yes,1700000,4300000,6,765,5000000,1500000,3400000,900000,approved
535,2, Graduate, Yes,4400000,10000000,20,516,7400000,7600000,12200000,5100000,rejected
536,4, Not Graduate, Yes,4300000,15000000,8,383,4700000,100000,9000000,4900000,rejected
537,2, Not Graduate, No,3700000,14100000,6,633,800000,200000,11300000,3400000,approved
538,1, Graduate, No,5900000,15200000,2,547,17100000,2000000,14700000,3600000,rejected
539,5, Not Graduate, Yes,8600000,26300000,10,843,23300000,9800000,18100000,11300000,approved
540,3, Not Graduate, Yes,3400000,13200000,8,783,6500000,300000,13000000,4900000,approved
541,3, Not Graduate, Yes,1000000,3200000,14,790,1900000,100000,3600000,1100000,approved
542,1, Not Graduate, Yes,4400000,14200000,16,409,12700000,1300000,12600000,4500000,rejected
543,0, Not Graduate, No,3600000,7800000,14,376,9800000,6900000,11900000,3000000,rejected
544,3, Not Graduate, No,1400000,2700000,8,625,3100000,1800000,3400000,1000000,approved
545,0, Not Graduate, No,5300000,10900000,18,707,12900000,2600000,12700000,7600000,approved
546,3, Graduate, Yes,9400000,20500000,6,645,17400000,13000000,24500000,10200000,approved
547,4, Not Graduate, Yes,6600000,22100000,6,887,3600000,3500000,19800000,4700000,approved
548,5, Graduate, No,9800000,37600000,18,319,19200000,5100000,19900000,5100000,rejected
549,1, Not Graduate, No,1900000,4900000,20,647,4100000,2100000,6800000,1700000,approved
550,2, Not Graduate, Yes,5800000,22500000,6,888,11900000,2600000,17100000,4800000,approved
551,2, Not Graduate, No,3100000,10400000,10,420,6900000,5900000,10000000,3500000,rejected
552,0, Graduate, No,6800000,18400000,2,791,4000000,900000,20200000,9900000,approved
553,5, Not Graduate, No,4600000,16200000,12,891,5900000,1200000,10800000,3700000,approved
554,2, Not Graduate, Yes,200000,700000,16,641,600000,200000,600000,100000,approved
555,3, Not Graduate, Yes,9500000,22800000,6,319,200000,18800000,34100000,9400000,rejected
556,5, Not Graduate, Yes,6200000,22200000,20,819,13500000,6600000,21700000,8700000,approved
557,4, Not Graduate, Yes,9700000,32300000,18,387,11600000,14300000,20000000,5400000,rejected
558,5, Graduate, Yes,4200000,12300000,2,686,10500000,200000,15600000,4200000,approved
559,1, Graduate, Yes,5700000,12000000,4,415,15700000,900000,17300000,7400000,rejected
560,2, Graduate, Yes,200000,500000,6,885,-100000,0,300000,200000,rejected
561,4, Graduate, No,8000000,25500000,4,722,17200000,13900000,26200000,4900000,approved
562,4, Graduate, No,5200000,20400000,20,761,4700000,1600000,14300000,6200000,approved
563,1, Graduate, Yes,7100000,15200000,8,389,5900000,900000,24300000,5900000,rejected
564,1, Graduate, Yes,9300000,27900000,12,600,2100000,4200000,29000000,6600000,approved
565,5, Graduate, No,2000000,6100000,2,407,1900000,1900000,4600000,2000000,approved
566,3, Graduate, Yes,3900000,14000000,18,829,5200000,4000000,11600000,2700000,approved
567,2, Not Graduate, No,2800000,5900000,6,895,1000000,3900000,10900000,1500000,approved
568,5, Graduate, Yes,3000000,11100000,12,441,8500000,2500000,7300000,2000000,rejected
569,4, Not Graduate, No,4500000,9800000,16,895,9800000,8200000,13900000,5500000,approved
570,4, Graduate, No,1900000,4300000,4,826,2400000,0,7000000,900000,approved
571,1, Graduate, No,2300000,7200000,8,453,3000000,2100000,8100000,3400000,rejected
572,0, Graduate, No,4700000,17500000,2,701,5400000,2300000,11700000,7000000,approved
573,2, Not Graduate, Yes,1300000,2700000,8,627,100000,300000,2600000,1300000,approved
574,3, Graduate, No,3100000,11000000,2,543,5900000,2200000,9000000,2400000,approved
575,0, Graduate, No,8400000,17500000,18,411,13200000,5300000,31300000,10400000,rejected
576,5, Graduate, Yes,1700000,5800000,4,583,2000000,1800000,6000000,2300000,approved
577,2, Not Graduate, No,1900000,7500000,2,889,600000,1100000,7100000,2600000,approved
578,3, Not Graduate, No,2400000,8600000,8,684,3400000,2400000,6200000,1600000,approved
579,5, Graduate, No,6800000,20500000,10,578,500000,11800000,27200000,3400000,approved
580,1, Graduate, No,2900000,10900000,20,445,6600000,2800000,9300000,2600000,rejected
581,4, Graduate, Yes,8900000,26300000,10,369,23900000,7000000,27400000,12100000,rejected
582,1, Not Graduate, No,8800000,22200000,18,794,8400000,11900000,21000000,10500000,approved
583,0, Graduate, Yes,8200000,19200000,16,492,16500000,9200000,20000000,7200000,rejected
584,3, Not Graduate, Yes,3600000,13200000,16,557,9800000,4000000,9900000,2100000,approved
585,4, Graduate, Yes,9500000,31800000,6,519,5900000,1300000,28400000,12200000,rejected
586,0, Not Graduate, Yes,1900000,5700000,18,699,5500000,200000,6500000,2000000,approved
587,3, Not Graduate, Yes,9100000,24600000,2,741,8000000,4000000,35500000,13600000,approved
588,5, Graduate, No,1100000,3800000,18,508,200000,1800000,2300000,900000,rejected
589,5, Not Graduate, Yes,1100000,2800000,10,647,2700000,2000000,4300000,1400000,approved
590,1, Graduate, No,9300000,28600000,14,656,17300000,9100000,27400000,12500000,approved
591,4, Graduate, Yes,3900000,10600000,2,439,300000,7600000,14800000,2500000,rejected
592,5, Not Graduate, Yes,1500000,4000000,12,350,2900000,1900000,4400000,1200000,rejected
593,5, Graduate, No,800000,2200000,6,493,900000,500000,2800000,1000000,rejected
594,4, Graduate, No,600000,1800000,6,851,100000,1100000,2100000,800000,approved
595,2, Graduate, No,4400000,12500000,18,492,7900000,1200000,10100000,2700000,rejected
596,4, Graduate, Yes,2700000,5400000,6,861,6300000,2400000,6700000,2700000,approved
597,3, Not Graduate, Yes,6200000,14600000,2,664,18300000,8400000,16800000,6600000,approved
598,5, Graduate, Yes,700000,1300000,16,362,2100000,1300000,2000000,1000000,rejected
599,0, Graduate, No,3400000,9400000,6,703,600000,6000000,8600000,2600000,approved
600,1, Not Graduate, Yes,4900000,16800000,12,758,1700000,2700000,11100000,5900000,approved
601,3, Not Graduate, Yes,4200000,9700000,2,396,700000,8200000,8600000,4300000,rejected
602,0, Graduate, Yes,5300000,10600000,2,828,8100000,6700000,17400000,5800000,approved
603,5, Graduate, Yes,3700000,10000000,20,709,8000000,800000,12000000,2200000,approved
604,4, Not Graduate, Yes,5600000,17500000,10,528,14200000,2300000,12100000,7200000,rejected
605,2, Graduate, Yes,4300000,16000000,14,623,9800000,6700000,17000000,4500000,approved
606,4, Not Graduate, Yes,7100000,24500000,14,599,9100000,7000000,20400000,6800000,approved
607,4, Graduate, Yes,5400000,12700000,4,622,11000000,3300000,15100000,6500000,approved
608,0, Not Graduate, No,6000000,13100000,6,385,16600000,7600000,22000000,7400000,rejected
609,4, Graduate, Yes,4100000,12500000,2,579,10900000,7200000,12200000,2000000,approved
610,4, Not Graduate, No,8300000,17900000,20,846,12700000,1300000,26800000,12200000,approved
611,3, Graduate, No,8100000,23900000,10,449,7100000,6100000,28300000,8900000,rejected
612,1, Not Graduate, No,7200000,24900000,14,666,3600000,11600000,16600000,5800000,approved
613,5, Graduate, No,7200000,17500000,4,380,2300000,400000,17500000,6200000,rejected
614,2, Graduate, Yes,3500000,8100000,4,589,3800000,6700000,12500000,2700000,approved
615,1, Graduate, No,6200000,19500000,12,845,9100000,2900000,15300000,4000000,approved
616,3, Not Graduate, No,5200000,17300000,10,401,2600000,1400000,12700000,6400000,rejected
617,0, Not Graduate, No,4500000,14500000,2,766,6100000,8400000,17200000,6600000,approved
618,5, Not Graduate, No,5400000,15100000,12,522,5200000,4700000,13900000,5700000,rejected
619,3, Not Graduate, Yes,2000000,6900000,6,834,2200000,2800000,6400000,3000000,approved
620,3, Graduate, No,8900000,25400000,8,588,19400000,12100000,18800000,4500000,approved
621,2, Graduate, No,5000000,10600000,4,570,11900000,900000,14800000,7100000,approved
622,2, Graduate, No,4900000,17600000,6,860,13600000,7500000,12700000,5600000,approved
623,4, Graduate, Yes,5300000,19200000,4,655,14200000,6900000,17800000,3900000,approved
624,3, Not Graduate, Yes,8500000,27700000,4,457,3600000,400000,18900000,5200000,approved
625,5, Graduate, Yes,700000,2100000,14,863,100000,1200000,2700000,600000,approved
626,3, Not Graduate, Yes,5900000,18900000,4,742,10800000,4500000,23200000,8000000,approved
627,3, Graduate, No,3500000,13300000,4,798,7400000,5300000,12100000,3600000,approved
628,5, Not Graduate, Yes,7700000,18900000,16,552,15600000,6100000,23900000,6600000,approved
629,2, Not Graduate, Yes,4500000,12500000,12,418,400000,4300000,12400000,4300000,rejected
630,0, Graduate, No,9100000,22200000,6,419,7400000,600000,18200000,9800000,rejected
631,1, Not Graduate, Yes,9000000,29900000,2,668,22100000,7200000,24400000,4700000,approved
632,2, Not Graduate, No,8900000,29200000,8,608,10800000,5200000,33500000,11700000,approved
633,5, Not Graduate, No,6500000,13800000,10,342,15300000,2300000,14400000,7300000,rejected
634,4, Not Graduate, Yes,8100000,18000000,8,817,1400000,7800000,16900000,10800000,approved
635,1, Not Graduate, No,8400000,29900000,16,476,16100000,2400000,32700000,7500000,rejected
636,0, Not Graduate, No,5300000,20000000,6,881,15900000,3700000,19500000,4000000,approved
637,2, Graduate, No,4100000,15600000,12,838,5500000,4800000,15100000,2700000,approved
638,3, Not Graduate, No,6900000,27400000,4,406,10200000,6500000,23900000,5300000,approved
639,1, Graduate, Yes,5200000,19500000,12,778,5200000,4300000,19900000,5800000,approved
640,5, Not Graduate, Yes,2000000,7400000,14,799,3600000,3700000,4300000,1100000,approved
641,3, Graduate, No,4600000,17800000,20,716,12600000,2600000,10800000,4500000,approved
642,0, Graduate, Yes,7100000,20100000,16,756,8000000,5000000,17600000,5400000,approved
643,0, Not Graduate, No,9300000,20100000,10,743,4800000,1800000,21900000,13600000,approved
644,3, Not Graduate, No,5400000,19400000,20,731,13800000,3200000,20000000,4300000,approved
645,3, Not Graduate, No,4100000,8500000,2,833,12000000,0,16200000,3400000,approved
646,4, Not Graduate, No,4900000,11400000,8,470,12000000,7500000,14700000,4800000,rejected
647,5, Graduate, Yes,5400000,21200000,20,734,7300000,1800000,11500000,7500000,approved
648,0, Graduate, No,3000000,9600000,12,620,7900000,0,8600000,3600000,approved
649,0, Not Graduate, Yes,6800000,14400000,8,812,15200000,4500000,21100000,6400000,approved
650,4, Graduate, Yes,5100000,14000000,12,459,9800000,0,10400000,6800000,rejected
651,0, Graduate, Yes,9800000,32600000,10,704,7000000,12100000,30000000,4900000,approved
652,1, Graduate, Yes,1600000,4100000,6,391,4300000,1400000,5700000,700000,rejected
653,4, Graduate, No,8000000,29100000,4,421,3100000,12000000,27000000,8800000,approved
654,5, Graduate, No,2900000,6700000,14,796,3800000,3700000,9700000,4200000,approved
655,4, Graduate, No,9200000,30300000,10,607,24000000,16600000,29600000,8900000,approved
656,3, Not Graduate, No,9500000,20400000,14,376,2300000,6600000,25900000,8400000,rejected
657,0, Graduate, Yes,3700000,8500000,8,424,1900000,5600000,14800000,4100000,rejected
658,5, Graduate, Yes,7100000,20800000,6,442,2900000,7100000,28200000,7100000,rejected
659,5, Not Graduate, No,5600000,17600000,14,448,6700000,3500000,18900000,6800000,rejected
660,0, Graduate, Yes,1200000,2700000,2,638,1500000,500000,2700000,1500000,approved
661,3, Not Graduate, No,1600000,5600000,6,710,3100000,800000,6000000,1600000,approved
662,4, Not Graduate, Yes,1600000,4800000,20,641,4200000,1000000,4100000,1400000,approved
663,2, Not Graduate, No,5300000,20200000,10,348,9200000,9500000,17300000,6100000,rejected
664,5, Not Graduate, No,9100000,19900000,20,519,9300000,16400000,28900000,10500000,rejected
665,4, Not Graduate, Yes,9400000,35000000,10,517,10700000,15100000,27500000,6700000,rejected
666,3, Not Graduate, No,5900000,22400000,6,375,6500000,10500000,18100000,4800000,rejected
667,2, Graduate, Yes,1100000,3400000,10,426,300000,800000,3900000,1400000,rejected
668,4, Graduate, Yes,3100000,11500000,14,785,3200000,3100000,9100000,4200000,approved
669,4, Not Graduate, No,2200000,8600000,20,373,4100000,1300000,5900000,1400000,rejected
670,1, Graduate, No,6000000,20100000,6,476,13900000,10000000,15200000,5500000,rejected
671,1, Graduate, Yes,2000000,5600000,18,320,2400000,2300000,4600000,2100000,rejected
672,4, Graduate, No,7200000,22900000,18,657,14600000,400000,17400000,8800000,approved
673,1, Not Graduate, Yes,500000,1900000,12,868,200000,500000,1800000,300000,approved
674,1, Not Graduate, Yes,5800000,13900000,6,345,4000000,9300000,20900000,5500000,rejected
675,0, Not Graduate, No,200000,300000,6,472,400000,100000,700000,0,rejected
676,4, Not Graduate, Yes,4600000,9500000,20,613,5200000,5900000,13700000,3000000,approved
677,5, Not Graduate, Yes,4600000,12800000,14,769,13100000,8600000,12100000,3500000,approved
678,1, Graduate, No,6500000,23100000,20,741,11400000,8500000,25700000,7900000,approved
679,4, Not Graduate, Yes,4400000,16600000,14,889,800000,1400000,14900000,5900000,approved
680,0, Not Graduate, Yes,900000,3600000,10,683,1400000,700000,3500000,400000,approved
681,0, Not Graduate, Yes,3200000,7400000,18,780,4200000,2600000,9000000,2800000,approved
682,3, Graduate, No,600000,1100000,8,538,500000,800000,1400000,300000,rejected
683,1, Not Graduate, No,5200000,12600000,10,721,1100000,8700000,13900000,3600000,approved
684,3, Not Graduate, Yes,6400000,15200000,14,467,15500000,9100000,18400000,3200000,rejected
685,2, Not Graduate, No,1000000,2500000,6,551,1700000,200000,3700000,900000,approved
686,2, Not Graduate, No,6800000,14800000,14,803,11300000,3300000,19600000,6600000,approved
687,0, Graduate, No,3000000,8400000,10,361,7700000,200000,7300000,1800000,rejected
688,1, Not Graduate, Yes,8700000,30700000,6,708,20600000,4500000,27600000,9300000,approved
689,4, Graduate, Yes,8800000,20900000,18,766,13500000,15400000,34500000,13100000,approved
690,1, Not Graduate, Yes,3900000,11500000,2,464,9300000,5700000,12400000,5100000,rejected
691,5, Graduate, No,1700000,4300000,2,517,100000,200000,6200000,1600000,rejected
692,3, Not Graduate, Yes,900000,2300000,6,747,1200000,200000,2900000,600000,approved
693,1, Not Graduate, No,7200000,24700000,6,596,8800000,1400000,21700000,5800000,approved
694,0, Graduate, No,9200000,25400000,2,783,25400000,2000000,19600000,12400000,approved
695,3, Not Graduate, No,5700000,19400000,2,335,7400000,10600000,20600000,7100000,approved
696,5, Not Graduate, Yes,1100000,2700000,4,889,1900000,1000000,2200000,500000,approved
697,2, Not Graduate, Yes,1100000,2200000,4,874,1900000,1300000,2100000,900000,approved
698,0, Graduate, Yes,6000000,23900000,4,394,6700000,5800000,21900000,4500000,approved
699,2, Graduate, Yes,8100000,28500000,20,420,1500000,1400000,31800000,10000000,rejected
700,2, Not Graduate, Yes,6500000,25100000,20,848,11500000,8600000,17400000,4400000,approved
701,0, Graduate, Yes,7600000,17900000,16,788,1700000,7800000,27100000,5900000,approved
702,1, Graduate, No,2200000,4900000,8,509,3800000,0,5400000,2900000,rejected
703,4, Graduate, Yes,6300000,23900000,6,899,-100000,11400000,20600000,6700000,approved
704,4, Not Graduate, Yes,6700000,15800000,12,466,7500000,4600000,19900000,6600000,rejected
705,5, Graduate, Yes,1300000,4300000,2,595,1300000,500000,2900000,1500000,approved
706,1, Not Graduate, No,2800000,6700000,12,322,1900000,2000000,8600000,2100000,rejected
707,3, Graduate, No,7000000,18900000,2,691,6300000,7400000,15200000,3900000,approved
708,3, Not Graduate, Yes,8800000,26700000,10,379,10100000,15500000,27000000,9700000,rejected
709,0, Graduate, No,8900000,25800000,18,531,12400000,3400000,22900000,5400000,rejected
710,5, Not Graduate, No,7000000,21800000,4,631,8100000,7100000,14600000,10000000,approved
711,0, Graduate, Yes,6900000,18600000,10,330,19600000,9400000,16400000,4500000,rejected
712,5, Graduate, No,9200000,29200000,16,383,17700000,13300000,30400000,5700000,rejected
713,0, Graduate, Yes,6100000,19700000,16,678,13700000,2300000,19300000,5500000,approved
714,1, Graduate, Yes,4400000,14700000,8,894,11400000,6300000,9400000,2400000,approved
715,4, Not Graduate, No,9900000,22700000,12,567,28300000,9900000,29700000,5400000,approved
716,5, Not Graduate, No,3900000,14000000,4,708,700000,1800000,15600000,5200000,approved
717,3, Graduate, No,6800000,21200000,2,433,10700000,1900000,23200000,6300000,approved
718,4, Not Graduate, No,3600000,8700000,14,302,6400000,3700000,7800000,4100000,rejected
719,4, Graduate, No,700000,2600000,14,736,2100000,600000,1900000,400000,approved
720,2, Not Graduate, Yes,4000000,8500000,6,323,11200000,1000000,14300000,4100000,rejected
721,4, Graduate, No,1800000,4100000,12,670,1900000,2900000,4700000,2200000,approved
722,3, Not Graduate, No,5600000,21000000,12,609,8800000,11000000,15800000,4900000,approved
723,4, Not Graduate, No,6800000,24200000,18,349,18800000,0,15800000,9400000,rejected
724,5, Not Graduate, Yes,600000,1500000,2,319,100000,1100000,2100000,600000,rejected
725,1, Not Graduate, No,4200000,16200000,14,391,5800000,2100000,14100000,2600000,rejected
726,4, Not Graduate, No,5000000,18700000,10,755,3600000,600000,13000000,2600000,approved
727,1, Not Graduate, No,4100000,12200000,6,354,7300000,5600000,16300000,3500000,rejected
728,3, Not Graduate, Yes,2200000,8800000,2,877,5000000,1300000,6400000,3100000,approved
729,1, Not Graduate, No,3400000,8600000,16,312,6400000,6100000,8400000,3000000,rejected
730,0, Graduate, No,7100000,15900000,14,746,9500000,3900000,23500000,8000000,approved
731,3, Graduate, No,5800000,19600000,16,313,11100000,8100000,22700000,6300000,rejected
732,2, Graduate, No,3400000,12900000,14,857,3400000,2500000,8700000,1900000,approved
733,2, Not Graduate, No,7700000,18300000,20,504,14600000,500000,18300000,4600000,rejected
734,0, Graduate, No,500000,1200000,14,556,900000,0,1800000,500000,approved
735,2, Graduate, Yes,5300000,11000000,14,393,6800000,2400000,20500000,5200000,rejected
736,0, Graduate, No,4700000,14400000,14,881,11000000,6100000,17600000,2400000,approved
737,2, Graduate, Yes,4300000,12200000,14,719,5100000,2600000,14000000,5700000,approved
738,2, Graduate, Yes,900000,2500000,16,458,-100000,100000,3200000,1100000,rejected
739,4, Graduate, No,2000000,7500000,14,857,4300000,1500000,4200000,2100000,approved
740,2, Graduate, Yes,2000000,7600000,16,429,5300000,3100000,5800000,2200000,rejected
741,3, Not Graduate, No,4100000,15900000,12,538,3900000,800000,8800000,5700000,rejected
742,1, Not Graduate, No,6900000,14400000,10,828,4600000,13000000,26700000,9000000,approved
743,5, Graduate, Yes,2300000,6100000,6,339,5100000,2500000,8300000,2400000,rejected
744,5, Graduate, Yes,5800000,16600000,18,376,2500000,7500000,21100000,2800000,rejected
745,5, Not Graduate, No,8000000,30000000,14,549,14800000,200000,17300000,7000000,rejected
746,3, Not Graduate, Yes,3700000,12700000,18,587,11000000,3100000,8800000,4100000,approved
747,0, Not Graduate, No,2600000,8400000,18,861,0,3500000,6200000,3800000,approved
748,0, Not Graduate, No,3000000,7000000,12,409,6400000,4900000,8000000,3500000,rejected
749,4, Graduate, No,2700000,10200000,4,528,7800000,2200000,10000000,1600000,approved
750,4, Not Graduate, No,5700000,19600000,8,691,8800000,2200000,12100000,3000000,approved
751,2, Graduate, No,1500000,3600000,4,584,3900000,1300000,4800000,1700000,approved
752,5, Not Graduate, No,6800000,20000000,4,459,14500000,3000000,25000000,4900000,rejected
753,1, Graduate, Yes,8100000,31700000,10,755,0,12700000,30100000,4700000,approved
754,3, Not Graduate, Yes,9200000,27700000,20,688,4800000,16300000,25800000,11200000,approved
755,1, Not Graduate, Yes,7600000,26000000,6,384,2600000,1200000,20000000,7900000,rejected
756,4, Graduate, No,600000,1600000,20,869,1400000,1000000,1700000,200000,approved
757,1, Not Graduate, Yes,4700000,18700000,20,445,2100000,0,11100000,4000000,rejected
758,0, Graduate, No,1400000,5500000,6,393,500000,1500000,5400000,1800000,rejected
759,3, Graduate, Yes,9400000,24600000,10,414,8800000,13400000,23800000,5600000,rejected
760,2, Graduate, No,9700000,19900000,16,395,2800000,13700000,37000000,10800000,rejected
761,3, Not Graduate, Yes,8900000,21000000,14,815,200000,10800000,21600000,6400000,approved
762,5, Graduate, No,4600000,10500000,8,758,3900000,4300000,15800000,2900000,approved
763,5, Not Graduate, Yes,5600000,14500000,10,457,6900000,7800000,20600000,4600000,rejected
764,0, Graduate, Yes,1000000,3200000,10,854,2600000,800000,2900000,1200000,approved
765,3, Graduate, No,3500000,10300000,16,324,2400000,900000,12600000,2400000,rejected
766,0, Not Graduate, No,7900000,31500000,14,849,19400000,10300000,26600000,10600000,approved
767,3, Graduate, Yes,6100000,24200000,12,672,300000,11100000,23500000,5000000,approved
768,3, Not Graduate, Yes,8900000,20900000,6,859,9600000,16500000,29300000,11100000,approved
769,4, Graduate, No,5300000,15400000,8,584,5100000,1700000,14000000,5000000,approved
770,5, Not Graduate, No,1300000,4800000,4,346,3200000,1600000,3400000,1600000,approved
771,3, Graduate, No,4000000,12800000,18,635,6000000,7000000,12900000,4200000,approved
772,2, Not Graduate, No,8700000,22700000,4,365,8200000,14800000,30200000,7200000,rejected
773,1, Not Graduate, No,9500000,20000000,16,856,24900000,0,35700000,6200000,approved
774,5, Graduate, Yes,9000000,20000000,2,440,17100000,1000000,28500000,7600000,rejected
775,0, Graduate, Yes,7300000,23300000,2,616,15700000,5900000,25800000,4100000,approved
776,3, Graduate, Yes,7400000,25700000,2,461,5700000,2900000,15100000,5100000,approved
777,5, Not Graduate, No,3100000,10800000,10,681,5100000,1700000,7400000,1500000,approved
778,2, Graduate, No,4300000,9400000,2,485,11000000,8100000,11000000,2200000,rejected
779,1, Graduate, Yes,2400000,8300000,6,684,5500000,3500000,5300000,2300000,approved
780,1, Graduate, No,5400000,17900000,14,727,13100000,0,12300000,4700000,approved
781,2, Not Graduate, No,1600000,5100000,6,784,1400000,2400000,4500000,1400000,approved
782,3, Not Graduate, Yes,9900000,20400000,4,865,26300000,3600000,36500000,12800000,approved
783,3, Not Graduate, No,5800000,20100000,18,791,1400000,10800000,16300000,5600000,approved
784,4, Not Graduate, No,2200000,8500000,16,866,4000000,1900000,6800000,2800000,approved
785,0, Graduate, No,5000000,14400000,2,761,-100000,7300000,12600000,4500000,approved
786,2, Not Graduate, Yes,600000,2100000,18,572,400000,500000,1400000,300000,approved
787,4, Graduate, No,2200000,8600000,6,601,2700000,2900000,6700000,3300000,approved
788,1, Graduate, Yes,2600000,5500000,14,820,2700000,2400000,9300000,2000000,approved
789,4, Not Graduate, No,1200000,4300000,8,598,1600000,1800000,3200000,1300000,approved
790,2, Graduate, No,3100000,8700000,18,544,5300000,1100000,12200000,1500000,rejected
791,5, Not Graduate, Yes,4600000,14500000,14,561,2300000,6200000,10200000,5800000,approved
792,4, Graduate, Yes,9300000,35500000,6,547,2800000,17800000,27000000,13900000,rejected
793,4, Graduate, No,6300000,13400000,2,504,10500000,10900000,14500000,9400000,rejected
794,2, Not Graduate, No,5900000,20800000,14,530,7100000,5800000,13100000,8800000,rejected
795,2, Graduate, Yes,2900000,10600000,6,614,1000000,300000,7600000,3600000,approved
796,4, Not Graduate, No,6100000,22400000,18,351,11800000,5000000,24400000,4800000,rejected
797,4, Graduate, Yes,5900000,19700000,10,431,3300000,9200000,22700000,5300000,rejected
798,1, Not Graduate, Yes,4600000,18400000,10,403,200000,8800000,17300000,2900000,rejected
799,2, Not Graduate, No,7000000,20200000,8,668,16600000,5000000,26100000,9100000,approved
800,3, Not Graduate, Yes,5100000,10400000,18,399,8000000,4300000,20100000,4600000,rejected
801,1, Graduate, No,3100000,10600000,14,665,6200000,800000,9500000,3900000,approved
802,2, Graduate, No,4100000,12800000,16,344,10300000,7000000,15800000,4100000,rejected
803,0, Graduate, No,1800000,5400000,16,555,3900000,2900000,5100000,1700000,approved
804,4, Not Graduate, Yes,8200000,26900000,20,301,23800000,13600000,31000000,9900000,rejected
805,2, Not Graduate, Yes,800000,2100000,6,726,2000000,0,2600000,600000,approved
806,2, Graduate, No,8400000,23100000,6,689,5700000,2500000,18900000,11900000,approved
807,0, Not Graduate, No,8500000,33900000,4,665,8500000,12800000,17900000,4500000,approved
808,3, Not Graduate, Yes,3300000,12700000,16,608,3600000,6200000,12600000,4500000,approved
809,3, Not Graduate, No,5800000,12800000,20,335,4400000,3000000,15300000,8000000,rejected
810,3, Not Graduate, No,4400000,10500000,18,677,100000,2000000,12100000,5000000,approved
811,1, Not Graduate, No,2600000,8500000,2,491,1700000,1800000,5300000,2600000,approved
812,2, Not Graduate, Yes,9600000,28100000,20,763,23000000,11800000,27500000,10300000,approved
813,5, Not Graduate, Yes,5200000,18100000,8,809,2400000,6900000,14000000,5500000,approved
814,5, Not Graduate, Yes,9700000,36400000,16,544,3500000,15000000,31300000,5200000,rejected
815,1, Graduate, Yes,200000,800000,14,624,600000,0,600000,0,approved
816,3, Graduate, No,6500000,16800000,10,388,9500000,800000,14900000,7200000,rejected
817,4, Graduate, Yes,7200000,23100000,14,644,13300000,3500000,18300000,4200000,approved
818,0, Not Graduate, No,5200000,18400000,14,600,7300000,9700000,16500000,3600000,approved
819,2, Not Graduate, No,6500000,14100000,2,709,1000000,12700000,20900000,4000000,approved
820,5, Graduate, Yes,2300000,5600000,8,642,2600000,1900000,8600000,2500000,approved
821,0, Not Graduate, Yes,3300000,10400000,4,423,7400000,4700000,11600000,3200000,approved
822,0, Not Graduate, Yes,2000000,5900000,12,900,3800000,2400000,7100000,3000000,approved
823,2, Graduate, Yes,8300000,19500000,4,415,2300000,9400000,21700000,8600000,rejected
824,4, Graduate, Yes,3800000,14300000,4,645,1300000,1100000,10900000,4600000,approved
825,0, Not Graduate, No,5700000,15600000,16,742,700000,5800000,11400000,6800000,approved
826,4, Not Graduate, No,7300000,19800000,8,724,5500000,6000000,29000000,10300000,approved
827,1, Graduate, No,1600000,5400000,12,707,600000,1700000,6200000,800000,approved
828,5, Not Graduate, Yes,800000,2500000,4,780,500000,900000,1700000,400000,approved
829,4, Not Graduate, No,6300000,21900000,10,538,9600000,5400000,19300000,7800000,rejected
830,2, Graduate, No,8800000,17700000,14,706,22900000,4300000,30300000,9200000,approved
831,0, Graduate, No,7300000,14500000,16,811,1000000,12400000,16100000,9600000,approved
832,2, Graduate, Yes,3800000,9100000,14,849,6300000,2400000,9500000,2500000,approved
833,3, Graduate, No,6200000,16700000,10,880,15800000,8200000,20100000,9100000,approved
834,5, Not Graduate, Yes,3500000,9500000,4,664,9500000,500000,7800000,5200000,approved
835,5, Graduate, Yes,1400000,5000000,2,465,0,2600000,5300000,1500000,approved
836,3, Not Graduate, Yes,3500000,12000000,2,786,600000,6400000,10700000,1700000,approved
837,1, Graduate, Yes,600000,2000000,10,326,400000,1000000,2400000,700000,rejected
838,0, Not Graduate, No,4100000,10800000,16,399,5900000,7600000,12700000,5300000,rejected
839,2, Not Graduate, Yes,5400000,11500000,6,841,6800000,100000,11100000,6600000,approved
840,2, Not Graduate, Yes,2000000,6700000,14,638,4900000,200000,4900000,2300000,approved
841,4, Graduate, Yes,3500000,8900000,4,478,4000000,3900000,11300000,3800000,rejected
842,0, Graduate, Yes,8300000,30000000,4,600,14600000,12500000,24800000,12000000,approved
843,0, Graduate, Yes,6700000,15600000,16,768,300000,1800000,26000000,3800000,approved
844,0, Not Graduate, No,1900000,6500000,10,523,2400000,1100000,6200000,1100000,rejected
845,2, Graduate, Yes,6500000,20900000,14,327,8200000,100000,22800000,4700000,rejected
846,1, Graduate, Yes,600000,1800000,8,799,1000000,700000,2200000,800000,approved
847,5, Graduate, No,7000000,23000000,18,803,18700000,6300000,27800000,4100000,approved
848,2, Graduate, No,7700000,15400000,18,524,12900000,5100000,21000000,6600000,rejected
849,1, Graduate, No,2600000,6600000,6,506,2300000,1900000,9600000,2100000,rejected
850,1, Graduate, No,9200000,18800000,2,351,22400000,2200000,31500000,13000000,rejected
851,2, Graduate, Yes,1800000,4200000,8,648,1200000,3100000,6200000,1600000,approved
852,1, Not Graduate, No,4900000,18500000,4,612,6100000,5900000,16400000,2900000,approved
853,1, Graduate, No,5700000,12400000,14,396,5400000,7500000,17600000,5600000,rejected
854,3, Not Graduate, No,300000,800000,2,458,500000,0,1100000,200000,rejected
855,3, Graduate, Yes,1700000,3400000,6,488,100000,500000,4500000,1600000,rejected
856,4, Graduate, No,7000000,18900000,6,475,1300000,6100000,14700000,5200000,rejected
857,1, Not Graduate, No,2200000,7000000,18,417,2000000,3900000,6500000,1900000,rejected
858,2, Not Graduate, No,6800000,18700000,8,781,17600000,900000,23700000,5400000,approved
859,1, Not Graduate, Yes,2400000,6200000,12,337,3400000,2100000,9400000,2300000,rejected
860,0, Not Graduate, Yes,600000,1800000,12,511,300000,200000,2200000,400000,rejected
861,4, Graduate, No,6200000,17300000,6,837,12600000,3700000,24700000,4600000,approved
862,1, Not Graduate, No,7600000,24600000,12,810,1300000,10500000,30300000,5200000,approved
863,2, Not Graduate, No,4800000,10600000,8,588,3700000,5200000,15000000,4500000,approved
864,5, Graduate, No,4200000,9200000,12,870,3200000,2400000,12300000,5700000,approved
865,0, Not Graduate, Yes,7200000,20700000,10,733,15600000,12000000,19200000,9900000,approved
866,5, Not Graduate, Yes,6400000,20300000,16,348,10000000,10900000,20400000,6900000,rejected
867,0, Not Graduate, Yes,8900000,23000000,12,741,5600000,11200000,27100000,7100000,approved
868,3, Not Graduate, No,5100000,14500000,12,306,700000,8800000,11600000,2900000,rejected
869,2, Graduate, Yes,6300000,19500000,18,428,15900000,7200000,19900000,6500000,rejected
870,3, Graduate, No,6600000,22100000,4,455,3800000,3000000,25100000,7400000,approved
871,1, Not Graduate, Yes,4800000,14700000,2,356,7100000,8800000,13400000,5500000,approved
872,0, Graduate, No,200000,400000,4,594,500000,0,400000,100000,approved
873,0, Not Graduate, Yes,7500000,25800000,18,844,9100000,600000,18600000,6500000,approved
874,4, Graduate, No,9000000,34700000,4,771,4800000,9500000,34100000,7700000,approved
875,2, Graduate, No,5400000,12500000,4,622,14400000,2900000,11800000,5400000,approved
876,1, Not Graduate, Yes,1700000,4500000,20,480,200000,600000,5400000,1900000,rejected
877,4, Graduate, No,4300000,11500000,20,337,11100000,6000000,17000000,5200000,rejected
878,1, Graduate, No,5200000,11200000,6,698,14100000,7600000,18800000,2700000,approved
879,4, Not Graduate, No,4400000,17000000,18,302,1000000,2100000,14000000,5700000,rejected
880,1, Not Graduate, Yes,3900000,7800000,14,349,11200000,500000,11800000,3600000,rejected
881,0, Graduate, No,1100000,3300000,10,482,2800000,300000,2900000,1600000,rejected
882,2, Graduate, No,2500000,8200000,10,429,1500000,4100000,5900000,2200000,rejected
883,4, Graduate, No,500000,1300000,8,471,500000,300000,1500000,700000,rejected
884,0, Graduate, Yes,9000000,32400000,10,895,16800000,5800000,20700000,9500000,approved
885,1, Not Graduate, Yes,5100000,20300000,18,757,11800000,3400000,13400000,3200000,approved
886,2, Graduate, No,5200000,13500000,2,777,7000000,5200000,15500000,6100000,approved
887,5, Not Graduate, Yes,4400000,8900000,4,761,8100000,1000000,14200000,3000000,approved
888,1, Graduate, No,1900000,4200000,12,821,5200000,1500000,5000000,2700000,approved
889,4, Not Graduate, Yes,9200000,26500000,6,662,1000000,400000,26900000,5300000,approved
890,2, Not Graduate, Yes,4800000,16500000,10,350,2000000,6500000,11400000,2900000,rejected
891,4, Not Graduate, No,4900000,10700000,20,321,1200000,400000,11100000,6500000,rejected
892,3, Graduate, Yes,4800000,10100000,4,368,9100000,5100000,16500000,3500000,rejected
893,4, Graduate, No,9300000,24900000,14,455,27600000,4700000,35100000,13900000,rejected
894,5, Not Graduate, Yes,7500000,24600000,8,744,1600000,3600000,16700000,9300000,approved
895,1, Graduate, No,5900000,16800000,4,806,11200000,9700000,22800000,7100000,approved
896,0, Graduate, No,9400000,27900000,6,456,21400000,18500000,35600000,7800000,rejected
897,5, Graduate, No,5300000,13400000,8,719,1600000,200000,11400000,5300000,approved
898,4, Graduate, No,3700000,9000000,18,668,7800000,1600000,13400000,3100000,approved
899,0, Graduate, Yes,2500000,5800000,18,494,5100000,4400000,8500000,2300000,rejected
900,4, Not Graduate, No,2800000,10800000,2,841,700000,2600000,7100000,4100000,approved
901,0, Graduate, Yes,5400000,21400000,8,721,8200000,6400000,16700000,7400000,approved
902,5, Graduate, No,3100000,9400000,10,414,200000,5300000,8000000,2800000,rejected
903,5, Not Graduate, No,4800000,15500000,10,812,9500000,1500000,17800000,3500000,approved
904,1, Not Graduate, No,8800000,17500000,20,832,1800000,3600000,24000000,7400000,approved
905,2, Graduate, No,4100000,14900000,12,571,-100000,5200000,13000000,3400000,approved
906,5, Not Graduate, No,9700000,37000000,14,459,28700000,17900000,22800000,5600000,rejected
907,2, Graduate, Yes,6400000,24100000,6,592,2500000,6300000,20200000,6000000,approved
908,5, Graduate, No,3400000,13100000,20,527,900000,4500000,8600000,4000000,rejected
909,4, Not Graduate, No,3500000,10200000,12,333,7600000,6400000,8100000,3400000,rejected
910,3, Not Graduate, No,3200000,10000000,18,532,3300000,100000,9800000,2100000,rejected
911,2, Graduate, Yes,4900000,13100000,18,754,8200000,3300000,16500000,7200000,approved
912,0, Graduate, Yes,1300000,4800000,4,835,500000,100000,3300000,800000,rejected
913,4, Graduate, No,2500000,5400000,10,592,3400000,1500000,9900000,2900000,approved
914,0, Graduate, No,7500000,27300000,20,553,11600000,2800000,26200000,6100000,approved
915,2, Graduate, No,700000,2000000,8,806,1900000,1100000,2200000,400000,approved
916,4, Graduate, Yes,8200000,28500000,2,378,6800000,11200000,26400000,11500000,approved
917,1, Not Graduate, No,6900000,26200000,4,534,14500000,11900000,14900000,9400000,approved
918,1, Not Graduate, Yes,1500000,5900000,16,400,4200000,2400000,4800000,1500000,rejected
919,3, Graduate, No,6300000,18300000,18,543,1800000,9400000,17700000,3500000,rejected
920,0, Not Graduate, Yes,8800000,25600000,10,715,25300000,2500000,34900000,8600000,approved
921,4, Graduate, Yes,8900000,20700000,6,684,1100000,9200000,20400000,6700000,approved
922,3, Not Graduate, Yes,2100000,6100000,8,346,5500000,600000,4500000,2900000,rejected
923,1, Graduate, Yes,9200000,29200000,6,669,9900000,12900000,23400000,11700000,approved
924,2, Not Graduate, No,3600000,8000000,12,566,10500000,3000000,8900000,2700000,approved
925,0, Not Graduate, Yes,8600000,23600000,2,361,25800000,5300000,24700000,7500000,rejected
926,5, Graduate, No,3000000,8000000,6,333,3200000,400000,8200000,2200000,rejected
927,3, Not Graduate, Yes,5200000,16300000,8,335,9500000,7000000,13600000,7300000,rejected
928,3, Graduate, Yes,7200000,20400000,10,558,0,13200000,27200000,10600000,approved
929,1, Not Graduate, Yes,4000000,15600000,12,436,10400000,2800000,14800000,3200000,rejected
930,1, Not Graduate, No,2400000,5200000,2,371,6100000,3100000,8500000,1400000,rejected
931,2, Not Graduate, Yes,5500000,18400000,10,515,6800000,4400000,18500000,4100000,rejected
932,0, Not Graduate, Yes,9000000,24300000,10,599,12900000,3400000,26900000,6400000,approved
933,0, Not Graduate, Yes,7900000,24000000,20,728,18600000,15600000,21800000,7400000,approved
934,2, Not Graduate, Yes,6200000,21600000,20,679,18600000,2500000,24500000,9100000,approved
935,3, Graduate, Yes,7900000,29200000,4,399,23200000,5500000,30200000,6900000,approved
936,3, Not Graduate, No,1200000,4500000,6,819,1400000,1100000,4400000,900000,approved
937,1, Graduate, No,4700000,11700000,6,308,11800000,1100000,15100000,3700000,rejected
938,5, Graduate, Yes,5900000,15600000,2,730,12600000,4700000,15900000,5900000,approved
939,4, Not Graduate, Yes,1400000,5100000,14,312,4000000,1000000,3200000,1400000,rejected
940,3, Not Graduate, Yes,4700000,12800000,16,740,2200000,8600000,11700000,6100000,approved
941,5, Graduate, Yes,7600000,20000000,10,522,21500000,1400000,20400000,4300000,rejected
942,4, Graduate, No,7200000,16900000,4,702,15900000,7100000,22000000,9600000,approved
943,4, Not Graduate, Yes,1400000,4300000,16,447,3600000,1200000,5300000,1000000,rejected
944,5, Graduate, No,1400000,2900000,4,829,800000,600000,5400000,1600000,approved
945,2, Graduate, No,7900000,18500000,18,727,20200000,12400000,19600000,7100000,approved
946,5, Not Graduate, Yes,7600000,18700000,14,509,8500000,8500000,22200000,3700000,rejected
947,3, Graduate, Yes,9600000,34200000,2,745,2500000,2000000,33000000,6700000,approved
948,1, Not Graduate, No,2300000,6600000,18,513,4600000,900000,9000000,1600000,rejected
949,2, Not Graduate, No,8100000,18500000,6,372,19100000,10200000,31000000,7900000,rejected
950,2, Graduate, Yes,300000,700000,4,411,600000,0,1200000,100000,rejected
951,4, Graduate, No,4700000,10800000,20,495,11300000,6800000,17000000,4500000,rejected
952,5, Not Graduate, No,1100000,2500000,4,827,2400000,1000000,4100000,600000,approved
953,4, Not Graduate, No,8600000,25100000,6,820,14400000,5000000,26000000,8300000,approved
954,5, Graduate, Yes,8700000,28100000,10,660,25500000,800000,25900000,10100000,approved
955,0, Not Graduate, No,2200000,8600000,4,563,900000,1000000,4400000,2800000,approved
956,1, Not Graduate, Yes,500000,1400000,10,883,900000,0,1700000,300000,approved
957,0, Not Graduate, Yes,9100000,22000000,12,387,25300000,15600000,31700000,7000000,rejected
958,1, Graduate, No,2200000,8700000,12,613,500000,1800000,5700000,2400000,approved
959,0, Not Graduate, Yes,2200000,8000000,14,335,2800000,3700000,6900000,2900000,rejected
960,1, Graduate, Yes,9600000,34500000,2,795,9500000,900000,32000000,9300000,approved
961,1, Graduate, Yes,6500000,13900000,8,369,9600000,300000,17200000,8300000,rejected
962,4, Graduate, Yes,2400000,7400000,18,888,2700000,1600000,7600000,3200000,approved
963,4, Not Graduate, No,5500000,12300000,6,742,12900000,2700000,19800000,4300000,approved
964,0, Graduate, No,5000000,14400000,4,874,3000000,9300000,14100000,3900000,approved
965,1, Graduate, No,2700000,8100000,16,691,2000000,3600000,8100000,2100000,approved
966,3, Not Graduate, Yes,8500000,30300000,12,762,12700000,3700000,20000000,4200000,approved
967,1, Graduate, No,4400000,10700000,18,324,2200000,3300000,12700000,5400000,rejected
968,4, Not Graduate, No,500000,1800000,20,777,900000,300000,1300000,200000,approved
969,0, Graduate, No,8300000,21400000,2,662,6100000,12300000,24500000,10200000,approved
970,2, Not Graduate, Yes,6000000,13000000,12,462,2100000,2500000,14600000,5600000,rejected
971,3, Not Graduate, Yes,4000000,10400000,14,609,2100000,6900000,11700000,4600000,approved
972,5, Graduate, Yes,4400000,11700000,20,590,900000,2700000,15500000,2300000,approved
973,3, Graduate, Yes,4400000,15800000,18,779,7200000,5400000,14900000,3600000,approved
974,2, Graduate, Yes,1900000,5000000,14,641,1000000,900000,5500000,2400000,approved
975,0, Graduate, Yes,5000000,18400000,12,752,14600000,4000000,10500000,6500000,approved
976,0, Graduate, No,8000000,23700000,10,305,22200000,11600000,17200000,12000000,rejected
977,4, Not Graduate, No,8200000,20700000,10,546,10800000,7000000,25000000,10600000,rejected
978,2, Graduate, No,7000000,24200000,8,833,13700000,4100000,26100000,9100000,approved
979,2, Not Graduate, No,2400000,8800000,18,421,3200000,1500000,6700000,1400000,rejected
980,5, Graduate, No,6600000,18800000,4,639,3200000,1100000,25100000,4300000,approved
981,3, Graduate, No,3200000,6900000,20,735,1500000,3700000,9200000,3100000,approved
982,0, Not Graduate, Yes,2600000,5400000,2,377,100000,4900000,6100000,2700000,rejected
983,3, Not Graduate, No,6900000,15600000,20,310,4500000,3600000,20400000,4800000,rejected
984,4, Graduate, No,4800000,14000000,2,695,11300000,1700000,15400000,4600000,approved
985,1, Not Graduate, Yes,300000,1200000,4,355,700000,300000,800000,200000,approved
986,1, Not Graduate, Yes,4300000,14100000,12,525,2100000,1100000,14100000,5500000,rejected
987,5, Not Graduate, No,700000,2400000,20,330,1300000,700000,2500000,500000,rejected
988,5, Graduate, No,9400000,25800000,14,625,28200000,15400000,30800000,11100000,approved
989,3, Not Graduate, Yes,800000,2900000,10,644,600000,500000,2900000,400000,approved
990,5, Not Graduate, No,4400000,14900000,4,865,8200000,6200000,14900000,3500000,approved
991,1, Graduate, Yes,4700000,14800000,6,661,8500000,6000000,13600000,6400000,approved
992,2, Not Graduate, No,2300000,5000000,8,884,1400000,1700000,6100000,1500000,approved
993,5, Graduate, Yes,8500000,26700000,10,803,500000,16600000,24400000,9600000,approved
994,2, Graduate, No,7600000,28300000,12,800,19700000,14800000,15600000,7800000,approved
995,2, Graduate, No,3200000,12600000,18,796,6200000,3500000,9600000,2000000,approved
996,4, Not Graduate, No,2400000,5000000,4,716,1500000,2800000,6900000,1400000,approved
997,0, Graduate, Yes,500000,1100000,18,479,1500000,500000,1800000,600000,rejected
998,3, Not Graduate, Yes,8500000,28300000,2,810,25200000,4300000,18500000,10700000,approved
999,0, Graduate, Yes,8900000,20900000,18,568,18800000,700000,32700000,5300000,approved
1000,0, Graduate, No,2800000,5600000,8,842,0,1300000,6100000,1900000,approved
1001,3, Not Graduate, Yes,2900000,7000000,4,806,5700000,5600000,5900000,3000000,approved
1002,1, Graduate, Yes,4900000,17700000,8,722,9200000,7300000,16400000,3000000,approved
1003,5, Not Graduate, No,9600000,20700000,14,442,25800000,9800000,31800000,8200000,rejected
1004,3, Graduate, Yes,3300000,9800000,6,360,4500000,600000,11000000,4400000,rejected
1005,3, Not Graduate, No,2800000,5900000,4,461,1600000,400000,8900000,2800000,rejected
1006,2, Graduate, No,7800000,22200000,10,735,9700000,4600000,23000000,6900000,approved
1007,4, Graduate, Yes,2500000,8400000,12,761,6300000,1300000,8400000,1600000,approved
1008,0, Graduate, No,4400000,10600000,20,653,6800000,4600000,16800000,5400000,approved
1009,0, Not Graduate, No,7900000,30800000,4,726,5000000,14600000,23800000,5500000,approved
1010,1, Graduate, No,8900000,22600000,18,617,8400000,15500000,27900000,11700000,approved
1011,0, Graduate, No,5600000,13400000,2,460,3400000,4100000,14800000,4100000,rejected
1012,1, Not Graduate, No,1400000,3300000,8,306,3200000,800000,2700000,800000,rejected
1013,5, Graduate, Yes,500000,1400000,4,471,500000,100000,1300000,300000,rejected
1014,1, Graduate, Yes,5100000,15300000,4,628,6900000,3300000,17600000,2700000,approved
1015,3, Graduate, No,9800000,25600000,10,404,24400000,6700000,37000000,11500000,rejected
1016,2, Graduate, Yes,8600000,21600000,16,804,15400000,300000,26800000,7100000,approved
1017,3, Not Graduate, No,1600000,3900000,20,804,900000,2500000,3200000,800000,approved
1018,1, Not Graduate, Yes,2500000,6700000,2,502,3400000,2600000,9400000,1400000,rejected
1019,0, Graduate, No,9500000,22600000,6,861,24700000,13200000,29000000,5600000,approved
1020,2, Not Graduate, Yes,3000000,7800000,14,555,6600000,2700000,9600000,1700000,approved
1021,0, Not Graduate, No,5100000,13600000,18,351,1700000,3700000,14400000,7600000,rejected
1022,2, Not Graduate, Yes,7600000,23600000,6,358,20200000,2900000,22100000,10900000,rejected
1023,5, Graduate, No,8800000,18800000,14,836,17300000,10100000,32700000,5400000,approved
1024,4, Not Graduate, Yes,1100000,2900000,4,554,2800000,1000000,4100000,1600000,approved
1025,3, Graduate, No,8700000,30500000,2,443,11800000,1800000,24600000,8100000,approved
1026,5, Not Graduate, No,6100000,23600000,4,725,17400000,5100000,15600000,4800000,approved
1027,2, Not Graduate, Yes,1900000,7000000,14,818,4800000,3500000,4500000,2100000,approved
1028,1, Not Graduate, No,9900000,38700000,6,670,19400000,12600000,35800000,6500000,approved
1029,0, Graduate, No,5800000,21100000,6,414,7900000,2400000,16000000,5600000,rejected
1030,2, Not Graduate, Yes,9500000,37000000,8,887,21800000,18300000,19200000,11700000,approved
1031,3, Graduate, Yes,7900000,26600000,12,409,17100000,1400000,22500000,8700000,rejected
1032,1, Not Graduate, Yes,1300000,4500000,14,679,2700000,2100000,3700000,1600000,approved
1033,4, Graduate, Yes,700000,2600000,18,478,600000,600000,2100000,300000,rejected
1034,3, Graduate, No,600000,1200000,2,752,1100000,500000,2300000,700000,approved
1035,0, Graduate, No,9400000,33000000,4,616,15400000,5000000,25100000,7800000,approved
1036,2, Not Graduate, Yes,3800000,12500000,14,842,3700000,6700000,14600000,5300000,approved
1037,3, Graduate, Yes,7800000,26300000,20,840,1200000,11300000,24100000,5300000,approved
1038,3, Graduate, Yes,7800000,27700000,6,430,2000000,8000000,26100000,5300000,rejected
1039,4, Not Graduate, No,2700000,7000000,4,351,1100000,2300000,8300000,2700000,rejected
1040,5, Not Graduate, No,600000,2300000,4,347,0,0,1900000,200000,rejected
1041,3, Not Graduate, Yes,8000000,28800000,10,576,18800000,7500000,16300000,11900000,approved
1042,0, Not Graduate, Yes,4000000,11000000,8,799,4400000,6100000,14700000,4200000,approved
1043,1, Not Graduate, Yes,3300000,10800000,2,550,6000000,3800000,11000000,4700000,approved
1044,2, Graduate, No,5800000,13300000,4,878,8400000,5400000,18600000,4500000,approved
1045,3, Graduate, Yes,2400000,4800000,12,895,6800000,300000,7300000,3300000,approved
1046,4, Not Graduate, No,7600000,29700000,6,603,3200000,2900000,27800000,11000000,approved
1047,2, Not Graduate, Yes,2500000,6900000,12,325,5800000,1600000,6400000,3600000,rejected
1048,2, Graduate, No,3300000,11800000,4,393,5700000,3700000,6800000,2600000,approved
1049,3, Graduate, No,9800000,30300000,2,612,10700000,4600000,32100000,5600000,approved
1050,0, Graduate, Yes,1000000,3800000,8,553,2500000,1000000,2100000,1300000,approved
1051,0, Not Graduate, Yes,2500000,8800000,14,389,7300000,1400000,8500000,3600000,rejected
1052,0, Graduate, No,1900000,6800000,4,782,100000,3400000,4900000,2400000,approved
1053,3, Graduate, No,3100000,8500000,12,493,8700000,5100000,12000000,2000000,rejected
1054,5, Graduate, Yes,6000000,11900000,2,629,2500000,0,19200000,4200000,approved
1055,5, Not Graduate, No,6500000,21600000,10,419,1600000,10900000,22300000,6600000,rejected
1056,2, Not Graduate, Yes,5900000,15800000,2,444,14300000,4300000,20300000,5500000,rejected
1057,5, Not Graduate, Yes,6500000,15800000,16,301,9200000,9900000,17400000,7100000,rejected
1058,0, Graduate, Yes,3800000,11200000,20,479,1100000,6400000,12000000,5400000,rejected
1059,3, Not Graduate, Yes,3000000,11400000,10,424,1800000,4200000,10900000,1500000,rejected
1060,0, Graduate, No,4300000,16900000,18,469,200000,5800000,12000000,6200000,rejected
1061,4, Not Graduate, Yes,3500000,8300000,2,897,7900000,5500000,12600000,1800000,approved
1062,3, Not Graduate, No,300000,500000,2,477,700000,200000,800000,400000,rejected
1063,3, Not Graduate, Yes,600000,1400000,16,509,600000,300000,2400000,900000,rejected
1064,0, Graduate, Yes,800000,1700000,4,752,2300000,1100000,3200000,400000,approved
1065,0, Not Graduate, Yes,5600000,19100000,14,875,16700000,4700000,15100000,7700000,approved
1066,2, Not Graduate, Yes,1800000,3600000,4,343,3400000,1100000,6200000,1500000,rejected
1067,0, Graduate, No,6800000,20800000,20,819,16500000,11900000,26700000,8000000,approved
1068,2, Graduate, Yes,4200000,16800000,2,433,3300000,0,14100000,3700000,approved
1069,1, Not Graduate, Yes,200000,400000,6,768,300000,100000,600000,0,approved
1070,2, Graduate, Yes,8500000,31800000,6,714,17000000,900000,26600000,5600000,approved
1071,2, Not Graduate, Yes,2800000,10100000,16,531,2900000,2900000,7200000,4100000,rejected
1072,0, Graduate, Yes,3600000,8600000,6,529,3500000,3300000,11300000,5200000,rejected
1073,1, Not Graduate, No,6200000,19500000,20,448,3300000,7100000,22400000,8000000,rejected
1074,1, Graduate, No,2700000,10000000,2,584,6500000,2700000,7700000,3400000,approved
1075,1, Graduate, No,6800000,22900000,4,501,3900000,9400000,17300000,4400000,approved
1076,2, Not Graduate, No,6300000,24500000,18,848,10200000,3500000,18200000,8200000,approved
1077,4, Not Graduate, No,8800000,19100000,6,586,17600000,8800000,20600000,12400000,approved
1078,1, Graduate, No,5900000,13000000,2,386,16300000,5000000,12000000,3800000,rejected
1079,5, Not Graduate, Yes,9800000,37900000,18,301,6700000,4900000,34300000,6200000,rejected
1080,2, Graduate, No,3300000,8300000,6,653,4700000,3100000,8300000,4600000,approved
1081,4, Graduate, Yes,300000,500000,14,448,700000,100000,800000,100000,rejected
1082,1, Not Graduate, Yes,4800000,11600000,16,696,1400000,9400000,11800000,6500000,approved
1083,1, Graduate, No,7500000,28300000,16,707,9700000,1100000,16300000,6700000,approved
1084,2, Not Graduate, No,8600000,21700000,4,429,5500000,10800000,30900000,6000000,rejected
1085,4, Not Graduate, No,8900000,21100000,6,631,4200000,200000,25800000,6200000,approved
1086,5, Not Graduate, Yes,9600000,29600000,4,446,22900000,3500000,36600000,13200000,approved
1087,0, Graduate, Yes,7700000,18100000,18,705,6100000,5100000,23800000,6300000,approved
1088,3, Not Graduate, Yes,7000000,15200000,2,709,10300000,12500000,20700000,4000000,approved
1089,4, Not Graduate, Yes,7800000,19500000,14,739,1900000,9000000,20400000,4400000,approved
1090,3, Graduate, No,5100000,11000000,6,336,-100000,5800000,11600000,7500000,rejected
1091,4, Graduate, No,9400000,32600000,4,898,18200000,4000000,22000000,10200000,approved
1092,4, Not Graduate, Yes,600000,2100000,6,558,1300000,1000000,2200000,300000,approved
1093,3, Graduate, No,5100000,13300000,4,589,11200000,2700000,20200000,6100000,approved
1094,2, Graduate, Yes,3800000,14400000,2,301,2300000,1400000,7600000,2400000,rejected
1095,2, Not Graduate, Yes,5300000,21200000,14,516,2200000,5000000,20900000,7700000,rejected
1096,5, Not Graduate, No,1100000,3600000,12,315,1300000,700000,3100000,1400000,rejected
1097,3, Not Graduate, No,6400000,14400000,10,546,10600000,10000000,21200000,5100000,rejected
1098,0, Not Graduate, Yes,5100000,14500000,14,559,11000000,1100000,12300000,6000000,approved
1099,3, Graduate, Yes,5300000,16900000,2,350,15800000,3100000,14300000,6800000,approved
1100,1, Graduate, No,6700000,18700000,8,583,9300000,4100000,17100000,6900000,approved
1101,2, Not Graduate, No,4000000,9400000,8,874,4400000,3700000,10200000,4800000,approved
1102,2, Not Graduate, Yes,3900000,11600000,8,808,5800000,3100000,12900000,5000000,approved
1103,1, Graduate, Yes,1600000,4900000,16,487,4300000,1100000,3900000,2000000,rejected
1104,3, Graduate, No,2700000,7800000,14,870,5400000,5300000,5700000,2100000,approved
1105,3, Graduate, No,1400000,3800000,8,840,1700000,200000,5300000,1500000,approved
1106,4, Not Graduate, Yes,8000000,19200000,18,682,2500000,8900000,19000000,5300000,approved
1107,3, Graduate, Yes,8200000,28900000,10,668,23800000,4500000,28700000,10900000,approved
1108,5, Graduate, Yes,4800000,10300000,8,781,4800000,6800000,11100000,4300000,approved
1109,4, Graduate, No,8100000,19000000,6,375,4100000,14500000,19100000,11900000,rejected
1110,4, Not Graduate, No,5900000,14900000,14,857,2600000,9500000,16000000,3500000,approved
1111,5, Graduate, Yes,8100000,32100000,6,823,18200000,1800000,24100000,6500000,approved
1112,0, Graduate, No,1400000,5000000,8,686,1800000,1900000,3200000,1500000,approved
1113,1, Graduate, No,1600000,6300000,2,721,3000000,600000,5200000,900000,approved
1114,4, Graduate, No,4600000,9400000,18,545,800000,2400000,11500000,6300000,rejected
1115,1, Not Graduate, No,2900000,8900000,6,523,900000,5600000,9700000,1800000,rejected
1116,2, Graduate, Yes,8600000,24900000,20,607,13600000,7600000,31800000,5400000,approved
1117,4, Not Graduate, No,3800000,14900000,20,428,6500000,3500000,12200000,2500000,rejected
1118,0, Not Graduate, No,8200000,20300000,4,666,13100000,10200000,25900000,7800000,approved
1119,3, Graduate, No,3200000,10100000,20,704,3400000,4800000,9000000,3900000,approved
1120,0, Not Graduate, Yes,8100000,23800000,10,794,5400000,15500000,20700000,8800000,approved
1121,1, Graduate, Yes,9800000,23300000,12,430,3200000,12600000,30500000,13900000,rejected
1122,0, Not Graduate, No,200000,500000,20,615,500000,200000,600000,200000,approved
1123,0, Not Graduate, No,6600000,14100000,20,360,6800000,5100000,25400000,7800000,rejected
1124,0, Not Graduate, No,9100000,18300000,14,458,6100000,9200000,34100000,10000000,rejected
1125,2, Not Graduate, No,5500000,20400000,12,887,8800000,9400000,12300000,3300000,approved
1126,4, Not Graduate, No,7200000,27400000,8,735,14100000,14200000,19400000,9500000,approved
1127,1, Not Graduate, No,2400000,5600000,16,379,3700000,600000,7200000,3400000,rejected
1128,4, Graduate, No,9600000,25500000,20,544,4000000,11400000,23800000,11100000,rejected
1129,1, Graduate, Yes,5800000,16700000,12,721,1100000,9700000,17200000,7500000,approved
1130,4, Not Graduate, No,2300000,6000000,8,676,6000000,400000,4800000,2200000,approved
1131,1, Not Graduate, No,300000,1200000,4,342,800000,100000,1100000,200000,approved
1132,0, Not Graduate, No,9900000,27000000,16,566,3500000,17300000,36900000,11500000,approved
1133,2, Not Graduate, No,3500000,14000000,2,355,8700000,1600000,11800000,2900000,approved
1134,2, Graduate, No,4800000,18500000,20,605,5700000,5500000,14700000,5800000,approved
1135,2, Not Graduate, No,1600000,5200000,16,525,300000,2900000,5600000,1600000,rejected
1136,5, Graduate, Yes,800000,2500000,12,403,500000,0,3200000,800000,rejected
1137,1, Graduate, Yes,9000000,33500000,18,727,18800000,10500000,28100000,5300000,approved
1138,1, Graduate, No,8300000,28900000,12,529,18300000,3900000,32500000,5800000,rejected
1139,4, Graduate, No,2800000,6100000,18,415,2200000,4200000,8400000,2000000,rejected
1140,1, Graduate, Yes,6400000,17300000,10,879,10000000,1100000,15400000,8200000,approved
1141,2, Not Graduate, Yes,6000000,12600000,16,649,4800000,5300000,23900000,5100000,approved
1142,0, Graduate, No,2900000,9800000,16,395,5400000,4300000,8600000,2400000,rejected
1143,0, Graduate, No,6500000,24100000,20,488,3300000,6000000,22900000,9700000,rejected
1144,1, Graduate, Yes,200000,400000,8,569,200000,200000,700000,300000,approved
1145,1, Not Graduate, No,8400000,24600000,14,817,1800000,13100000,31300000,8200000,approved
1146,1, Graduate, Yes,6100000,17800000,20,706,16000000,10900000,16900000,4300000,approved
1147,2, Graduate, Yes,8000000,31200000,8,553,6800000,3500000,21000000,10300000,approved
1148,5, Not Graduate, Yes,900000,1800000,14,464,2300000,300000,1800000,700000,rejected
1149,2, Graduate, No,7300000,20000000,6,729,13100000,10700000,17900000,9100000,approved
1150,4, Not Graduate, Yes,3700000,7400000,12,363,4800000,6800000,10500000,4400000,rejected
1151,2, Graduate, No,5200000,17200000,12,565,3500000,1300000,20000000,6300000,approved
1152,1, Graduate, No,7200000,21000000,14,421,3500000,11600000,21800000,4600000,rejected
1153,0, Not Graduate, Yes,9400000,34200000,10,512,13100000,15600000,32600000,6300000,rejected
1154,3, Not Graduate, Yes,3400000,12400000,2,730,2500000,3900000,12200000,4600000,approved
1155,0, Graduate, No,600000,2300000,8,627,1800000,500000,2200000,300000,approved
1156,0, Not Graduate, Yes,3300000,10000000,16,434,3000000,4100000,12900000,4100000,rejected
1157,2, Graduate, Yes,5900000,14300000,2,410,11900000,4400000,16900000,4100000,rejected
1158,3, Not Graduate, No,1300000,3600000,16,624,2400000,2300000,3300000,1900000,approved
1159,4, Graduate, Yes,5700000,16900000,4,656,13000000,7400000,22000000,8400000,approved
1160,2, Not Graduate, No,7700000,27300000,16,758,7300000,4600000,24800000,9100000,approved
1161,4, Not Graduate, Yes,7000000,23500000,18,336,15000000,9500000,19700000,7800000,rejected
1162,5, Graduate, No,8100000,21900000,18,378,5200000,3400000,16200000,9600000,rejected
1163,1, Graduate, Yes,1900000,4200000,4,620,4700000,2800000,7500000,900000,approved
1164,2, Graduate, No,4500000,9100000,18,593,-100000,600000,12400000,2500000,approved
1165,0, Not Graduate, Yes,9600000,34000000,12,710,23800000,10300000,38100000,7800000,approved
1166,1, Not Graduate, Yes,5400000,20700000,8,753,1900000,800000,19000000,3600000,approved
1167,1, Not Graduate, Yes,7800000,27200000,16,454,16100000,3400000,17100000,11400000,rejected
1168,1, Graduate, Yes,8200000,19100000,8,619,17200000,12200000,31500000,6600000,approved
1169,2, Graduate, No,8900000,28500000,6,367,22200000,16600000,21500000,9300000,rejected
1170,1, Graduate, No,1400000,3100000,20,384,200000,1200000,4200000,1800000,rejected
1171,2, Graduate, No,1700000,5900000,16,610,3100000,300000,3700000,1300000,approved
1172,0, Graduate, No,5300000,19500000,12,802,9800000,3300000,15200000,3200000,approved
1173,3, Graduate, No,6500000,25200000,10,858,15400000,10900000,14000000,8100000,approved
1174,2, Graduate, No,5900000,14000000,8,599,4700000,9500000,17800000,6700000,approved
1175,4, Graduate, Yes,9800000,27000000,2,395,18700000,3000000,23000000,9700000,rejected
1176,3, Graduate, Yes,7700000,16200000,6,380,11500000,15100000,22500000,6400000,rejected
1177,1, Graduate, No,7900000,27100000,10,803,20000000,9800000,22200000,6600000,approved
1178,4, Graduate, No,3500000,8900000,20,809,7100000,1500000,13700000,3200000,approved
1179,4, Not Graduate, No,2400000,6600000,2,722,6100000,3300000,5600000,3000000,approved
1180,5, Graduate, No,9900000,35700000,10,392,7900000,4300000,39200000,13000000,rejected
1181,0, Graduate, No,3900000,14500000,8,545,5900000,3000000,10300000,3400000,rejected
1182,2, Not Graduate, Yes,7300000,28500000,10,799,21500000,3100000,15800000,4300000,approved
1183,0, Graduate, Yes,6400000,21900000,12,727,15400000,10100000,24000000,5300000,approved
1184,4, Graduate, No,7100000,19800000,18,530,7100000,3400000,20900000,7100000,rejected
1185,2, Not Graduate, No,8800000,19000000,14,637,13700000,13900000,27100000,6100000,approved
1186,5, Graduate, No,7400000,21000000,4,561,21300000,3800000,26400000,3900000,approved
1187,2, Not Graduate, No,4400000,12000000,20,421,9300000,2700000,15700000,3400000,rejected
1188,3, Graduate, Yes,8600000,30300000,14,459,12000000,4100000,23800000,9100000,rejected
1189,3, Not Graduate, No,6900000,26000000,14,828,14800000,4200000,18500000,3600000,approved
1190,4, Graduate, No,9600000,27500000,20,679,23400000,7500000,37800000,6300000,approved
1191,2, Graduate, Yes,8100000,25700000,8,455,22300000,11500000,19800000,9500000,rejected
1192,0, Not Graduate, No,2600000,9400000,18,879,2800000,1400000,5100000,2300000,approved
1193,3, Graduate, Yes,9300000,26100000,14,636,4700000,16100000,34500000,11600000,approved
1194,2, Not Graduate, Yes,2100000,5600000,16,426,400000,300000,7100000,1200000,rejected
1195,4, Not Graduate, Yes,9000000,21500000,14,508,16600000,17300000,24300000,13100000,rejected
1196,3, Not Graduate, Yes,7000000,19200000,4,768,8600000,13700000,19200000,7700000,approved
1197,3, Not Graduate, No,2200000,6400000,20,667,6300000,3900000,8300000,2900000,approved
1198,5, Graduate, Yes,7500000,28200000,2,440,8200000,5800000,24400000,6000000,approved
1199,1, Graduate, Yes,8300000,16800000,2,366,22000000,6600000,27300000,4500000,rejected
1200,2, Not Graduate, No,300000,600000,2,383,600000,300000,1100000,400000,rejected
1201,0, Not Graduate, Yes,300000,800000,4,603,800000,200000,600000,200000,approved
1202,3, Graduate, No,3900000,14900000,4,728,4700000,4000000,14900000,5500000,approved
1203,0, Not Graduate, No,6600000,20300000,6,549,10800000,900000,23100000,9800000,rejected
1204,0, Graduate, No,4100000,10700000,8,855,11500000,700000,11200000,3100000,approved
1205,5, Graduate, Yes,1800000,5300000,12,461,2800000,2000000,4700000,2000000,rejected
1206,3, Not Graduate, Yes,7000000,16100000,16,379,2000000,5200000,23000000,10000000,rejected
1207,2, Not Graduate, Yes,5100000,13700000,6,559,7800000,9800000,12700000,5100000,approved
1208,1, Not Graduate, Yes,300000,600000,8,816,600000,300000,1100000,200000,approved
1209,4, Not Graduate, Yes,4300000,11400000,2,560,10000000,3900000,8900000,3300000,approved
1210,0, Graduate, Yes,3200000,12000000,14,645,5200000,1400000,12100000,3400000,approved
1211,4, Not Graduate, Yes,4200000,11500000,6,551,10600000,7600000,11300000,5000000,approved
1212,0, Not Graduate, Yes,9600000,22900000,8,515,4300000,14700000,33300000,7800000,rejected
1213,4, Graduate, No,1300000,3600000,10,657,3200000,1900000,2900000,1100000,approved
1214,3, Not Graduate, No,2400000,9300000,2,682,3100000,4400000,5200000,1500000,approved
1215,0, Graduate, No,600000,1600000,10,588,1600000,100000,1100000,300000,approved
1216,5, Graduate, Yes,9600000,38000000,10,359,2100000,13600000,38200000,9400000,rejected
1217,0, Graduate, No,400000,1200000,4,766,900000,300000,1200000,300000,approved
1218,4, Graduate, No,5900000,19900000,14,469,14200000,6800000,22100000,3200000,rejected
1219,0, Graduate, Yes,700000,1400000,10,618,1300000,200000,1700000,500000,approved
1220,0, Not Graduate, Yes,8600000,17700000,20,711,22000000,0,30800000,7400000,approved
1221,0, Graduate, Yes,9000000,34000000,4,549,2000000,8900000,20000000,12400000,approved
1222,3, Graduate, Yes,5100000,20400000,6,754,1700000,2600000,11800000,7600000,approved
1223,4, Not Graduate, Yes,500000,1500000,6,461,1300000,500000,1700000,200000,rejected
1224,2, Graduate, No,1600000,3800000,10,837,3800000,1100000,5500000,1600000,approved
1225,0, Graduate, Yes,9800000,23900000,14,459,1000000,13400000,21100000,7200000,rejected
1226,4, Graduate, No,7800000,29700000,20,614,22000000,700000,26800000,6300000,approved
1227,4, Not Graduate, No,6500000,24000000,16,373,5600000,5100000,15600000,6700000,rejected
1228,5, Graduate, Yes,7500000,26500000,12,512,16500000,2900000,23700000,6000000,rejected
1229,4, Graduate, Yes,8900000,23400000,18,781,16500000,3100000,24900000,5800000,approved
1230,4, Graduate, Yes,1800000,5800000,14,305,600000,3300000,3600000,2000000,rejected
1231,1, Not Graduate, Yes,7600000,27800000,6,447,1300000,700000,20100000,10900000,rejected
1232,4, Graduate, Yes,1200000,4600000,6,757,1900000,200000,4800000,1500000,approved
1233,5, Graduate, Yes,2700000,10400000,2,723,2800000,700000,10300000,1400000,approved
1234,1, Not Graduate, Yes,4600000,10900000,12,463,1200000,1200000,10900000,6600000,rejected
1235,2, Not Graduate, No,6900000,18700000,10,699,12800000,5700000,21200000,5200000,approved
1236,4, Graduate, Yes,8400000,25200000,2,308,8100000,9300000,27700000,10500000,approved
1237,0, Graduate, No,300000,500000,18,702,300000,400000,1200000,100000,approved
1238,2, Not Graduate, Yes,9500000,37500000,4,456,10200000,16800000,34100000,12900000,approved
1239,3, Graduate, Yes,1900000,5900000,8,651,700000,2100000,6200000,1500000,approved
1240,3, Not Graduate, No,4200000,14500000,20,840,4500000,5900000,8900000,4600000,approved
1241,4, Graduate, Yes,2200000,7900000,18,848,5100000,1700000,8500000,1600000,approved
1242,5, Graduate, Yes,7100000,19700000,4,727,7700000,12900000,23600000,5800000,approved
1243,4, Graduate, No,3500000,11600000,10,335,6300000,5200000,10300000,2300000,rejected
1244,5, Not Graduate, No,400000,800000,18,304,900000,500000,1400000,400000,rejected
1245,2, Graduate, Yes,8800000,34400000,2,712,10500000,12500000,29300000,5900000,approved
1246,0, Not Graduate, No,1800000,6600000,10,737,5000000,2000000,6000000,1500000,approved
1247,1, Graduate, Yes,7600000,29300000,14,690,13900000,4000000,30000000,9100000,approved
1248,1, Graduate, Yes,1000000,3200000,4,888,2000000,1500000,2200000,1300000,approved
1249,2, Not Graduate, Yes,8200000,27200000,10,839,9200000,6400000,25500000,6000000,approved
1250,5, Not Graduate, Yes,3600000,12400000,8,333,8800000,1000000,10700000,4000000,rejected
1251,5, Graduate, No,9400000,23700000,18,862,21500000,3500000,22400000,5600000,approved
1252,5, Not Graduate, No,2600000,9100000,4,309,6400000,1400000,5900000,3400000,approved
1253,5, Not Graduate, No,9500000,30700000,10,823,16300000,3700000,30300000,13100000,approved
1254,0, Graduate, Yes,3500000,11700000,14,649,2700000,700000,11400000,4800000,approved
1255,5, Not Graduate, Yes,9800000,35700000,10,726,9400000,18900000,31200000,12000000,approved
1256,4, Graduate, No,800000,3100000,18,712,400000,700000,1900000,1100000,approved
1257,0, Not Graduate, No,9700000,37300000,20,701,12100000,16200000,24100000,10500000,approved
1258,3, Graduate, No,6200000,21300000,12,655,6500000,11600000,19200000,5000000,approved
1259,1, Not Graduate, Yes,4400000,16600000,18,385,800000,5300000,13400000,5100000,rejected
1260,2, Graduate, No,1800000,3800000,4,777,5100000,2700000,4600000,1400000,approved
1261,3, Graduate, No,1700000,5300000,14,696,300000,700000,4500000,800000,approved
1262,3, Graduate, No,3900000,14100000,16,496,2500000,2200000,13700000,2900000,rejected
1263,2, Graduate, Yes,2200000,7900000,6,659,3400000,1800000,8600000,2400000,approved
1264,3, Not Graduate, Yes,6300000,17700000,2,542,16800000,900000,16400000,5300000,rejected
1265,2, Not Graduate, No,2200000,8700000,18,729,3900000,3300000,7600000,1300000,approved
1266,1, Graduate, No,8100000,28400000,6,744,20300000,10500000,21800000,7700000,approved
1267,4, Not Graduate, No,6800000,17000000,2,749,18000000,3800000,27100000,9400000,approved
1268,0, Graduate, No,4700000,14800000,20,755,12300000,5000000,15400000,3700000,approved
1269,3, Graduate, Yes,2200000,5300000,2,506,1600000,1700000,5800000,2800000,rejected
1270,3, Graduate, Yes,3500000,13000000,6,391,6100000,3500000,13300000,4300000,rejected
1271,1, Not Graduate, Yes,3500000,11600000,10,898,3100000,2700000,9000000,4500000,approved
1272,5, Not Graduate, No,500000,1500000,12,527,100000,600000,1100000,200000,rejected
1273,5, Not Graduate, No,9900000,35800000,20,470,9500000,18400000,39100000,14700000,rejected
1274,1, Graduate, No,8400000,25000000,12,694,5300000,14900000,23000000,7700000,approved
1275,1, Graduate, No,5000000,18800000,14,325,13100000,5700000,12800000,4300000,rejected
1276,4, Not Graduate, Yes,5500000,13400000,10,880,300000,800000,19900000,2800000,approved
1277,5, Graduate, Yes,3000000,11900000,14,459,6000000,4800000,11700000,4200000,rejected
1278,3, Not Graduate, Yes,9400000,21400000,10,323,5100000,15500000,29600000,11300000,rejected
1279,4, Graduate, No,7600000,29000000,8,739,22100000,8100000,22100000,8800000,approved
1280,0, Not Graduate, Yes,5500000,16300000,10,724,11900000,1500000,11900000,6200000,approved
1281,1, Graduate, No,3100000,7400000,18,487,8400000,1200000,9200000,4500000,rejected
1282,3, Graduate, No,7700000,27700000,4,439,13900000,7500000,27100000,6200000,approved
1283,2, Graduate, No,9800000,25400000,2,655,19900000,4600000,21300000,7900000,approved
1284,3, Not Graduate, No,3200000,9200000,14,443,3300000,1100000,7200000,4500000,rejected
1285,2, Graduate, No,700000,2600000,20,489,100000,200000,2400000,900000,rejected
1286,4, Not Graduate, Yes,3100000,8600000,14,427,3100000,3800000,9900000,3700000,rejected
1287,0, Graduate, Yes,4500000,10500000,20,417,9800000,2000000,9600000,5800000,rejected
1288,5, Not Graduate, Yes,8900000,24800000,18,842,16200000,5000000,20000000,8100000,approved
1289,3, Not Graduate, No,5900000,23200000,2,307,15500000,10000000,21100000,6300000,approved
1290,2, Not Graduate, No,1500000,4500000,18,428,4500000,1200000,5600000,1100000,rejected
1291,4, Not Graduate, Yes,6300000,15200000,16,415,15500000,1800000,20700000,7900000,rejected
1292,3, Not Graduate, Yes,6500000,18200000,20,405,10400000,2800000,21300000,6700000,rejected
1293,4, Graduate, No,8000000,31500000,18,683,10300000,7900000,30100000,9600000,approved
1294,1, Graduate, Yes,3300000,10600000,14,742,300000,600000,8400000,4500000,approved
1295,4, Not Graduate, No,3900000,10000000,10,530,10900000,200000,12300000,1900000,rejected
1296,3, Graduate, No,1600000,3500000,10,844,4500000,2200000,5200000,1600000,approved
1297,2, Not Graduate, Yes,3900000,13900000,18,715,5000000,5600000,9900000,2100000,approved
1298,3, Graduate, Yes,8000000,26300000,12,476,21700000,6600000,16400000,9000000,rejected
1299,2, Graduate, No,2200000,4800000,6,721,1800000,100000,6900000,2200000,approved
1300,4, Not Graduate, No,7600000,30300000,12,339,20400000,8000000,22200000,5800000,rejected
1301,5, Not Graduate, Yes,2700000,6800000,6,461,4500000,2000000,8200000,1700000,rejected
1302,2, Graduate, Yes,6300000,23200000,12,556,7000000,8300000,24200000,5300000,approved
1303,3, Not Graduate, No,7700000,18700000,8,483,15100000,5600000,24600000,10200000,rejected
1304,2, Graduate, No,4500000,17200000,18,406,4100000,6300000,13800000,3300000,rejected
1305,2, Graduate, Yes,9400000,24800000,14,513,24200000,18200000,37200000,7500000,rejected
1306,0, Not Graduate, No,4600000,12600000,16,574,3400000,6200000,15100000,3600000,approved
1307,0, Graduate, Yes,5200000,15700000,6,692,3800000,7000000,12800000,5500000,approved
1308,5, Graduate, Yes,8000000,29800000,18,867,17700000,14100000,22800000,9200000,approved
1309,1, Not Graduate, Yes,9900000,38500000,2,875,19600000,2900000,20200000,6500000,approved
1310,4, Graduate, Yes,8500000,18600000,10,597,16600000,3200000,21000000,11600000,approved
1311,2, Graduate, Yes,4900000,12000000,20,513,14200000,8100000,18300000,4800000,rejected
1312,3, Graduate, Yes,7000000,24200000,2,354,18200000,7000000,15900000,7900000,approved
1313,2, Not Graduate, No,9600000,25900000,18,647,11800000,9900000,35600000,11500000,approved
1314,1, Graduate, No,9700000,23700000,6,875,11500000,14400000,38100000,10400000,approved
1315,1, Graduate, No,6200000,14300000,20,819,7500000,11700000,16700000,4300000,approved
1316,4, Not Graduate, Yes,4100000,9600000,10,521,11900000,7100000,14100000,4900000,rejected
1317,0, Graduate, Yes,6100000,19900000,20,761,4500000,3700000,12700000,7100000,approved
1318,0, Graduate, No,700000,1900000,18,572,1400000,1000000,2000000,300000,approved
1319,3, Graduate, No,6400000,24100000,12,571,19000000,11500000,13200000,7500000,approved
1320,4, Graduate, Yes,3800000,7800000,20,891,4600000,7000000,14300000,3300000,approved
1321,1, Not Graduate, No,4900000,14800000,12,895,8600000,8200000,18300000,5200000,approved
1322,2, Graduate, No,2100000,6600000,20,580,3800000,4100000,6200000,2100000,approved
1323,2, Graduate, No,6200000,23400000,8,605,10000000,10800000,21800000,9200000,approved
1324,4, Not Graduate, No,1600000,5100000,8,705,2400000,800000,5100000,1900000,approved
1325,1, Not Graduate, Yes,1300000,5000000,20,423,900000,800000,3900000,1600000,rejected
1326,5, Not Graduate, Yes,7300000,22500000,2,846,9800000,4700000,20300000,5700000,approved
1327,2, Not Graduate, No,2100000,5000000,4,542,700000,600000,6600000,3100000,rejected
1328,5, Not Graduate, No,600000,2400000,18,631,600000,300000,2100000,900000,approved
1329,4, Graduate, No,7000000,24500000,18,318,4300000,1700000,16300000,3600000,rejected
1330,1, Not Graduate, Yes,3000000,6800000,10,541,5800000,5700000,10700000,2900000,rejected
1331,1, Graduate, No,900000,2900000,20,782,0,1500000,3500000,800000,approved
1332,2, Graduate, No,9600000,35000000,2,888,12600000,6500000,37900000,5800000,approved
1333,0, Graduate, No,1500000,3600000,14,747,200000,1400000,3000000,1200000,approved
1334,0, Graduate, Yes,5000000,18900000,6,641,4300000,8500000,19600000,6700000,approved
1335,3, Graduate, Yes,500000,1700000,4,640,400000,700000,1300000,200000,approved
1336,4, Not Graduate, No,7600000,28100000,12,324,12500000,8500000,19900000,11100000,rejected
1337,4, Graduate, No,5500000,21200000,20,359,4200000,5300000,18600000,6400000,rejected
1338,0, Not Graduate, Yes,6600000,23300000,12,338,2400000,800000,18900000,9300000,rejected
1339,0, Graduate, No,1400000,3200000,14,384,3100000,800000,3400000,2000000,rejected
1340,5, Not Graduate, Yes,8800000,26600000,16,545,19100000,16600000,30400000,7600000,rejected
1341,5, Not Graduate, No,6200000,24200000,18,610,10200000,7800000,19600000,8300000,approved
1342,2, Graduate, Yes,8300000,27900000,18,840,12600000,3500000,19100000,9200000,approved
1343,3, Not Graduate, No,2400000,8100000,6,630,5100000,2900000,9100000,2300000,approved
1344,1, Graduate, No,9100000,31200000,4,508,12800000,11700000,31100000,7800000,approved
1345,0, Not Graduate, Yes,9500000,34900000,4,535,800000,14100000,25600000,14000000,approved
1346,1, Graduate, No,1200000,3400000,20,717,3100000,1500000,2500000,900000,approved
1347,2, Graduate, Yes,7700000,19300000,8,735,1200000,1900000,23800000,10400000,approved
1348,5, Graduate, Yes,7800000,22000000,20,528,5800000,8800000,24700000,4900000,rejected
1349,0, Graduate, Yes,9400000,20000000,4,350,3300000,1400000,37200000,4700000,rejected
1350,0, Not Graduate, No,1700000,5700000,12,422,3400000,1100000,6500000,900000,rejected
1351,5, Graduate, No,4000000,13700000,6,496,-100000,1400000,15800000,3700000,rejected
1352,4, Not Graduate, No,4200000,15500000,18,794,7300000,700000,13400000,2200000,approved
1353,2, Graduate, No,2400000,7700000,6,719,6000000,1700000,6700000,1600000,approved
1354,3, Not Graduate, Yes,2700000,6100000,14,630,3900000,2800000,10600000,2300000,approved
1355,3, Not Graduate, Yes,600000,1800000,4,843,1400000,300000,1700000,400000,approved
1356,2, Graduate, No,4600000,15600000,2,764,7700000,1500000,16000000,5800000,approved
1357,3, Graduate, No,7200000,17700000,4,662,13100000,11500000,16300000,5300000,approved
1358,0, Not Graduate, No,4700000,15500000,16,311,12800000,200000,17500000,2700000,rejected
1359,4, Not Graduate, No,4300000,10100000,2,606,9900000,1800000,8900000,5500000,approved
1360,5, Graduate, No,4700000,10200000,16,874,10800000,7700000,11100000,7000000,approved
1361,4, Not Graduate, Yes,8700000,30000000,4,370,17600000,15600000,34600000,12100000,approved
1362,1, Graduate, No,7000000,20500000,10,414,19700000,7500000,20700000,5100000,rejected
1363,2, Not Graduate, No,600000,1100000,10,800,1200000,200000,2300000,900000,approved
1364,1, Not Graduate, No,6800000,16900000,12,779,13800000,10200000,23400000,4400000,approved
1365,1, Not Graduate, No,6400000,14100000,20,553,11700000,4500000,20000000,3600000,approved
1366,4, Not Graduate, No,7600000,29900000,18,445,4800000,13900000,18400000,5700000,rejected
1367,3, Not Graduate, No,9000000,21400000,8,496,16400000,7300000,31800000,12500000,rejected
1368,0, Graduate, Yes,2400000,5900000,10,650,5100000,3700000,5300000,2300000,approved
1369,3, Not Graduate, No,6800000,17900000,6,783,20000000,9800000,23600000,5500000,approved
1370,5, Graduate, Yes,3500000,13500000,10,535,3100000,5700000,12500000,3100000,rejected
1371,4, Graduate, Yes,8900000,34000000,20,415,13500000,3100000,33600000,12800000,rejected
1372,0, Not Graduate, No,6000000,15300000,8,709,8900000,1700000,16400000,3500000,approved
1373,3, Not Graduate, No,700000,2500000,14,819,1600000,1000000,2100000,900000,approved
1374,0, Not Graduate, Yes,6800000,17300000,18,841,10500000,8600000,16000000,8700000,approved
1375,4, Not Graduate, Yes,5300000,10700000,12,700,15800000,1900000,20500000,2900000,approved
1376,1, Graduate, Yes,1400000,4200000,4,881,2800000,1200000,5100000,1300000,approved
1377,2, Graduate, Yes,1400000,4600000,4,804,1900000,2200000,5200000,700000,approved
1378,4, Not Graduate, No,9200000,21700000,6,653,22700000,4600000,29400000,8600000,approved
1379,1, Graduate, Yes,7900000,29200000,2,663,19600000,12100000,28600000,10100000,approved
1380,0, Not Graduate, No,4500000,17500000,10,495,10300000,3500000,9700000,6200000,rejected
1381,1, Not Graduate, No,3800000,9800000,8,335,100000,5100000,14200000,1800000,rejected
1382,5, Graduate, Yes,1500000,4900000,6,618,3400000,1000000,3200000,900000,approved
1383,3, Not Graduate, No,1200000,2400000,12,480,3000000,100000,3100000,1700000,rejected
1384,4, Not Graduate, No,1700000,4900000,18,843,4800000,2200000,6200000,1800000,approved
1385,4, Graduate, No,5200000,14100000,16,483,11800000,800000,19200000,2700000,rejected
1386,1, Not Graduate, No,1600000,5100000,12,548,2200000,2700000,3600000,800000,rejected
1387,4, Graduate, Yes,6600000,16000000,16,379,6500000,12600000,24700000,4500000,rejected
1388,5, Not Graduate, Yes,9400000,26600000,20,771,10200000,12600000,36900000,11700000,approved
1389,4, Graduate, Yes,300000,500000,2,353,600000,100000,1200000,400000,rejected
1390,5, Not Graduate, No,4600000,11500000,16,668,6500000,3100000,10200000,5500000,approved
1391,3, Not Graduate, Yes,6100000,21300000,2,387,7100000,3100000,16300000,4100000,approved
1392,0, Not Graduate, Yes,1500000,4100000,12,789,3600000,1600000,5800000,1300000,approved
1393,0, Graduate, Yes,400000,900000,2,855,-100000,500000,1300000,400000,approved
1394,0, Not Graduate, No,8700000,33600000,14,751,7100000,13700000,22800000,7000000,approved
1395,3, Not Graduate, No,7000000,21600000,12,739,1600000,7600000,24500000,8400000,approved
1396,4, Graduate, No,4700000,13100000,14,492,1000000,4500000,14100000,6400000,rejected
1397,4, Not Graduate, Yes,7600000,23800000,16,896,3700000,4500000,15400000,6400000,approved
1398,1, Not Graduate, Yes,9200000,24500000,4,545,25700000,0,20600000,13300000,rejected
1399,5, Not Graduate, No,9400000,36800000,20,891,13900000,16600000,19300000,8900000,approved
1400,0, Graduate, No,4800000,15100000,6,848,1300000,300000,18800000,3500000,approved
1401,3, Not Graduate, Yes,600000,2400000,12,884,600000,800000,1400000,600000,approved
1402,3, Graduate, Yes,4900000,14300000,14,439,10300000,5600000,17400000,5100000,rejected
1403,3, Graduate, Yes,3300000,8500000,12,586,7500000,5100000,7800000,3900000,approved
1404,3, Graduate, Yes,9100000,18800000,20,308,14500000,10200000,20500000,4800000,rejected
1405,5, Graduate, No,6100000,23500000,16,300,300000,700000,22800000,4800000,rejected
1406,3, Graduate, Yes,8400000,19600000,2,741,21500000,200000,18700000,8300000,approved
1407,4, Graduate, No,7900000,31400000,8,698,16500000,11400000,28700000,5100000,approved
1408,2, Not Graduate, Yes,6100000,22300000,10,733,12100000,9700000,17200000,5600000,approved
1409,3, Not Graduate, Yes,2000000,4200000,16,571,1700000,3900000,5800000,1300000,approved
1410,3, Graduate, Yes,9900000,29900000,20,490,10500000,9100000,27100000,7400000,rejected
1411,2, Not Graduate, No,9500000,25400000,16,451,19000000,2900000,33800000,11400000,rejected
1412,4, Graduate, Yes,1900000,6800000,6,559,3600000,2200000,6200000,1200000,approved
1413,4, Graduate, Yes,6900000,21400000,10,577,12500000,2200000,14900000,6300000,approved
1414,2, Not Graduate, Yes,1500000,5000000,4,613,4400000,1300000,5200000,2100000,approved
1415,4, Not Graduate, No,1900000,3800000,20,785,1000000,600000,6100000,1500000,approved
1416,0, Graduate, Yes,2300000,6000000,8,690,5500000,2900000,6000000,2000000,approved
1417,2, Not Graduate, No,7800000,17100000,14,351,19000000,7200000,19300000,7100000,rejected
1418,4, Not Graduate, No,400000,1000000,10,447,0,300000,900000,300000,rejected
1419,0, Graduate, Yes,9400000,19200000,20,708,21200000,16300000,23400000,13200000,approved
1420,2, Graduate, No,9100000,21700000,12,549,25500000,11000000,34700000,12200000,rejected
1421,1, Graduate, Yes,9000000,18800000,8,797,4100000,9400000,22900000,7500000,approved
1422,4, Not Graduate, No,7100000,14300000,14,537,13700000,10400000,18200000,6100000,rejected
1423,3, Graduate, No,800000,2500000,12,828,1700000,0,1500000,700000,approved
1424,0, Graduate, Yes,4500000,9600000,14,471,3200000,7700000,11000000,3600000,rejected
1425,5, Graduate, No,8500000,25400000,4,336,8500000,1200000,30600000,9000000,rejected
1426,3, Not Graduate, Yes,2500000,9800000,16,424,4700000,3200000,5800000,1300000,rejected
1427,2, Graduate, No,1500000,3300000,18,440,800000,2300000,3000000,1800000,rejected
1428,0, Not Graduate, No,6200000,17300000,8,583,3700000,3900000,13600000,3300000,approved
1429,1, Not Graduate, Yes,1300000,2900000,6,480,2900000,300000,2900000,1400000,rejected
1430,5, Not Graduate, No,6600000,25800000,10,670,4600000,7200000,20600000,8500000,approved
1431,0, Graduate, Yes,5300000,13700000,6,329,8800000,7600000,11200000,2800000,rejected
1432,5, Not Graduate, No,1400000,3000000,6,754,3500000,2700000,5300000,1400000,approved
1433,2, Not Graduate, Yes,2900000,7800000,18,588,400000,100000,11600000,4200000,approved
1434,3, Not Graduate, No,6500000,16500000,4,551,5300000,800000,18500000,7600000,approved
1435,3, Graduate, No,8300000,18900000,4,316,20200000,9700000,21300000,8200000,rejected
1436,2, Not Graduate, Yes,8900000,32200000,12,382,0,11300000,20500000,5400000,rejected
1437,3, Graduate, No,5300000,15000000,6,717,7000000,4100000,17100000,5300000,approved
1438,0, Graduate, No,2800000,7300000,6,676,3500000,2200000,5700000,3200000,approved
1439,1, Not Graduate, No,8000000,27800000,6,667,6000000,12600000,22500000,9900000,approved
1440,3, Not Graduate, No,3900000,10500000,20,821,1600000,6300000,11000000,3900000,approved
1441,0, Graduate, No,6200000,20100000,20,345,9300000,5900000,17400000,4100000,rejected
1442,3, Not Graduate, Yes,5900000,19200000,10,442,9500000,500000,18300000,4700000,rejected
1443,1, Graduate, Yes,6000000,23300000,12,672,2000000,11300000,19600000,6400000,approved
1444,3, Not Graduate, Yes,9100000,29300000,2,508,19000000,5100000,31600000,11900000,approved
1445,5, Graduate, Yes,3400000,12300000,10,615,7000000,1600000,11400000,3500000,approved
1446,1, Graduate, Yes,1800000,4400000,8,689,3200000,2500000,3800000,1600000,approved
1447,1, Graduate, No,300000,1200000,18,747,100000,0,700000,200000,rejected
1448,1, Graduate, Yes,9000000,22800000,10,412,0,15600000,32000000,4700000,rejected
1449,1, Graduate, No,6400000,16900000,2,703,6300000,7300000,15900000,7400000,approved
1450,5, Not Graduate, No,5800000,22200000,16,884,1200000,4800000,19500000,8500000,approved
1451,5, Graduate, Yes,2600000,8600000,18,651,1000000,100000,7800000,2600000,approved
1452,4, Not Graduate, No,6600000,17300000,14,793,16700000,1400000,17500000,3900000,approved
1453,2, Not Graduate, No,6100000,21800000,4,407,9800000,100000,20200000,5800000,approved
1454,2, Not Graduate, No,4100000,11100000,8,390,800000,3100000,10100000,3400000,rejected
1455,3, Not Graduate, Yes,300000,1000000,12,469,600000,400000,700000,300000,rejected
1456,4, Graduate, No,4700000,10400000,6,373,6800000,8600000,14300000,5400000,rejected
1457,4, Graduate, Yes,1500000,5800000,2,304,2400000,1600000,3300000,1400000,approved
1458,5, Not Graduate, No,2700000,8300000,8,833,4600000,1300000,6800000,3300000,approved
1459,2, Graduate, No,6900000,20900000,2,302,18700000,10700000,26900000,9200000,approved
1460,0, Graduate, No,7600000,28700000,6,397,11000000,13200000,24600000,3800000,rejected
1461,1, Graduate, No,4100000,10000000,6,891,4900000,300000,12600000,3600000,approved
1462,3, Not Graduate, No,4100000,12200000,2,457,700000,500000,14100000,4900000,rejected
1463,4, Not Graduate, No,1600000,3200000,16,657,200000,100000,5700000,1200000,approved
1464,2, Not Graduate, Yes,400000,1400000,2,480,200000,700000,1600000,200000,approved
1465,5, Graduate, Yes,4400000,17300000,20,840,3600000,5100000,12900000,2300000,approved
1466,2, Not Graduate, Yes,3800000,8000000,12,866,6000000,600000,8400000,1900000,approved
1467,0, Not Graduate, No,4300000,17000000,8,619,4100000,6600000,17100000,3900000,approved
1468,1, Graduate, Yes,9000000,33500000,2,748,7900000,9800000,25700000,11500000,approved
1469,3, Not Graduate, Yes,9500000,25500000,12,881,27000000,14100000,21600000,8900000,approved
1470,2, Graduate, Yes,6900000,13900000,8,829,14300000,8100000,22400000,4600000,approved
1471,3, Not Graduate, No,4300000,11100000,6,312,4800000,3800000,10100000,3300000,rejected
1472,3, Not Graduate, No,6600000,21400000,10,467,15200000,6000000,20300000,5200000,rejected
1473,1, Graduate, Yes,5200000,14300000,18,650,5400000,2300000,17600000,3600000,approved
1474,3, Graduate, Yes,400000,1100000,6,711,100000,300000,1400000,100000,approved
1475,4, Not Graduate, No,1300000,4100000,18,886,2800000,500000,3800000,600000,approved
1476,5, Not Graduate, No,9700000,28400000,4,494,5300000,12000000,24400000,10000000,rejected
1477,2, Graduate, Yes,5400000,10900000,14,741,1300000,6000000,20400000,5600000,approved
1478,4, Not Graduate, No,1200000,3300000,12,876,400000,100000,3800000,1000000,approved
1479,0, Graduate, Yes,7000000,26400000,14,610,14300000,0,13900000,5300000,approved
1480,5, Graduate, No,7600000,26000000,6,778,12900000,2400000,25500000,10900000,approved
1481,5, Graduate, Yes,700000,1800000,14,571,200000,400000,1900000,400000,approved
1482,3, Graduate, Yes,7500000,25100000,18,554,12500000,7900000,28500000,4700000,approved
1483,0, Not Graduate, Yes,2300000,6200000,8,712,6800000,1700000,8800000,1500000,approved
1484,5, Not Graduate, Yes,5600000,11500000,4,695,9500000,7100000,11700000,7800000,approved
1485,0, Not Graduate, Yes,5400000,10900000,20,366,3700000,500000,21000000,4800000,rejected
1486,1, Not Graduate, Yes,1800000,5500000,10,426,5000000,1500000,5900000,1600000,rejected
1487,0, Not Graduate, No,2900000,6900000,10,320,5100000,500000,7700000,1500000,rejected
1488,3, Not Graduate, Yes,1400000,4600000,8,543,1500000,1200000,2700000,2000000,rejected
1489,2, Graduate, No,2800000,11000000,16,525,8200000,1800000,5800000,2400000,rejected
1490,0, Not Graduate, Yes,3300000,13100000,12,812,4800000,4900000,7500000,4300000,approved
1491,0, Not Graduate, No,7000000,25300000,14,697,15100000,10400000,14300000,6700000,approved
1492,1, Not Graduate, No,3900000,15100000,12,527,10600000,5100000,11100000,3800000,rejected
1493,1, Not Graduate, No,5700000,17200000,4,512,4300000,7000000,21400000,3000000,approved
1494,0, Graduate, No,4100000,9200000,4,671,3400000,6300000,10400000,4900000,approved
1495,1, Graduate, Yes,2200000,8700000,20,539,1000000,4000000,8200000,2600000,rejected
1496,5, Not Graduate, No,2200000,7200000,10,532,2700000,300000,7500000,1600000,rejected
1497,3, Not Graduate, Yes,2500000,7700000,16,485,2000000,3600000,5600000,3200000,rejected
1498,0, Not Graduate, Yes,900000,2100000,6,521,100000,1700000,2100000,700000,rejected
1499,1, Not Graduate, No,2900000,7400000,10,874,400000,1200000,10100000,3300000,approved
1500,2, Not Graduate, No,9800000,22900000,10,788,1300000,10300000,27200000,14000000,approved
1501,2, Not Graduate, No,5200000,14800000,12,659,11500000,5200000,18100000,4100000,approved
1502,1, Graduate, Yes,8600000,19600000,16,498,14800000,3000000,21000000,5300000,rejected
1503,2, Graduate, Yes,4800000,13200000,20,310,11800000,4600000,12900000,4200000,rejected
1504,0, Graduate, No,2000000,4700000,6,785,2900000,1800000,6700000,1700000,approved
1505,0, Graduate, No,3600000,8700000,10,309,6300000,1000000,8600000,3300000,rejected
1506,3, Not Graduate, Yes,5300000,19600000,2,433,14700000,9900000,10800000,3000000,approved
1507,1, Not Graduate, Yes,400000,1300000,18,801,100000,0,1500000,600000,approved
1508,3, Graduate, Yes,6500000,22400000,6,488,16800000,11700000,21700000,6800000,rejected
1509,0, Not Graduate, Yes,2300000,6000000,16,756,2900000,2100000,7500000,1200000,approved
1510,3, Graduate, No,1000000,2800000,4,757,2500000,100000,3800000,900000,approved
1511,5, Not Graduate, No,3200000,10100000,6,828,8500000,6000000,8700000,3000000,approved
1512,3, Graduate, Yes,3400000,7200000,12,733,4800000,2700000,8100000,2200000,approved
1513,0, Not Graduate, No,9600000,38200000,8,421,1600000,14100000,33600000,13800000,rejected
1514,3, Not Graduate, No,5300000,20300000,4,872,4300000,7300000,18400000,7600000,approved
1515,3, Graduate, No,4700000,17400000,10,393,12400000,5300000,18700000,5300000,rejected
1516,3, Graduate, No,9700000,37800000,12,700,13400000,6100000,25800000,11900000,approved
1517,5, Graduate, No,8800000,21600000,18,613,15400000,12100000,30000000,8400000,approved
1518,5, Graduate, No,5900000,13400000,6,455,3200000,11200000,21600000,6900000,rejected
1519,4, Graduate, Yes,2400000,7100000,16,871,7000000,300000,8500000,3500000,approved
1520,4, Graduate, Yes,7900000,21500000,16,497,2200000,5200000,23100000,7700000,rejected
1521,0, Graduate, No,1400000,2700000,2,649,2600000,1000000,5500000,1100000,approved
1522,0, Graduate, Yes,3500000,10000000,14,709,5300000,1800000,9200000,5000000,approved
1523,4, Graduate, No,3400000,13500000,12,705,10000000,1100000,8300000,4900000,approved
1524,2, Graduate, No,6100000,23600000,2,476,4600000,2900000,22500000,3800000,approved
1525,2, Not Graduate, Yes,3000000,7100000,4,819,5400000,4800000,6000000,2100000,approved
1526,5, Not Graduate, Yes,3400000,9400000,16,535,3100000,5600000,12900000,3200000,rejected
1527,0, Graduate, Yes,400000,1200000,14,889,1100000,200000,700000,200000,approved
1528,0, Graduate, No,5900000,11800000,12,468,9100000,10000000,17500000,6200000,rejected
1529,5, Graduate, Yes,400000,800000,2,759,100000,500000,1300000,300000,approved
1530,3, Graduate, Yes,9000000,33600000,2,426,21600000,16200000,20700000,11900000,approved
1531,0, Graduate, Yes,8800000,23600000,8,712,400000,11300000,19300000,11100000,approved
1532,4, Graduate, Yes,2000000,4700000,2,615,500000,100000,6700000,3000000,approved
1533,2, Graduate, No,4700000,14000000,12,784,13400000,2700000,14800000,6900000,approved
1534,4, Not Graduate, No,2700000,6100000,16,677,100000,3300000,6500000,3800000,approved
1535,1, Not Graduate, No,2600000,7900000,12,306,2000000,2400000,7600000,3300000,rejected
1536,1, Not Graduate, Yes,9000000,25400000,16,655,22000000,8800000,29100000,7200000,approved
1537,4, Not Graduate, No,5100000,19400000,8,755,2200000,300000,14900000,5300000,approved
1538,2, Graduate, No,6600000,25800000,18,598,3800000,3100000,16400000,5900000,approved
1539,2, Graduate, No,4400000,9800000,18,712,5400000,200000,8800000,6400000,approved
1540,4, Not Graduate, Yes,1500000,4600000,6,524,3700000,2000000,5000000,1400000,rejected
1541,1, Not Graduate, No,6200000,23100000,16,838,9100000,1400000,23500000,7000000,approved
1542,4, Graduate, Yes,900000,2900000,6,560,1500000,900000,3100000,900000,approved
1543,3, Not Graduate, No,7700000,26400000,12,759,3400000,2900000,21900000,10800000,approved
1544,2, Graduate, Yes,600000,2400000,6,454,100000,600000,2300000,300000,rejected
1545,4, Not Graduate, No,4300000,16500000,4,539,10600000,6100000,9300000,2100000,approved
1546,2, Not Graduate, Yes,8200000,27800000,16,827,11500000,8700000,26000000,10700000,approved
1547,0, Not Graduate, No,3500000,11900000,12,686,4400000,4800000,10100000,2500000,approved
1548,1, Graduate, Yes,9900000,34100000,14,371,24400000,7100000,29300000,6200000,rejected
1549,5, Graduate, No,700000,1900000,4,784,500000,1000000,2100000,600000,approved
1550,1, Graduate, Yes,2100000,7300000,16,826,1600000,3500000,7700000,1400000,approved
1551,2, Not Graduate, No,3200000,10500000,12,502,4300000,1500000,10000000,4500000,rejected
1552,0, Graduate, No,2900000,7800000,8,367,700000,3700000,7700000,3600000,rejected
1553,0, Not Graduate, No,7000000,18300000,6,541,6300000,6400000,20800000,8300000,rejected
1554,1, Graduate, No,3700000,13600000,16,608,400000,2200000,13400000,2800000,approved
1555,3, Not Graduate, Yes,4500000,13100000,12,570,10500000,2000000,10100000,5800000,approved
1556,3, Graduate, No,200000,800000,18,752,200000,200000,300000,200000,approved
1557,5, Not Graduate, Yes,5600000,20500000,8,873,5500000,9500000,19400000,7800000,approved
1558,5, Graduate, No,5400000,18600000,2,538,7700000,2700000,18800000,4000000,approved
1559,4, Not Graduate, No,300000,1000000,10,819,700000,300000,900000,200000,approved
1560,1, Graduate, Yes,7500000,29800000,18,770,1400000,5200000,28000000,8700000,approved
1561,5, Not Graduate, Yes,2500000,9600000,6,345,1900000,1900000,6800000,2600000,rejected
1562,4, Graduate, Yes,3100000,8100000,12,730,6300000,4500000,9000000,4500000,approved
1563,1, Graduate, Yes,7600000,19300000,20,835,5800000,2300000,22000000,8200000,approved
1564,3, Not Graduate, Yes,500000,1700000,2,811,500000,500000,1400000,200000,approved
1565,2, Not Graduate, No,2700000,5900000,14,662,3200000,1600000,7300000,3800000,approved
1566,2, Not Graduate, Yes,3500000,13300000,4,420,6400000,1700000,8000000,2300000,approved
1567,5, Not Graduate, No,3700000,11700000,4,413,8400000,5500000,12000000,2700000,approved
1568,2, Not Graduate, Yes,5600000,20000000,10,367,13700000,5000000,19100000,6000000,rejected
1569,5, Not Graduate, Yes,4800000,16400000,14,390,8400000,2400000,9500000,4000000,rejected
1570,4, Not Graduate, Yes,5200000,12200000,2,602,10300000,800000,20500000,7700000,approved
1571,3, Graduate, No,2900000,11500000,16,843,2300000,2600000,10700000,4300000,approved
1572,1, Graduate, No,2700000,6800000,20,713,500000,3300000,6100000,1900000,approved
1573,3, Graduate, No,5000000,16200000,8,591,1900000,3400000,14000000,5000000,approved
1574,2, Not Graduate, Yes,2700000,9400000,14,701,400000,3400000,9900000,1900000,approved
1575,4, Not Graduate, Yes,2800000,10000000,12,655,4900000,3600000,8500000,3300000,approved
1576,3, Not Graduate, Yes,7300000,20000000,18,720,15500000,9900000,23000000,9800000,approved
1577,0, Graduate, Yes,5900000,15100000,10,794,6000000,4300000,14900000,5400000,approved
1578,0, Graduate, No,8100000,21300000,2,392,14200000,6600000,31500000,11000000,rejected
1579,3, Graduate, Yes,1900000,7100000,6,583,400000,2800000,6500000,2000000,approved
1580,5, Graduate, No,1800000,6800000,18,457,2200000,1100000,3800000,1400000,rejected
1581,0, Not Graduate, Yes,7600000,17800000,14,570,15200000,12100000,21500000,9900000,approved
1582,1, Graduate, No,9100000,30100000,14,890,17800000,12400000,32500000,7500000,approved
1583,2, Not Graduate, Yes,5300000,12300000,14,472,10000000,1600000,20400000,3300000,rejected
1584,2, Not Graduate, No,3700000,10900000,12,788,1700000,700000,12200000,2600000,approved
1585,0, Not Graduate, No,9500000,35300000,6,605,10000000,12700000,31100000,7000000,approved
1586,3, Graduate, No,8300000,30500000,10,473,13300000,9400000,23300000,11800000,rejected
1587,5, Graduate, No,6400000,21500000,16,728,300000,5200000,17400000,9600000,approved
1588,5, Graduate, Yes,5300000,17800000,16,505,9200000,8500000,14600000,4100000,rejected
1589,0, Graduate, Yes,5600000,19300000,6,407,3400000,3600000,14200000,8400000,rejected
1590,1, Graduate, Yes,900000,1700000,18,464,1300000,0,1900000,700000,rejected
1591,0, Graduate, Yes,2400000,7200000,20,514,4100000,2100000,6700000,1800000,rejected
1592,1, Graduate, No,9500000,23000000,10,627,28500000,11500000,21700000,9100000,approved
1593,2, Not Graduate, Yes,7400000,14900000,20,627,15900000,10100000,19000000,10300000,approved
1594,4, Not Graduate, Yes,1500000,3200000,10,858,1500000,0,4700000,1700000,approved
1595,3, Graduate, Yes,8800000,30200000,8,607,13600000,12700000,21500000,5900000,approved
1596,5, Not Graduate, Yes,4900000,14300000,4,663,8500000,6100000,19600000,5500000,approved
1597,1, Not Graduate, Yes,8100000,26900000,6,522,23000000,2100000,18700000,4200000,rejected
1598,2, Not Graduate, Yes,2300000,9100000,20,610,3700000,600000,7800000,3400000,approved
1599,5, Not Graduate, Yes,3000000,6600000,16,462,5500000,3500000,9100000,3600000,rejected
1600,2, Not Graduate, Yes,3900000,9300000,8,591,10900000,2700000,9600000,3300000,approved
1601,4, Graduate, Yes,1700000,6500000,20,636,1700000,900000,6200000,2300000,approved
1602,0, Not Graduate, Yes,2100000,4900000,10,359,1000000,800000,6100000,1000000,rejected
1603,4, Graduate, Yes,9700000,25000000,4,542,9800000,12000000,29300000,13400000,rejected
1604,5, Not Graduate, Yes,3500000,11800000,4,642,2300000,2900000,11900000,3600000,approved
1605,5, Not Graduate, Yes,1500000,5500000,4,414,800000,1400000,2900000,1200000,approved
1606,3, Not Graduate, Yes,8800000,26200000,20,865,19300000,9800000,27700000,12500000,approved
1607,3, Graduate, No,900000,3100000,10,369,1400000,100000,1700000,500000,rejected
1608,0, Graduate, Yes,3500000,10800000,14,838,4700000,6800000,13900000,1700000,approved
1609,5, Not Graduate, No,5500000,21200000,4,582,12100000,8300000,17100000,3100000,approved
1610,5, Not Graduate, Yes,9800000,23200000,10,416,11000000,17300000,21600000,8500000,rejected
1611,5, Graduate, No,2100000,5500000,20,705,5400000,1400000,4600000,1200000,approved
1612,0, Graduate, No,1800000,5700000,18,306,500000,700000,5600000,1700000,rejected
1613,5, Graduate, Yes,5800000,13000000,8,851,6700000,8700000,17700000,4100000,approved
1614,5, Graduate, No,6700000,17200000,18,613,9700000,6800000,24600000,7100000,approved
1615,3, Graduate, No,4300000,16300000,10,366,6900000,6700000,12300000,5500000,rejected
1616,1, Graduate, No,1200000,2800000,12,431,900000,400000,2900000,900000,rejected
1617,5, Not Graduate, Yes,9700000,25900000,2,754,9000000,10000000,28500000,6700000,approved
1618,5, Graduate, Yes,5400000,11200000,10,447,300000,7900000,21400000,6000000,rejected
1619,1, Not Graduate, Yes,5300000,14100000,14,510,13300000,10400000,18900000,7800000,rejected
1620,1, Graduate, No,7300000,24200000,20,324,12900000,3700000,18400000,9000000,rejected
1621,5, Graduate, No,9500000,19200000,2,523,13500000,1500000,21000000,6700000,rejected
1622,0, Not Graduate, Yes,7200000,15600000,2,362,2700000,2400000,20800000,5900000,rejected
1623,3, Graduate, Yes,9000000,32900000,6,657,9900000,600000,29200000,12000000,approved
1624,5, Not Graduate, No,6500000,23300000,12,790,600000,9700000,15500000,9500000,approved
1625,1, Graduate, Yes,9500000,30500000,18,500,1300000,3300000,20500000,5500000,rejected
1626,2, Not Graduate, Yes,9900000,33200000,4,465,26300000,17000000,24400000,5000000,approved
1627,4, Not Graduate, No,2900000,8700000,6,409,3700000,5500000,8200000,2200000,rejected
1628,4, Graduate, Yes,700000,1800000,20,626,500000,600000,1400000,300000,approved
1629,5, Not Graduate, No,4200000,13400000,16,545,9800000,8200000,12500000,3500000,rejected
1630,3, Not Graduate, No,4200000,11400000,10,654,8800000,400000,16200000,5700000,approved
1631,0, Not Graduate, No,7600000,26500000,6,515,6200000,14900000,22000000,4000000,rejected
1632,2, Graduate, Yes,7100000,18800000,12,838,1100000,5200000,16600000,4900000,approved
1633,1, Not Graduate, Yes,4700000,16000000,14,406,4000000,5300000,14300000,3300000,rejected
1634,0, Graduate, Yes,9800000,23200000,10,573,23900000,3300000,23600000,14600000,approved
1635,0, Graduate, Yes,9800000,38700000,2,611,6600000,10400000,33000000,6000000,approved
1636,0, Not Graduate, No,5100000,13400000,16,649,6800000,1600000,15700000,3900000,approved
1637,0, Not Graduate, Yes,3300000,7700000,12,775,8200000,2100000,7400000,4200000,approved
1638,3, Graduate, No,4500000,12500000,12,469,4100000,7600000,14200000,3400000,rejected
1639,0, Graduate, Yes,3900000,12800000,18,587,4500000,5300000,12600000,5000000,approved
1640,3, Graduate, Yes,3200000,9900000,10,316,9100000,5500000,8800000,3600000,rejected
1641,2, Graduate, No,3200000,10400000,10,556,8200000,5600000,11500000,4500000,approved
1642,2, Not Graduate, No,9600000,31200000,12,578,9900000,2200000,26500000,13500000,approved
1643,2, Not Graduate, Yes,8700000,18900000,2,554,3900000,1900000,18000000,11500000,approved
1644,2, Not Graduate, Yes,1900000,6800000,6,892,2600000,2200000,6400000,900000,approved
1645,2, Not Graduate, Yes,2900000,10200000,10,315,8100000,400000,6500000,1600000,rejected
1646,0, Not Graduate, No,6200000,12900000,10,695,1900000,3700000,22200000,4200000,approved
1647,0, Not Graduate, No,5900000,20300000,4,806,300000,3700000,16400000,4800000,approved
1648,4, Not Graduate, Yes,3200000,12800000,8,638,4300000,2600000,8000000,3800000,approved
1649,1, Not Graduate, Yes,1300000,5000000,4,610,3400000,800000,4500000,900000,approved
1650,2, Not Graduate, Yes,1300000,3200000,4,810,3800000,2100000,4300000,800000,approved
1651,1, Graduate, No,8700000,33200000,4,866,19600000,15900000,23700000,10500000,approved
1652,3, Not Graduate, No,6300000,23800000,10,760,12700000,1300000,18400000,8800000,approved
1653,3, Graduate, No,4300000,11200000,6,556,11000000,4300000,14500000,5100000,approved
1654,3, Not Graduate, Yes,6400000,23500000,12,684,17200000,10300000,25300000,7400000,approved
1655,5, Not Graduate, Yes,7700000,25800000,18,578,5000000,7700000,27200000,10600000,approved
1656,2, Not Graduate, No,6900000,23900000,12,814,13000000,1900000,26600000,6000000,approved
1657,0, Not Graduate, No,4200000,14800000,20,510,9200000,5700000,11900000,2600000,rejected
1658,4, Not Graduate, No,3900000,9000000,2,674,8700000,5700000,14000000,3100000,approved
1659,0, Graduate, Yes,2000000,4900000,14,570,3800000,300000,6600000,1300000,approved
1660,1, Not Graduate, No,500000,1700000,2,680,700000,800000,1400000,700000,approved
1661,0, Graduate, No,3500000,8800000,12,803,5400000,300000,8400000,3400000,approved
1662,2, Not Graduate, Yes,3100000,10700000,16,357,9200000,1900000,7700000,3800000,rejected
1663,3, Not Graduate, Yes,4900000,19000000,4,575,14100000,9100000,16500000,4600000,approved
1664,1, Not Graduate, No,1000000,3600000,4,546,2500000,0,2600000,500000,approved
1665,2, Graduate, No,6700000,21400000,8,370,3200000,11800000,20100000,8600000,rejected
1666,1, Graduate, No,4100000,9400000,6,713,0,1000000,11100000,3100000,approved
1667,4, Not Graduate, Yes,1600000,3800000,2,896,1200000,400000,4800000,2000000,approved
1668,3, Graduate, Yes,2400000,9200000,14,626,300000,3600000,8500000,2000000,approved
1669,0, Graduate, No,2200000,6400000,4,854,900000,1600000,6500000,1300000,approved
1670,4, Graduate, No,3200000,8400000,18,802,400000,0,9100000,4700000,approved
1671,4, Not Graduate, Yes,1600000,4400000,20,382,1700000,300000,5200000,1900000,rejected
1672,2, Not Graduate, No,3900000,14900000,6,415,2200000,4300000,9500000,4600000,rejected
1673,5, Graduate, Yes,2000000,6300000,4,366,5300000,2200000,5400000,2800000,approved
1674,1, Graduate, Yes,7600000,25400000,10,595,7900000,400000,24900000,11000000,approved
1675,1, Not Graduate, No,9800000,21300000,2,356,23000000,12300000,25700000,14600000,rejected
1676,5, Not Graduate, No,7900000,29900000,6,568,5800000,13900000,15900000,8700000,approved
1677,1, Graduate, No,1600000,4000000,10,615,2200000,2700000,5500000,1400000,approved
1678,1, Graduate, Yes,6400000,13900000,12,313,18600000,6300000,18600000,4900000,rejected
1679,1, Graduate, Yes,6400000,17900000,6,575,6600000,7600000,23100000,5300000,approved
1680,4, Graduate, No,1600000,5500000,10,577,400000,1200000,4100000,1400000,approved
1681,0, Graduate, No,9200000,30700000,10,455,24900000,2000000,32900000,5200000,rejected
1682,1, Not Graduate, No,7800000,24900000,6,500,15300000,10000000,16500000,4500000,rejected
1683,1, Not Graduate, Yes,4000000,9400000,8,509,1000000,4100000,10800000,5500000,rejected
1684,2, Not Graduate, Yes,6100000,19400000,8,379,5300000,10800000,14300000,4100000,rejected
1685,5, Graduate, No,7100000,14500000,14,664,5300000,12900000,15700000,9200000,approved
1686,0, Not Graduate, Yes,2500000,9900000,6,623,6000000,1800000,6200000,1800000,approved
1687,5, Graduate, No,3200000,8700000,16,558,2600000,2500000,9100000,1800000,approved
1688,4, Graduate, No,1700000,4300000,18,580,1500000,2400000,6600000,1700000,approved
1689,4, Graduate, No,6300000,17600000,6,612,16000000,3300000,23500000,3200000,approved
1690,4, Graduate, Yes,700000,2400000,14,705,0,100000,2000000,700000,approved
1691,4, Graduate, Yes,1100000,2700000,18,301,2800000,1600000,3300000,1500000,rejected
1692,1, Not Graduate, Yes,8900000,32000000,16,711,4300000,1200000,22100000,5200000,approved
1693,3, Graduate, No,300000,700000,20,735,900000,200000,900000,400000,approved
1694,1, Not Graduate, No,2200000,5200000,14,682,2600000,600000,6100000,1800000,approved
1695,3, Not Graduate, No,3400000,13500000,10,348,7900000,3700000,8200000,4700000,rejected
1696,0, Graduate, Yes,7900000,23500000,20,750,16800000,15300000,21200000,4000000,approved
1697,3, Not Graduate, Yes,5800000,18200000,16,835,1000000,6100000,14600000,7900000,approved
1698,0, Graduate, Yes,9400000,20000000,6,389,16000000,7100000,19400000,10200000,rejected
1699,2, Graduate, No,4800000,18900000,4,866,10200000,6000000,13900000,5900000,approved
1700,3, Not Graduate, No,7600000,26600000,4,689,5300000,600000,24300000,8600000,approved
1701,0, Not Graduate, No,5900000,17600000,16,645,13000000,3100000,23400000,8600000,approved
1702,1, Graduate, Yes,4300000,10100000,2,797,4400000,4500000,16300000,4700000,approved
1703,5, Graduate, No,6100000,17800000,6,849,2900000,10900000,16100000,7800000,approved
1704,5, Graduate, No,5400000,19700000,20,423,6500000,10000000,15700000,7300000,rejected
1705,1, Not Graduate, Yes,5200000,11200000,2,370,9900000,10200000,16700000,6400000,rejected
1706,5, Not Graduate, No,8500000,31300000,12,378,21400000,13100000,30400000,8800000,rejected
1707,4, Not Graduate, No,900000,1900000,20,417,1000000,800000,2800000,900000,rejected
1708,1, Not Graduate, No,1400000,4100000,20,530,1200000,1100000,3000000,1900000,rejected
1709,1, Not Graduate, Yes,2400000,9300000,20,543,700000,800000,5000000,3400000,rejected
1710,4, Graduate, No,6300000,15000000,18,750,800000,6500000,15400000,7700000,approved
1711,1, Graduate, No,3100000,7600000,20,346,700000,4600000,8100000,4400000,rejected
1712,4, Graduate, Yes,6900000,19000000,14,330,9300000,7100000,18800000,8400000,rejected
1713,2, Not Graduate, Yes,3000000,7400000,10,712,5100000,1000000,11600000,3800000,approved
1714,0, Not Graduate, No,3100000,10100000,14,376,6400000,2600000,11600000,4300000,rejected
1715,4, Not Graduate, No,600000,1200000,14,338,500000,500000,2300000,500000,rejected
1716,4, Not Graduate, Yes,4700000,13700000,14,600,12100000,8400000,17700000,5000000,approved
1717,1, Graduate, No,2500000,6900000,20,495,4800000,3300000,5700000,3700000,rejected
1718,0, Graduate, No,9700000,30400000,4,300,17100000,16600000,38100000,9200000,approved
1719,4, Not Graduate, Yes,7600000,20000000,18,691,5000000,8700000,23400000,11200000,approved
1720,1, Graduate, No,8400000,24700000,8,519,12900000,16700000,17300000,6000000,rejected
1721,3, Graduate, Yes,3800000,15100000,20,540,9400000,1000000,9300000,3600000,rejected
1722,3, Not Graduate, Yes,3100000,11400000,16,562,3600000,3600000,7200000,3100000,approved
1723,2, Not Graduate, No,5700000,21300000,10,323,1600000,11200000,16200000,5100000,rejected
1724,1, Graduate, Yes,5500000,19700000,10,312,12800000,4800000,19500000,3300000,rejected
1725,1, Not Graduate, Yes,200000,600000,2,511,500000,100000,800000,200000,approved
1726,3, Not Graduate, Yes,3700000,13800000,10,621,4000000,800000,11900000,5300000,approved
1727,2, Not Graduate, Yes,1600000,4300000,20,512,3200000,2500000,6300000,900000,rejected
1728,4, Graduate, No,3900000,11000000,2,786,7900000,1600000,10700000,2100000,approved
1729,3, Not Graduate, Yes,700000,1600000,18,303,600000,500000,2000000,600000,rejected
1730,3, Graduate, Yes,5800000,16700000,18,633,8100000,8400000,14700000,3700000,approved
1731,4, Graduate, Yes,3800000,14000000,6,711,9500000,7300000,14500000,3100000,approved
1732,2, Graduate, No,6400000,16900000,16,472,11100000,6000000,16300000,4500000,rejected
1733,1, Graduate, Yes,5500000,12100000,4,350,6300000,9200000,17200000,6900000,rejected
1734,1, Not Graduate, Yes,6800000,13700000,10,879,500000,2600000,22000000,6800000,approved
1735,4, Not Graduate, No,6700000,13400000,10,436,3600000,1200000,23200000,7500000,rejected
1736,1, Graduate, Yes,5300000,11500000,14,848,1300000,3600000,14700000,5700000,approved
1737,2, Graduate, No,6600000,23200000,16,555,9900000,6500000,23300000,3300000,approved
1738,2, Graduate, No,6600000,13100000,20,885,10900000,4300000,20600000,6200000,approved
1739,0, Not Graduate, No,7600000,25200000,6,888,12700000,10900000,24500000,7500000,approved
1740,4, Not Graduate, Yes,2500000,6100000,20,478,5900000,800000,9500000,3200000,rejected
1741,4, Not Graduate, No,1100000,2500000,4,603,1900000,1400000,3900000,500000,approved
1742,1, Not Graduate, No,2300000,8200000,8,784,2000000,0,7600000,1100000,approved
1743,1, Graduate, Yes,3300000,11700000,4,682,3500000,5500000,12300000,1600000,approved
1744,4, Graduate, Yes,2600000,5900000,6,471,3500000,1900000,7300000,3400000,rejected
1745,4, Not Graduate, Yes,9300000,36700000,20,808,16500000,14700000,26500000,7100000,approved
1746,4, Not Graduate, No,5300000,18500000,8,470,2900000,9300000,14900000,4900000,rejected
1747,2, Not Graduate, No,5400000,13800000,20,574,900000,9200000,10900000,3700000,approved
1748,4, Not Graduate, Yes,3500000,12000000,8,314,7700000,100000,12600000,2700000,rejected
1749,2, Graduate, No,4200000,10200000,14,407,5900000,4500000,12000000,2500000,rejected
1750,0, Not Graduate, Yes,9200000,34900000,4,702,16900000,16000000,24100000,9800000,approved
1751,2, Graduate, No,4300000,9800000,2,499,4400000,4500000,12600000,5100000,rejected
1752,1, Graduate, Yes,7500000,19900000,10,669,1800000,8800000,18100000,7300000,approved
1753,5, Not Graduate, Yes,5400000,18800000,20,326,9700000,10100000,14800000,3200000,rejected
1754,3, Not Graduate, No,5500000,16200000,18,778,4700000,10700000,15300000,6100000,approved
1755,2, Not Graduate, Yes,2100000,4500000,2,787,4800000,2800000,6000000,2100000,approved
1756,0, Graduate, No,3700000,12300000,16,831,8000000,2200000,11200000,2400000,approved
1757,0, Graduate, No,8800000,32900000,18,576,1300000,8700000,32600000,5600000,approved
1758,5, Not Graduate, No,5800000,22800000,12,600,16000000,1100000,20700000,5700000,approved
1759,4, Graduate, No,7900000,30600000,2,569,7600000,3400000,20100000,7400000,approved
1760,1, Not Graduate, Yes,3100000,6300000,20,867,1900000,6100000,6600000,4000000,approved
1761,0, Not Graduate, No,4100000,14500000,12,441,9900000,300000,15700000,3900000,rejected
1762,2, Not Graduate, Yes,9800000,32700000,2,304,4700000,19000000,24500000,8600000,approved
1763,5, Not Graduate, No,3300000,8400000,18,520,500000,6300000,11000000,4000000,rejected
1764,0, Graduate, No,2000000,6200000,14,613,100000,1800000,5400000,1300000,approved
1765,2, Not Graduate, Yes,600000,1100000,8,885,700000,0,1200000,300000,approved
1766,4, Not Graduate, Yes,3600000,9500000,2,841,4900000,4400000,13500000,2100000,approved
1767,2, Not Graduate, No,7500000,29100000,20,815,12400000,9500000,25300000,9100000,approved
1768,5, Graduate, Yes,200000,400000,18,822,200000,300000,600000,300000,approved
1769,4, Not Graduate, No,9900000,29100000,18,772,24100000,19400000,26800000,11700000,approved
1770,5, Graduate, Yes,6100000,22500000,6,776,17600000,9900000,13800000,4800000,approved
1771,4, Not Graduate, Yes,3500000,10300000,10,337,9000000,5600000,10500000,4500000,rejected
1772,0, Not Graduate, Yes,7800000,19000000,12,333,15400000,14900000,30600000,9600000,rejected
1773,3, Not Graduate, Yes,8700000,29300000,4,312,9000000,2800000,30000000,4900000,approved
1774,2, Graduate, Yes,5500000,12400000,14,842,-100000,6800000,15800000,5800000,approved
1775,3, Graduate, Yes,1800000,5100000,8,790,100000,0,3700000,2000000,approved
1776,2, Graduate, No,8000000,31900000,16,806,19900000,1800000,23200000,5400000,approved
1777,5, Not Graduate, Yes,7500000,17000000,8,300,7800000,8300000,18900000,6700000,rejected
1778,5, Graduate, Yes,3700000,12000000,12,605,4900000,1800000,13200000,3100000,approved
1779,2, Graduate, Yes,1600000,4700000,12,582,1500000,1300000,5200000,1000000,approved
1780,5, Graduate, No,1300000,2700000,6,607,800000,1500000,4700000,1600000,approved
1781,5, Graduate, Yes,2400000,8200000,10,709,2100000,3700000,8800000,2800000,approved
1782,4, Graduate, Yes,4100000,11600000,14,854,500000,6900000,12700000,5700000,approved
1783,2, Not Graduate, Yes,7300000,15200000,20,776,14700000,9600000,26400000,4100000,approved
1784,1, Graduate, Yes,8000000,24600000,12,649,10800000,1600000,21800000,9200000,approved
1785,3, Not Graduate, No,7900000,28000000,4,394,22800000,13200000,18200000,3900000,approved
1786,4, Not Graduate, No,7200000,18900000,16,371,6600000,14100000,18900000,4900000,rejected
1787,3, Not Graduate, No,6200000,13200000,14,707,17200000,8900000,23100000,4200000,approved
1788,2, Not Graduate, Yes,5700000,18100000,20,491,6800000,100000,17700000,3900000,rejected
1789,0, Graduate, Yes,5800000,14100000,16,570,8200000,4200000,16400000,3700000,approved
1790,1, Not Graduate, No,900000,3500000,18,395,2500000,800000,3000000,1300000,rejected
1791,0, Not Graduate, Yes,2200000,7500000,10,497,2300000,2100000,5700000,1800000,rejected
1792,3, Not Graduate, Yes,1800000,5300000,14,440,2000000,100000,3700000,1000000,rejected
1793,0, Not Graduate, Yes,800000,2400000,16,825,700000,0,3100000,1100000,approved
1794,2, Graduate, Yes,7600000,18100000,14,320,14700000,2600000,28100000,8500000,rejected
1795,2, Graduate, Yes,4100000,13500000,4,846,8900000,7800000,11400000,2400000,approved
1796,3, Graduate, Yes,4600000,10900000,12,856,13500000,5100000,9400000,3300000,approved
1797,3, Graduate, No,2300000,6800000,10,418,2800000,2700000,6300000,1400000,rejected
1798,0, Not Graduate, Yes,8000000,21100000,6,306,16100000,11800000,28200000,8700000,rejected
1799,2, Not Graduate, Yes,3800000,14500000,16,567,2400000,2600000,10500000,3000000,approved
1800,2, Not Graduate, Yes,9500000,36800000,6,493,24100000,13800000,32100000,6200000,rejected
1801,2, Graduate, No,9300000,21200000,2,509,2800000,2600000,35800000,6600000,rejected
1802,4, Graduate, No,4700000,17000000,4,364,2900000,4600000,18800000,6200000,approved
1803,5, Not Graduate, No,6000000,24000000,20,639,300000,7300000,15100000,6600000,approved
1804,2, Graduate, Yes,5500000,21700000,2,309,11800000,1000000,21600000,7600000,approved
1805,0, Not Graduate, Yes,4600000,14800000,6,433,12100000,4600000,11100000,6700000,rejected
1806,5, Not Graduate, No,9900000,33600000,20,580,7000000,10800000,37400000,14700000,approved
1807,1, Graduate, Yes,6200000,16200000,4,888,-100000,12000000,24300000,4000000,approved
1808,4, Not Graduate, Yes,400000,1100000,6,644,1000000,300000,1600000,400000,approved
1809,1, Not Graduate, Yes,7800000,22200000,10,763,11200000,1400000,27000000,4900000,approved
1810,0, Graduate, Yes,2900000,10800000,20,694,6400000,200000,10600000,2100000,approved
1811,3, Not Graduate, No,500000,1200000,6,757,1300000,100000,1200000,600000,approved
1812,0, Not Graduate, No,2500000,6900000,12,471,7100000,4000000,5200000,1500000,rejected
1813,5, Not Graduate, No,9000000,35200000,2,437,18400000,17800000,18300000,10400000,approved
1814,4, Not Graduate, Yes,5200000,11400000,10,406,14700000,2000000,13000000,4400000,rejected
1815,5, Not Graduate, No,6000000,19700000,20,376,14700000,10700000,17100000,5500000,rejected
1816,1, Graduate, No,5100000,13800000,14,350,6200000,2200000,12600000,3600000,rejected
1817,5, Not Graduate, Yes,8000000,22500000,20,784,7600000,7300000,26000000,10800000,approved
1818,4, Graduate, Yes,9200000,25400000,14,765,21200000,6600000,25100000,5600000,approved
1819,4, Not Graduate, No,9800000,32200000,18,593,9500000,400000,34000000,14300000,approved
1820,3, Graduate, Yes,7600000,30000000,10,344,19000000,13700000,27600000,11100000,rejected
1821,1, Graduate, No,5100000,11800000,12,314,14700000,7600000,12400000,4900000,rejected
1822,4, Graduate, Yes,1500000,3300000,16,382,200000,2400000,3200000,1100000,rejected
1823,2, Not Graduate, Yes,6200000,16500000,4,510,14100000,4700000,18200000,6300000,rejected
1824,2, Graduate, Yes,6300000,24600000,8,464,7700000,2200000,13000000,6900000,rejected
1825,1, Graduate, Yes,5500000,14900000,2,403,7400000,8900000,19700000,4100000,rejected
1826,3, Not Graduate, No,8100000,30400000,12,606,900000,1100000,31900000,11600000,approved
1827,1, Graduate, No,6300000,22000000,20,646,9500000,7900000,13500000,5500000,approved
1828,1, Graduate, No,1100000,3600000,20,495,1600000,1100000,3100000,500000,rejected
1829,3, Not Graduate, Yes,7200000,21600000,2,626,10600000,1600000,26900000,3700000,approved
1830,1, Not Graduate, Yes,3000000,6000000,16,518,3800000,1700000,11600000,3900000,rejected
1831,5, Graduate, No,2700000,7600000,8,746,900000,2200000,7200000,3400000,approved
1832,0, Not Graduate, No,5000000,16300000,12,737,2600000,3400000,11800000,4400000,approved
1833,0, Not Graduate, No,8400000,22300000,14,371,8300000,3700000,22300000,9100000,rejected
1834,1, Graduate, No,7700000,27300000,8,509,10100000,2200000,20200000,10800000,rejected
1835,1, Graduate, No,4700000,14000000,2,411,4600000,5100000,10600000,3700000,rejected
1836,2, Not Graduate, No,4300000,11800000,20,701,11600000,4600000,14200000,3300000,approved
1837,5, Not Graduate, No,2500000,8800000,10,769,3700000,1600000,8200000,2700000,approved
1838,5, Not Graduate, Yes,4400000,12500000,6,740,8200000,2300000,9900000,5400000,approved
1839,5, Not Graduate, No,5700000,11600000,4,892,10200000,6100000,19800000,7400000,approved
1840,2, Not Graduate, No,5300000,13100000,14,417,4900000,6200000,18200000,6800000,rejected
1841,5, Graduate, No,4600000,14400000,6,785,6500000,6300000,14700000,6200000,approved
1842,3, Not Graduate, No,400000,1100000,16,504,200000,400000,800000,400000,rejected
1843,0, Not Graduate, No,2100000,5900000,14,402,4400000,0,4800000,1000000,rejected
1844,2, Graduate, Yes,1200000,3500000,16,540,3100000,1800000,3500000,800000,rejected
1845,2, Graduate, Yes,8000000,28400000,10,607,11400000,3800000,29000000,11600000,approved
1846,1, Graduate, Yes,5000000,19400000,10,410,11600000,6200000,11700000,4500000,rejected
1847,0, Not Graduate, No,8500000,17200000,12,624,6500000,8400000,18600000,5100000,approved
1848,4, Graduate, No,4600000,16600000,16,805,4800000,8000000,11500000,2800000,approved
1849,2, Graduate, No,4600000,16100000,18,709,7100000,9000000,13800000,5400000,approved
1850,2, Not Graduate, Yes,8500000,30900000,14,511,23300000,4400000,21900000,5500000,rejected
1851,1, Graduate, Yes,7800000,25100000,18,766,6900000,7200000,16600000,10200000,approved
1852,3, Not Graduate, Yes,1400000,3800000,16,451,3100000,1300000,4300000,1300000,rejected
1853,1, Not Graduate, Yes,3700000,10200000,4,447,300000,2000000,14500000,3200000,rejected
1854,3, Not Graduate, Yes,1000000,2500000,18,763,400000,1100000,2100000,1400000,approved
1855,5, Not Graduate, No,900000,3100000,20,834,1000000,900000,2100000,1300000,approved
1856,2, Graduate, No,5600000,19500000,8,429,6100000,2200000,21100000,7200000,rejected
1857,4, Not Graduate, No,3200000,10600000,16,693,7800000,4900000,10400000,1800000,approved
1858,1, Graduate, No,2900000,11100000,20,478,4200000,2900000,8500000,3000000,rejected
1859,2, Graduate, Yes,300000,800000,10,752,600000,300000,1000000,400000,approved
1860,0, Graduate, Yes,2400000,5900000,14,319,2000000,4200000,9500000,3300000,rejected
1861,3, Graduate, No,5000000,17600000,8,303,6300000,9600000,12800000,6900000,rejected
1862,3, Not Graduate, Yes,5000000,16700000,20,420,1100000,5000000,18700000,6900000,rejected
1863,2, Not Graduate, Yes,200000,600000,8,552,400000,200000,700000,200000,approved
1864,3, Not Graduate, Yes,6000000,16000000,12,606,2600000,11600000,19300000,7800000,approved
1865,2, Not Graduate, No,5600000,13700000,2,558,7500000,9300000,12100000,6700000,approved
1866,1, Not Graduate, No,4500000,12400000,6,504,12000000,3200000,13100000,2200000,rejected
1867,5, Not Graduate, Yes,200000,300000,8,412,-100000,100000,500000,100000,rejected
1868,4, Not Graduate, Yes,6200000,18300000,4,900,16900000,3400000,15300000,6400000,approved
1869,4, Not Graduate, Yes,9800000,23800000,8,634,12800000,9300000,37600000,6100000,approved
1870,5, Graduate, Yes,3900000,9000000,8,340,4900000,6800000,9000000,5200000,rejected
1871,3, Not Graduate, Yes,8300000,20900000,4,615,4400000,200000,19000000,9600000,approved
1872,2, Graduate, Yes,4900000,12200000,18,353,7000000,200000,14400000,3600000,rejected
1873,4, Graduate, Yes,6900000,16300000,8,606,5800000,900000,23700000,3600000,approved
1874,2, Not Graduate, No,4500000,14500000,18,498,7900000,200000,13500000,4800000,rejected
1875,4, Not Graduate, No,7500000,21900000,2,585,6800000,12200000,27500000,8100000,approved
1876,1, Not Graduate, Yes,2300000,6400000,8,578,3600000,1800000,7000000,3000000,approved
1877,1, Graduate, No,7400000,15500000,2,693,3000000,12800000,21800000,9300000,approved
1878,4, Graduate, No,4800000,14300000,6,795,5900000,0,11100000,2600000,approved
1879,1, Graduate, No,2600000,9900000,6,594,2900000,4300000,6700000,2500000,approved
1880,3, Not Graduate, Yes,2700000,10600000,8,840,500000,3000000,9000000,1900000,approved
1881,3, Not Graduate, No,3700000,10900000,16,301,7800000,2300000,9600000,3400000,rejected
1882,4, Graduate, Yes,2600000,9400000,18,481,2700000,4400000,8600000,2400000,rejected
1883,5, Not Graduate, Yes,8800000,23100000,16,531,20800000,2600000,22100000,8000000,rejected
1884,2, Not Graduate, No,7500000,15400000,8,332,8300000,3100000,23700000,5400000,rejected
1885,0, Graduate, No,4700000,18500000,4,516,1000000,8400000,10400000,6100000,approved
1886,2, Not Graduate, No,7100000,26600000,6,727,16500000,9800000,21100000,7900000,approved
1887,3, Not Graduate, Yes,5500000,19300000,10,344,14400000,1300000,12400000,6600000,rejected
1888,2, Graduate, No,9500000,31500000,12,650,17600000,16600000,22200000,11400000,approved
1889,3, Graduate, Yes,4200000,15400000,8,362,9900000,5300000,15500000,5600000,rejected
1890,5, Graduate, Yes,6900000,18600000,18,307,3500000,4800000,25300000,4200000,rejected
1891,5, Graduate, No,9900000,24600000,2,530,24200000,12800000,20400000,13000000,rejected
1892,5, Graduate, No,6700000,17700000,6,482,3200000,10400000,18500000,5700000,rejected
1893,0, Not Graduate, Yes,9300000,22200000,14,701,600000,10100000,35900000,5700000,approved
1894,2, Graduate, No,5600000,17200000,16,586,13700000,2100000,14300000,4300000,approved
1895,0, Graduate, Yes,8100000,17600000,16,384,15200000,13300000,31700000,10200000,rejected
1896,4, Not Graduate, No,6000000,18000000,18,882,6700000,2500000,12200000,7500000,approved
1897,5, Not Graduate, Yes,4200000,11200000,2,758,5300000,6500000,9600000,3800000,approved
1898,5, Graduate, No,1600000,4000000,18,529,300000,1200000,5300000,2000000,rejected
1899,3, Graduate, Yes,800000,1500000,2,589,1500000,1100000,1800000,400000,approved
1900,1, Graduate, No,500000,1300000,6,670,1000000,500000,1400000,700000,approved
1901,5, Not Graduate, Yes,4300000,14100000,12,532,12600000,5700000,12000000,4600000,rejected
1902,0, Not Graduate, No,4000000,12500000,18,868,11000000,800000,14400000,2300000,approved
1903,2, Not Graduate, No,2900000,7300000,2,776,8300000,3000000,8500000,3400000,approved
1904,5, Graduate, Yes,2300000,9100000,16,644,4000000,2600000,6600000,3100000,approved
1905,0, Graduate, Yes,1800000,6000000,12,658,2900000,2300000,4500000,2400000,approved
1906,1, Graduate, Yes,8700000,33900000,10,766,16300000,700000,19500000,9000000,approved
1907,3, Not Graduate, No,7800000,21100000,12,717,1200000,10700000,19900000,6200000,approved
1908,2, Graduate, No,3200000,6300000,10,339,300000,4900000,7300000,2700000,rejected
1909,0, Not Graduate, No,1600000,4500000,18,463,100000,2000000,4100000,1800000,rejected
1910,4, Not Graduate, No,2400000,7300000,4,540,2500000,300000,7800000,2200000,approved
1911,1, Graduate, No,1800000,5900000,16,804,800000,2500000,5000000,1000000,approved
1912,1, Graduate, No,7500000,16000000,10,541,16300000,4500000,22400000,5100000,rejected
1913,4, Not Graduate, Yes,6700000,18400000,10,371,1900000,1400000,15700000,4400000,rejected
1914,5, Graduate, No,5800000,13700000,6,369,10500000,2700000,12100000,3000000,rejected
1915,0, Not Graduate, No,500000,1800000,2,651,700000,0,1700000,200000,approved
1916,0, Graduate, Yes,9400000,30700000,10,477,17400000,900000,27500000,6200000,rejected
1917,4, Not Graduate, No,1600000,6200000,18,554,3200000,800000,5500000,1100000,approved
1918,0, Graduate, Yes,9300000,25000000,14,362,14900000,16100000,32300000,11000000,rejected
1919,5, Graduate, No,3700000,14000000,2,469,3800000,600000,8000000,2800000,approved
1920,3, Not Graduate, No,900000,1900000,12,547,2400000,400000,3000000,400000,rejected
1921,4, Not Graduate, No,500000,1300000,6,809,200000,300000,900000,500000,approved
1922,1, Graduate, Yes,7800000,16200000,2,335,4900000,7900000,28700000,6400000,rejected
1923,5, Not Graduate, Yes,5300000,13700000,18,708,7600000,900000,19200000,5900000,approved
1924,0, Graduate, No,300000,700000,16,779,200000,0,1000000,400000,approved
1925,0, Graduate, Yes,5000000,19900000,6,748,8300000,8500000,11300000,3000000,approved
1926,0, Graduate, No,7900000,28600000,18,541,400000,3900000,22300000,6700000,rejected
1927,4, Graduate, No,5300000,15800000,2,527,3800000,5200000,19700000,3900000,rejected
1928,0, Not Graduate, Yes,5500000,15300000,4,859,4600000,9500000,21400000,2900000,approved
1929,0, Graduate, No,1500000,5600000,18,604,2000000,2400000,4400000,1800000,approved
1930,5, Graduate, No,6600000,20100000,18,348,6900000,2500000,22500000,7200000,rejected
1931,4, Graduate, Yes,6200000,16200000,20,734,8800000,4000000,14600000,4400000,approved
1932,3, Graduate, No,6300000,17000000,16,388,11700000,2100000,16100000,3200000,rejected
1933,0, Graduate, Yes,3800000,8100000,20,831,6500000,1700000,7700000,2000000,approved
1934,5, Not Graduate, No,500000,1500000,6,433,-100000,700000,1900000,700000,rejected
1935,2, Graduate, Yes,5000000,15900000,16,699,8800000,5900000,18100000,7200000,approved
1936,0, Not Graduate, No,4500000,17100000,8,303,7400000,8200000,17400000,4200000,rejected
1937,4, Not Graduate, No,1000000,3800000,2,611,1700000,1800000,2500000,600000,approved
1938,2, Graduate, No,1700000,3700000,20,558,4100000,1400000,5000000,2500000,approved
1939,4, Graduate, Yes,1200000,4800000,2,752,2800000,900000,3000000,600000,approved
1940,5, Not Graduate, Yes,8500000,25800000,14,786,13900000,11000000,32400000,11300000,approved
1941,0, Graduate, No,8600000,29000000,18,481,21200000,2600000,27700000,5400000,rejected
1942,2, Graduate, No,400000,1300000,16,507,200000,200000,1500000,300000,rejected
1943,4, Graduate, No,8700000,19800000,14,715,13500000,13400000,32000000,8500000,approved
1944,0, Not Graduate, No,1800000,5700000,20,392,3800000,2400000,3500000,1400000,rejected
1945,0, Graduate, Yes,4700000,17700000,16,887,1300000,4900000,13200000,6700000,approved
1946,0, Not Graduate, No,7300000,21600000,2,479,17900000,12300000,15900000,7500000,rejected
1947,2, Graduate, No,8400000,32100000,20,328,16300000,4600000,19500000,8000000,rejected
1948,2, Graduate, Yes,4800000,12900000,8,740,9300000,900000,11000000,3700000,approved
1949,2, Graduate, No,9200000,34200000,2,456,12200000,11300000,25800000,5700000,approved
1950,1, Not Graduate, No,6200000,21100000,10,467,15600000,10500000,23500000,5300000,rejected
1951,0, Graduate, Yes,200000,700000,10,587,-100000,100000,500000,100000,rejected
1952,0, Not Graduate, Yes,2500000,6700000,16,569,4500000,3400000,6200000,1300000,approved
1953,3, Not Graduate, Yes,8000000,24400000,14,399,19100000,5400000,20600000,11600000,rejected
1954,1, Not Graduate, No,4600000,15200000,4,593,13800000,3800000,11700000,3900000,approved
1955,3, Not Graduate, Yes,4900000,12700000,8,409,2000000,2500000,19300000,4700000,rejected
1956,4, Not Graduate, No,9500000,21300000,18,353,22900000,2300000,21400000,11100000,rejected
1957,5, Graduate, Yes,4500000,11600000,20,306,4800000,1900000,11900000,5700000,rejected
1958,2, Graduate, Yes,5900000,14200000,12,499,9200000,11600000,20200000,4400000,rejected
1959,4, Graduate, No,4200000,14600000,6,324,6300000,5900000,11700000,3000000,rejected
1960,2, Not Graduate, Yes,3300000,11300000,6,647,5100000,6000000,12800000,4400000,approved
1961,2, Graduate, Yes,4900000,12600000,2,767,1100000,7400000,13000000,3800000,approved
1962,4, Not Graduate, No,5300000,10700000,12,821,15400000,10200000,17600000,2600000,approved
1963,4, Not Graduate, No,7200000,17700000,6,338,9900000,9300000,27800000,7200000,rejected
1964,0, Graduate, No,8400000,24300000,4,785,11900000,10100000,26600000,8500000,approved
1965,3, Graduate, No,3800000,11800000,4,694,0,500000,8300000,5100000,approved
1966,0, Not Graduate, No,9900000,22300000,20,613,28400000,8900000,23600000,4900000,approved
1967,4, Graduate, Yes,2900000,8300000,10,318,8700000,4100000,10900000,2100000,rejected
1968,3, Not Graduate, Yes,6000000,18700000,18,783,2800000,8500000,20300000,8800000,approved
1969,2, Not Graduate, No,1700000,5300000,20,761,2500000,500000,3700000,1200000,approved
1970,4, Graduate, Yes,5300000,12000000,10,329,15300000,9300000,17300000,6100000,rejected
1971,5, Not Graduate, Yes,7500000,15000000,14,661,12100000,5800000,29900000,4400000,approved
1972,4, Not Graduate, No,400000,900000,18,339,700000,200000,800000,200000,rejected
1973,1, Graduate, Yes,8300000,17700000,10,673,23700000,5300000,28700000,4200000,approved
1974,3, Graduate, No,4500000,16900000,18,748,8500000,7200000,15100000,6600000,approved
1975,3, Graduate, No,4600000,10000000,4,702,6800000,1500000,16100000,4500000,approved
1976,4, Not Graduate, No,4700000,10300000,12,710,7500000,7700000,16900000,6600000,approved
1977,0, Graduate, Yes,900000,3500000,6,331,2400000,1400000,3500000,1100000,rejected
1978,1, Not Graduate, No,2400000,7600000,12,372,5700000,4400000,6600000,1400000,rejected
1979,0, Not Graduate, Yes,3900000,9600000,10,783,9900000,2100000,10900000,3900000,approved
1980,0, Graduate, No,8300000,31400000,18,558,13300000,2900000,25900000,6300000,approved
1981,4, Graduate, Yes,4700000,13000000,6,552,5600000,8300000,11900000,2400000,approved
1982,4, Not Graduate, No,3900000,10600000,20,544,4100000,3100000,10900000,4900000,rejected
1983,2, Not Graduate, No,400000,1000000,6,425,800000,300000,800000,200000,rejected
1984,2, Not Graduate, Yes,1700000,5100000,18,321,2000000,2800000,5100000,1500000,rejected
1985,2, Graduate, Yes,6100000,15500000,8,758,8900000,4000000,13300000,7200000,approved
1986,5, Graduate, Yes,7300000,19600000,10,373,10400000,4700000,19500000,10600000,rejected
1987,3, Not Graduate, Yes,300000,500000,6,876,300000,100000,1100000,300000,approved
1988,2, Not Graduate, No,4300000,14500000,10,594,11400000,700000,14000000,5300000,approved
1989,3, Not Graduate, No,7000000,18400000,18,837,2800000,7900000,15400000,5700000,approved
1990,0, Not Graduate, Yes,4900000,16500000,4,600,11100000,2200000,12000000,6500000,approved
1991,4, Graduate, No,6200000,12400000,20,547,14200000,10800000,17200000,8000000,rejected
1992,1, Not Graduate, No,4100000,15800000,12,431,9700000,7300000,15200000,5700000,rejected
1993,0, Not Graduate, Yes,7300000,22600000,12,851,3300000,3400000,24800000,5300000,approved
1994,4, Not Graduate, Yes,9200000,28100000,12,760,23200000,9700000,22300000,12900000,approved
1995,0, Not Graduate, No,800000,2400000,2,716,700000,1200000,3100000,400000,approved
1996,4, Not Graduate, No,2900000,11200000,10,744,6600000,4000000,7300000,1600000,approved
1997,3, Not Graduate, No,8100000,21600000,4,740,22400000,3700000,16900000,9900000,approved
1998,0, Graduate, No,9300000,20300000,14,759,27000000,11600000,26500000,10900000,approved
1999,4, Graduate, Yes,9200000,29400000,14,517,4900000,0,33500000,10100000,rejected
2000,3, Not Graduate, Yes,3100000,6300000,18,895,2300000,3400000,10500000,4200000,approved
2001,3, Not Graduate, Yes,7000000,15400000,20,315,19900000,7600000,16400000,5900000,rejected
2002,4, Not Graduate, No,3900000,8800000,14,527,4600000,4900000,14900000,3100000,rejected
2003,3, Graduate, No,5500000,19800000,14,853,7300000,3000000,15500000,3100000,approved
2004,0, Graduate, No,6600000,13700000,20,747,3600000,2400000,23900000,6000000,approved
2005,2, Not Graduate, No,9900000,31600000,16,892,4200000,17500000,31400000,12700000,approved
2006,4, Graduate, Yes,6600000,20500000,8,856,18800000,5400000,15100000,9400000,approved
2007,3, Graduate, No,8600000,23600000,4,324,13800000,3800000,28500000,4300000,rejected
2008,5, Graduate, No,7900000,28600000,12,812,12100000,14400000,30000000,11700000,approved
2009,5, Graduate, Yes,6800000,22600000,2,804,3500000,12500000,18200000,9900000,approved
2010,4, Graduate, No,700000,1800000,8,874,1600000,1000000,1300000,300000,approved
2011,2, Not Graduate, Yes,3800000,10000000,12,516,2400000,4200000,14200000,5100000,rejected
2012,5, Graduate, Yes,6900000,18300000,4,402,12600000,13100000,23200000,6100000,rejected
2013,1, Graduate, Yes,3700000,12400000,12,330,3400000,1000000,10400000,2800000,rejected
2014,1, Graduate, No,7900000,24000000,12,867,20500000,10000000,30700000,9400000,approved
2015,4, Graduate, Yes,8800000,34200000,16,844,18700000,11000000,20700000,10700000,approved
2016,5, Not Graduate, Yes,3300000,7800000,8,310,3000000,3900000,8300000,4200000,rejected
2017,4, Not Graduate, No,5800000,14200000,20,535,10200000,4000000,21100000,3400000,rejected
2018,1, Graduate, Yes,7400000,29500000,16,323,10000000,4400000,29400000,8100000,rejected
2019,1, Graduate, No,8200000,25600000,4,686,2000000,5900000,17300000,4400000,approved
2020,0, Not Graduate, Yes,3300000,9600000,8,465,6100000,700000,9700000,2000000,rejected
2021,4, Graduate, Yes,5300000,10700000,12,547,1000000,10200000,11600000,5700000,rejected
2022,1, Not Graduate, No,5700000,19100000,12,649,9400000,10200000,16400000,4500000,approved
2023,2, Not Graduate, No,9000000,31000000,14,670,21300000,5400000,31100000,12900000,approved
2024,3, Graduate, No,5900000,14400000,10,408,2400000,5100000,23000000,3700000,rejected
2025,2, Not Graduate, No,5400000,11900000,6,303,15000000,9200000,15400000,6900000,rejected
2026,0, Graduate, No,9800000,34800000,14,497,3000000,2200000,23800000,9600000,rejected
2027,4, Graduate, Yes,9800000,34100000,14,740,6500000,16900000,27100000,5100000,approved
2028,4, Not Graduate, Yes,3800000,8200000,4,309,10900000,3900000,10200000,3300000,rejected
2029,0, Not Graduate, No,9500000,24400000,14,769,14400000,2400000,30800000,14200000,approved
2030,3, Graduate, Yes,2500000,7100000,6,420,3800000,3300000,8700000,3000000,rejected
2031,1, Graduate, No,1900000,6000000,20,540,1100000,1400000,4300000,1300000,rejected
2032,5, Graduate, Yes,4400000,10600000,20,806,9700000,3600000,10800000,2500000,approved
2033,4, Graduate, Yes,1400000,2900000,6,723,3800000,0,4700000,1600000,approved
2034,5, Not Graduate, Yes,3200000,11800000,16,565,8100000,2700000,9200000,1800000,approved
2035,1, Graduate, Yes,3100000,9200000,16,374,2400000,3500000,7100000,3500000,rejected
2036,4, Graduate, No,4500000,9900000,10,509,11100000,3100000,12200000,2700000,rejected
2037,3, Not Graduate, Yes,9300000,23500000,16,728,3500000,9900000,27300000,9800000,approved
2038,2, Graduate, No,6900000,18200000,20,396,15600000,4300000,22900000,5400000,rejected
2039,0, Not Graduate, Yes,3900000,8600000,2,667,4300000,6600000,13500000,2000000,approved
2040,5, Not Graduate, No,3200000,7400000,12,583,9400000,5500000,10600000,3600000,approved
2041,1, Not Graduate, Yes,5600000,21100000,10,459,9700000,1400000,13900000,8100000,rejected
2042,4, Not Graduate, Yes,3700000,11900000,18,635,6100000,6400000,11200000,4700000,approved
2043,3, Not Graduate, No,8400000,27200000,12,604,21400000,8800000,23700000,4700000,approved
2044,0, Not Graduate, Yes,4200000,8900000,14,796,3000000,1600000,13300000,4800000,approved
2045,4, Graduate, No,3800000,8500000,10,416,6200000,4800000,14900000,4100000,rejected
2046,3, Graduate, No,3200000,8200000,8,311,4900000,5600000,10700000,1600000,rejected
2047,1, Graduate, No,9700000,33900000,10,833,24600000,16200000,28300000,6600000,approved
2048,1, Not Graduate, Yes,4300000,9400000,6,543,7400000,5200000,14800000,4200000,rejected
2049,5, Graduate, Yes,8100000,20300000,18,751,1600000,7900000,31700000,7400000,approved
2050,5, Not Graduate, Yes,9400000,23200000,14,885,16900000,1200000,34900000,4700000,approved
2051,4, Not Graduate, Yes,8100000,19400000,6,346,7800000,9300000,29300000,4500000,rejected
2052,4, Graduate, No,6500000,14500000,4,588,10300000,9500000,22800000,6400000,approved
2053,2, Graduate, No,9400000,23100000,4,488,20100000,3500000,28600000,10900000,rejected
2054,1, Not Graduate, Yes,2600000,6600000,20,765,2100000,200000,5200000,1300000,approved
2055,3, Not Graduate, Yes,8000000,25600000,6,337,8800000,500000,18900000,9800000,rejected
2056,1, Graduate, No,4700000,9300000,8,515,1000000,4700000,14600000,5700000,rejected
2057,2, Graduate, Yes,7600000,22300000,12,555,2100000,13800000,17700000,7100000,approved
2058,1, Graduate, Yes,6800000,27200000,2,702,4600000,2400000,27100000,6300000,approved
2059,2, Not Graduate, Yes,6600000,17000000,2,457,100000,1800000,23300000,6700000,rejected
2060,2, Graduate, No,8200000,27200000,10,425,11400000,4900000,29300000,4500000,rejected
2061,1, Graduate, Yes,4400000,12300000,6,583,2400000,7900000,17200000,6600000,approved
2062,1, Not Graduate, No,8300000,29200000,6,877,13700000,9900000,31500000,9500000,approved
2063,0, Graduate, No,9200000,36500000,14,522,10500000,5300000,22400000,13200000,rejected
2064,5, Not Graduate, Yes,2700000,8700000,20,687,2600000,1200000,9000000,1300000,approved
2065,0, Graduate, No,6100000,23600000,20,856,3300000,5200000,17700000,6400000,approved
2066,4, Not Graduate, Yes,9100000,33000000,8,543,15700000,14400000,19500000,11200000,rejected
2067,5, Not Graduate, Yes,7600000,15400000,14,576,2300000,2800000,24500000,4700000,approved
2068,2, Not Graduate, No,7200000,17000000,10,856,18100000,12700000,15800000,6000000,approved
2069,0, Graduate, Yes,2600000,8200000,8,722,3500000,4200000,7100000,3200000,approved
2070,4, Graduate, Yes,6500000,20200000,12,653,18600000,1400000,23800000,6400000,approved
2071,5, Graduate, No,8900000,35500000,16,480,17200000,11300000,25200000,4900000,rejected
2072,2, Graduate, Yes,5400000,14300000,14,477,10200000,700000,11100000,5500000,rejected
2073,0, Graduate, No,300000,500000,2,885,200000,400000,700000,200000,approved
2074,0, Not Graduate, No,8400000,19600000,18,530,17000000,3600000,24200000,12300000,rejected
2075,3, Graduate, No,8300000,17200000,8,870,4700000,8800000,18300000,10000000,approved
2076,4, Not Graduate, No,1700000,5600000,8,395,2700000,800000,3500000,2400000,rejected
2077,2, Not Graduate, No,1500000,4200000,16,771,2500000,800000,5700000,1100000,approved
2078,1, Not Graduate, Yes,200000,500000,2,579,500000,100000,500000,100000,approved
2079,1, Graduate, Yes,1000000,3700000,14,798,2000000,200000,3800000,1400000,approved
2080,3, Not Graduate, Yes,8800000,25100000,8,473,17200000,600000,24400000,12400000,rejected
2081,0, Graduate, Yes,1000000,3200000,8,304,500000,600000,3700000,700000,rejected
2082,0, Not Graduate, Yes,8600000,23000000,14,678,18800000,16400000,22900000,12000000,approved
2083,5, Graduate, Yes,2400000,8900000,2,745,1700000,2000000,9200000,2100000,approved
2084,1, Graduate, No,2400000,8900000,8,835,2400000,1200000,5500000,1100000,approved
2085,5, Not Graduate, Yes,6000000,12100000,20,848,13900000,4800000,18000000,3600000,approved
2086,5, Not Graduate, No,7600000,16300000,18,872,5100000,1900000,20700000,5000000,approved
2087,3, Not Graduate, No,8000000,20100000,10,608,9800000,15500000,26100000,5200000,approved
2088,0, Graduate, Yes,5400000,19500000,16,758,2600000,2700000,18300000,6000000,approved
2089,0, Not Graduate, Yes,1400000,3700000,4,841,3000000,1000000,4600000,1000000,approved
2090,0, Not Graduate, Yes,800000,2600000,2,618,300000,1200000,2000000,500000,approved
2091,4, Graduate, Yes,300000,1100000,4,457,700000,100000,1100000,400000,approved
2092,0, Graduate, No,4100000,14400000,4,844,2700000,6000000,9900000,4200000,approved
2093,2, Not Graduate, No,1500000,3800000,4,776,2800000,0,5300000,1400000,approved
2094,1, Not Graduate, No,4600000,13900000,8,520,13300000,6400000,9800000,2200000,rejected
2095,1, Graduate, Yes,3300000,7500000,12,648,6400000,1700000,8700000,1600000,approved
2096,4, Not Graduate, Yes,7900000,31400000,10,654,16500000,15200000,25400000,5000000,approved
2097,0, Not Graduate, No,8100000,26500000,20,342,5800000,5600000,23700000,5800000,rejected
2098,5, Not Graduate, No,900000,2800000,16,808,2100000,900000,3100000,800000,approved
2099,1, Graduate, Yes,4900000,15200000,10,429,5700000,7300000,14400000,3300000,rejected
2100,3, Graduate, Yes,6100000,18100000,14,538,11800000,4200000,16200000,7500000,rejected
2101,3, Not Graduate, No,4500000,16400000,6,533,1800000,5600000,12200000,3900000,rejected
2102,2, Graduate, Yes,2900000,7300000,8,394,7700000,2600000,7700000,4000000,rejected
2103,1, Not Graduate, No,7900000,29300000,2,771,17600000,12800000,20400000,4000000,approved
2104,5, Graduate, Yes,4100000,10100000,4,792,4400000,6100000,8600000,4900000,approved
2105,5, Not Graduate, Yes,7700000,15500000,8,407,6500000,9100000,26300000,4600000,rejected
2106,0, Not Graduate, No,5600000,19300000,18,544,6400000,2800000,19900000,6400000,rejected
2107,5, Graduate, No,9000000,18000000,18,509,24600000,5200000,20000000,6100000,rejected
2108,4, Not Graduate, Yes,6400000,18400000,16,320,17700000,3600000,13900000,8300000,rejected
2109,4, Graduate, No,6900000,14700000,2,496,12000000,7000000,15500000,4000000,rejected
2110,3, Not Graduate, No,9100000,27400000,18,652,8500000,7300000,31700000,6800000,approved
2111,2, Graduate, Yes,1100000,3700000,2,806,2700000,800000,2900000,500000,approved
2112,4, Not Graduate, No,1700000,4500000,12,821,3200000,1900000,4900000,1500000,approved
2113,5, Graduate, Yes,9200000,28800000,20,618,14300000,10800000,33900000,10600000,approved
2114,2, Not Graduate, Yes,8300000,20600000,12,729,22400000,9000000,31400000,8400000,approved
2115,5, Not Graduate, Yes,5000000,10600000,6,839,12600000,8600000,19800000,3500000,approved
2116,3, Graduate, No,2200000,6400000,2,318,1400000,2100000,4300000,1500000,rejected
2117,2, Graduate, No,4500000,9600000,16,404,1800000,6000000,17000000,2700000,rejected
2118,5, Not Graduate, Yes,4100000,9000000,6,581,6600000,1500000,11300000,3400000,approved
2119,1, Not Graduate, No,2800000,6800000,18,596,7900000,400000,7300000,1500000,approved
2120,1, Not Graduate, No,6600000,20700000,4,415,12800000,11900000,17700000,3900000,approved
2121,3, Not Graduate, Yes,3200000,7200000,6,728,4800000,2000000,8000000,4600000,approved
2122,0, Not Graduate, No,6300000,13300000,2,666,8800000,4000000,14200000,4900000,approved
2123,2, Graduate, No,4700000,17700000,14,675,5800000,7200000,13100000,6500000,approved
2124,0, Graduate, No,4100000,15400000,16,304,3000000,5200000,16200000,3100000,rejected
2125,5, Graduate, Yes,7100000,15500000,4,474,7600000,9000000,22400000,9400000,rejected
2126,4, Graduate, Yes,4900000,10200000,18,370,10900000,2200000,13700000,6600000,rejected
2127,4, Graduate, No,5600000,20300000,20,596,5100000,10900000,12700000,7900000,approved
2128,4, Graduate, No,3400000,8300000,2,567,5700000,1900000,10200000,2700000,approved
2129,3, Not Graduate, No,4500000,16100000,16,671,10500000,3600000,12400000,5800000,approved
2130,2, Graduate, No,300000,800000,18,819,300000,300000,900000,400000,approved
2131,5, Not Graduate, Yes,7600000,23000000,10,829,3100000,7300000,17600000,7300000,approved
2132,5, Graduate, No,500000,1200000,12,454,1400000,500000,1000000,300000,rejected
2133,0, Graduate, Yes,5900000,15200000,16,399,15200000,3200000,12200000,6500000,rejected
2134,0, Graduate, No,7100000,20700000,10,784,9500000,11400000,27900000,8600000,approved
2135,2, Not Graduate, Yes,8500000,26900000,6,538,21300000,16400000,21500000,4600000,rejected
2136,0, Graduate, Yes,6400000,16900000,16,759,16200000,7100000,15200000,3100000,approved
2137,2, Graduate, No,7100000,21400000,12,699,11400000,13400000,22600000,4800000,approved
2138,5, Not Graduate, No,1800000,5400000,14,347,3800000,1300000,4900000,1700000,rejected
2139,3, Not Graduate, Yes,6600000,25200000,20,598,13100000,3600000,20700000,8600000,approved
2140,4, Graduate, Yes,8800000,27100000,2,406,16300000,6200000,26100000,5800000,approved
2141,2, Not Graduate, No,4800000,15800000,20,860,1700000,3300000,13400000,5100000,approved
2142,5, Graduate, Yes,4400000,16500000,10,806,3500000,4400000,11200000,2800000,approved
2143,0, Not Graduate, No,2000000,6900000,2,448,2700000,3800000,7100000,1600000,approved
2144,2, Graduate, No,6800000,22600000,20,393,2100000,2200000,20300000,8200000,rejected
2145,5, Not Graduate, Yes,6600000,16000000,12,811,13100000,5000000,14700000,5000000,approved
2146,2, Graduate, No,3300000,7900000,20,829,4800000,2100000,13200000,2600000,approved
2147,3, Not Graduate, No,7400000,23400000,16,700,19300000,3000000,20700000,8900000,approved
2148,0, Not Graduate, Yes,4500000,12400000,18,719,10300000,200000,9200000,3100000,approved
2149,1, Not Graduate, Yes,9500000,30500000,12,430,5400000,8000000,30800000,10500000,rejected
2150,1, Graduate, No,800000,3000000,4,338,900000,1000000,2600000,400000,approved
2151,2, Graduate, No,4000000,13000000,4,695,6400000,6900000,15400000,4300000,approved
2152,2, Not Graduate, No,7000000,25700000,18,374,3400000,13700000,14900000,4500000,rejected
2153,3, Graduate, No,3500000,8500000,18,609,7300000,0,12700000,2500000,approved
2154,3, Graduate, Yes,9700000,36000000,6,631,3500000,5500000,28500000,7500000,approved
2155,0, Not Graduate, No,3400000,10800000,6,439,5300000,1400000,11600000,1900000,rejected
2156,1, Graduate, Yes,4600000,13500000,20,837,5600000,7700000,11900000,2500000,approved
2157,4, Graduate, No,3800000,10400000,10,833,7500000,2500000,14100000,4200000,approved
2158,4, Not Graduate, Yes,4200000,9600000,20,863,7400000,900000,9100000,3400000,approved
2159,2, Graduate, No,2500000,8700000,4,684,0,600000,9700000,2600000,approved
2160,0, Not Graduate, Yes,7000000,24600000,6,542,6400000,2600000,24500000,4700000,rejected
2161,1, Not Graduate, No,5300000,11500000,8,753,10000000,4200000,14400000,3000000,approved
2162,0, Not Graduate, No,6400000,14200000,2,512,1600000,9200000,23100000,3500000,rejected
2163,3, Not Graduate, No,3400000,8100000,12,385,6100000,4000000,10700000,4000000,rejected
2164,4, Not Graduate, No,6700000,18800000,2,749,15600000,7900000,19900000,8600000,approved
2165,1, Not Graduate, Yes,4600000,10100000,4,618,2200000,100000,12900000,4300000,approved
2166,4, Graduate, Yes,900000,2500000,4,583,1300000,800000,1800000,1100000,approved
2167,0, Graduate, No,5100000,19900000,18,655,4400000,0,17100000,7100000,approved
2168,0, Not Graduate, Yes,7000000,20900000,20,380,11800000,10800000,21100000,6200000,rejected
2169,3, Graduate, Yes,4100000,14700000,6,679,6600000,3700000,10500000,5600000,approved
2170,2, Graduate, No,4600000,14800000,6,410,12900000,6800000,16100000,5800000,rejected
2171,2, Graduate, Yes,3600000,11500000,8,590,1600000,5200000,10900000,3000000,approved
2172,5, Graduate, No,5900000,13800000,14,397,12400000,600000,20400000,3000000,rejected
2173,2, Graduate, No,600000,2100000,16,425,900000,500000,2300000,300000,rejected
2174,0, Graduate, No,4900000,16400000,2,383,3300000,3500000,15000000,5800000,approved
2175,5, Graduate, Yes,6400000,23900000,6,406,14700000,12400000,25400000,4300000,rejected
2176,2, Graduate, No,7000000,19800000,10,563,3900000,9400000,22800000,8000000,approved
2177,3, Graduate, Yes,6700000,13400000,14,782,4900000,4000000,25800000,9600000,approved
2178,1, Not Graduate, Yes,800000,2200000,4,852,900000,200000,2200000,1000000,approved
2179,5, Not Graduate, No,7600000,27800000,2,753,18400000,12200000,16900000,8000000,approved
2180,5, Graduate, Yes,3200000,7600000,4,489,5000000,2900000,10600000,1900000,rejected
2181,2, Not Graduate, Yes,4900000,13800000,2,586,9900000,1400000,9900000,7000000,approved
2182,3, Not Graduate, No,7200000,20800000,16,560,2100000,10700000,21100000,3600000,approved
2183,3, Graduate, No,5600000,20600000,6,487,6400000,9700000,20200000,4100000,rejected
2184,4, Graduate, Yes,7300000,18300000,8,434,10000000,2900000,26800000,6700000,rejected
2185,4, Not Graduate, No,3300000,7000000,20,504,8200000,3200000,7300000,2500000,rejected
2186,2, Graduate, Yes,9200000,25300000,4,827,25900000,15900000,19300000,11000000,approved
2187,3, Not Graduate, Yes,8100000,23300000,20,657,15700000,2900000,28100000,6200000,approved
2188,5, Graduate, No,6600000,21400000,10,447,12700000,11100000,20200000,6400000,rejected
2189,0, Graduate, Yes,4200000,13600000,4,834,8700000,3400000,12000000,3100000,approved
2190,2, Graduate, No,5800000,21700000,8,354,12500000,2300000,12200000,6800000,rejected
2191,2, Graduate, Yes,5600000,21000000,18,883,9800000,1600000,20900000,6000000,approved
2192,0, Not Graduate, Yes,3600000,9900000,12,641,10300000,2400000,9100000,2700000,approved
2193,1, Graduate, Yes,7700000,16900000,6,621,22600000,7900000,27400000,10200000,approved
2194,0, Graduate, Yes,7800000,23300000,10,587,12500000,9300000,27500000,9700000,approved
2195,3, Not Graduate, No,5700000,15400000,16,424,4700000,3000000,16400000,5600000,rejected
2196,5, Graduate, No,6300000,20500000,14,515,4300000,3600000,18300000,9100000,rejected
2197,5, Not Graduate, Yes,2300000,4700000,18,592,1600000,3900000,6200000,2800000,approved
2198,4, Graduate, Yes,9600000,19900000,6,319,3200000,16500000,28100000,6600000,rejected
2199,1, Not Graduate, Yes,1000000,3900000,16,360,2500000,300000,2100000,600000,rejected
2200,5, Graduate, Yes,7200000,27100000,12,535,8400000,12800000,28100000,4800000,rejected
2201,2, Not Graduate, Yes,3800000,11400000,16,666,9000000,2400000,8000000,3800000,approved
2202,4, Not Graduate, Yes,9300000,24600000,16,419,18100000,0,26700000,5100000,rejected
2203,2, Not Graduate, Yes,7200000,21900000,12,640,0,11400000,14600000,3800000,approved
2204,0, Graduate, No,7600000,19700000,12,545,4300000,5200000,29500000,7300000,rejected
2205,4, Graduate, No,4500000,15300000,10,843,13200000,6900000,10800000,2200000,approved
2206,1, Not Graduate, Yes,9900000,30900000,20,559,12100000,6100000,38600000,12100000,approved
2207,0, Not Graduate, Yes,700000,2000000,18,650,400000,1300000,2800000,500000,approved
2208,0, Graduate, No,3500000,12300000,16,479,9700000,6000000,7900000,4700000,rejected
2209,1, Graduate, Yes,300000,1000000,14,324,100000,100000,1100000,100000,rejected
2210,5, Not Graduate, Yes,5400000,16700000,2,354,1100000,4500000,19300000,5200000,approved
2211,4, Not Graduate, Yes,2800000,8400000,10,521,1500000,1200000,9100000,3700000,rejected
2212,5, Not Graduate, Yes,4900000,15900000,8,505,12400000,4900000,14900000,6100000,rejected
2213,4, Not Graduate, No,600000,1700000,12,436,400000,0,1700000,700000,rejected
2214,0, Graduate, No,3000000,8100000,6,683,3200000,4900000,10200000,3200000,approved
2215,0, Graduate, No,1800000,5800000,18,348,2900000,700000,6700000,1000000,rejected
2216,4, Graduate, Yes,5100000,15700000,6,867,11200000,8300000,19200000,3600000,approved
2217,5, Graduate, No,1400000,4100000,14,880,3700000,1800000,2800000,2100000,approved
2218,2, Graduate, Yes,6700000,25500000,10,673,11100000,8600000,25100000,5000000,approved
2219,3, Not Graduate, No,4300000,12600000,18,482,9300000,900000,13200000,6100000,rejected
2220,3, Graduate, Yes,7800000,19600000,4,767,18100000,10500000,20500000,7700000,approved
2221,3, Not Graduate, No,5400000,15800000,18,760,12700000,2300000,16400000,7200000,approved
2222,0, Not Graduate, No,500000,1900000,2,857,1100000,500000,1800000,300000,approved
2223,1, Graduate, No,8600000,26700000,10,735,11800000,9100000,20700000,11200000,approved
2224,3, Graduate, No,2500000,9300000,4,810,2700000,3300000,9400000,3700000,approved
2225,4, Not Graduate, No,3000000,7200000,2,680,900000,3400000,9600000,1700000,approved
2226,5, Not Graduate, Yes,7000000,26900000,4,889,1400000,4200000,22400000,7400000,approved
2227,1, Not Graduate, Yes,400000,1500000,16,688,400000,300000,1200000,200000,approved
2228,5, Not Graduate, No,5200000,13700000,16,531,8800000,4500000,15700000,2900000,rejected
2229,3, Graduate, No,3300000,11100000,2,660,6500000,3700000,12300000,4500000,approved
2230,1, Not Graduate, Yes,2400000,8800000,18,414,3600000,2200000,7100000,2500000,rejected
2231,4, Graduate, Yes,5800000,15800000,14,528,6300000,100000,21400000,8700000,rejected
2232,4, Not Graduate, Yes,9400000,20000000,12,817,3600000,1600000,34400000,8000000,approved
2233,2, Not Graduate, No,6100000,15300000,2,799,7100000,5500000,17800000,5300000,approved
2234,1, Graduate, Yes,7500000,21400000,20,655,13000000,10300000,28100000,8100000,approved
2235,2, Not Graduate, No,4100000,16200000,6,546,3500000,3100000,15100000,3700000,rejected
2236,3, Not Graduate, No,8500000,30800000,14,745,11000000,8200000,19400000,7200000,approved
2237,0, Graduate, No,4300000,16900000,8,884,6500000,5400000,12000000,3700000,approved
2238,5, Not Graduate, No,9300000,22000000,4,822,20900000,10000000,24200000,12100000,approved
2239,4, Not Graduate, No,6000000,18700000,2,623,4300000,4000000,19100000,5700000,approved
2240,1, Not Graduate, Yes,5300000,18900000,16,361,300000,5000000,11900000,5500000,rejected
2241,5, Not Graduate, Yes,7400000,16200000,2,778,17000000,2700000,19400000,9200000,approved
2242,1, Not Graduate, Yes,1100000,3800000,8,779,600000,1800000,4000000,1600000,approved
2243,1, Graduate, Yes,6600000,20700000,4,594,4800000,200000,26400000,8900000,approved
2244,3, Graduate, No,8200000,28300000,2,530,15000000,10500000,20200000,12100000,approved
2245,3, Not Graduate, No,3300000,9300000,12,324,5300000,2600000,7500000,2000000,rejected
2246,4, Graduate, Yes,2500000,9000000,10,394,6700000,2000000,7300000,3000000,rejected
2247,3, Graduate, Yes,3300000,10400000,12,816,7100000,6300000,11800000,4900000,approved
2248,5, Not Graduate, No,1000000,2300000,16,423,1700000,700000,2900000,1400000,rejected
2249,5, Graduate, Yes,6200000,12800000,2,539,5600000,9800000,22300000,4800000,rejected
2250,1, Graduate, No,7000000,21000000,20,554,16900000,6600000,14600000,5600000,approved
2251,2, Graduate, Yes,7000000,19000000,6,523,5300000,9300000,25800000,9500000,rejected
2252,1, Not Graduate, Yes,5300000,12000000,10,852,400000,10400000,18900000,5000000,approved
2253,0, Not Graduate, Yes,1800000,3700000,2,505,3900000,2400000,4500000,1400000,rejected
2254,0, Graduate, Yes,2300000,7900000,10,430,6600000,2800000,8100000,1900000,rejected
2255,2, Graduate, No,4000000,9200000,16,784,3200000,600000,13000000,4900000,approved
2256,1, Not Graduate, No,8900000,24000000,6,380,16500000,7400000,27700000,7500000,rejected
2257,3, Graduate, No,8000000,18600000,20,565,1600000,8600000,22500000,9400000,approved
2258,4, Graduate, Yes,7900000,26900000,14,446,17900000,7300000,16500000,8200000,rejected
2259,5, Graduate, Yes,6700000,20200000,8,406,6900000,4900000,15300000,7100000,rejected
2260,4, Not Graduate, No,2400000,6000000,6,712,6800000,2200000,6000000,1200000,approved
2261,4, Not Graduate, No,8600000,22600000,14,729,300000,16200000,20500000,11900000,approved
2262,1, Not Graduate, Yes,5300000,14600000,20,508,11200000,2800000,17000000,4600000,rejected
2263,0, Graduate, No,7400000,24900000,20,648,7100000,7900000,23300000,6200000,approved
2264,0, Not Graduate, Yes,8700000,18700000,10,346,1200000,1800000,30700000,8200000,rejected
2265,5, Graduate, No,8200000,18500000,4,394,9600000,5700000,27400000,11100000,rejected
2266,0, Not Graduate, Yes,3700000,9700000,12,501,2600000,6600000,9200000,4600000,rejected
2267,5, Not Graduate, Yes,9200000,36300000,2,655,3000000,1200000,32200000,8700000,approved
2268,4, Not Graduate, No,6100000,20900000,4,662,10200000,7000000,23300000,4100000,approved
2269,2, Graduate, Yes,8800000,30800000,20,820,700000,4800000,25900000,12700000,approved
2270,5, Not Graduate, No,9200000,18900000,10,521,8300000,14500000,23400000,6900000,rejected
2271,3, Graduate, No,7200000,27900000,12,473,21100000,8800000,27800000,8700000,rejected
2272,1, Graduate, No,600000,1200000,10,561,900000,300000,1400000,600000,approved
2273,5, Graduate, No,8000000,23100000,20,461,5900000,2400000,29300000,7200000,rejected
2274,4, Graduate, Yes,6900000,13800000,16,715,2100000,6100000,20900000,8200000,approved
2275,0, Not Graduate, Yes,4300000,15600000,18,440,6200000,1300000,10000000,4700000,rejected
2276,3, Not Graduate, Yes,8500000,24900000,18,749,9600000,1200000,31700000,10100000,approved
2277,4, Not Graduate, No,8600000,17400000,2,787,11700000,10600000,18400000,10600000,approved
2278,3, Graduate, No,6300000,13900000,18,748,17700000,8800000,21700000,8600000,approved
2279,3, Not Graduate, Yes,5800000,13600000,12,321,1700000,3300000,22300000,3400000,rejected
2280,3, Graduate, Yes,1000000,2300000,10,303,1000000,400000,2500000,1000000,rejected
2281,0, Not Graduate, Yes,1700000,5400000,8,682,2400000,1000000,3900000,2100000,approved
2282,2, Not Graduate, No,3200000,8600000,18,638,1000000,4900000,8600000,3500000,approved
2283,0, Graduate, Yes,7500000,16600000,14,440,17200000,14500000,24100000,10300000,rejected
2284,1, Not Graduate, Yes,2000000,6600000,10,873,1400000,200000,6300000,2400000,approved
2285,3, Not Graduate, No,9100000,19700000,20,437,6300000,13700000,23700000,12900000,rejected
2286,4, Graduate, Yes,8400000,19700000,8,796,17900000,9200000,20200000,7700000,approved
2287,4, Graduate, No,7100000,27200000,16,824,2400000,8000000,22400000,3900000,approved
2288,2, Not Graduate, No,200000,800000,6,338,100000,0,400000,100000,rejected
2289,0, Not Graduate, Yes,5000000,14900000,12,575,12800000,1500000,12300000,6600000,approved
2290,0, Not Graduate, Yes,4500000,16900000,8,773,6300000,6800000,14000000,6000000,approved
2291,2, Not Graduate, Yes,5100000,19700000,2,733,0,4500000,12900000,6200000,approved
2292,3, Graduate, Yes,4100000,10600000,14,475,5400000,4300000,13900000,4500000,rejected
2293,1, Not Graduate, No,7200000,15000000,10,677,10600000,3900000,24500000,4100000,approved
2294,3, Not Graduate, No,7800000,17700000,6,403,12600000,3700000,24700000,10000000,rejected
2295,3, Graduate, Yes,7500000,25300000,12,767,13200000,10800000,19400000,9600000,approved
2296,3, Graduate, Yes,6400000,21000000,2,813,3900000,10900000,20500000,4400000,approved
2297,4, Graduate, No,7000000,25700000,20,597,19900000,13500000,27500000,10100000,approved
2298,4, Not Graduate, Yes,9000000,31100000,8,896,7100000,4400000,23400000,13100000,approved
2299,2, Not Graduate, Yes,4400000,13900000,6,810,13200000,4200000,15000000,5200000,approved
2300,2, Not Graduate, No,900000,2000000,14,337,1700000,0,2100000,600000,rejected
2301,1, Graduate, No,9800000,26900000,18,792,15900000,14100000,25200000,11900000,approved
2302,4, Not Graduate, No,600000,1600000,6,784,300000,100000,1900000,500000,approved
2303,5, Graduate, Yes,9700000,30100000,12,434,19600000,17900000,21000000,6900000,rejected
2304,2, Graduate, Yes,8400000,32600000,10,384,13900000,1600000,21600000,7000000,rejected
2305,1, Graduate, No,8300000,24900000,10,642,11500000,15400000,21600000,5800000,approved
2306,4, Graduate, No,7900000,29900000,8,314,22000000,4600000,26000000,8100000,rejected
2307,1, Not Graduate, No,8600000,25900000,2,606,3700000,14900000,32700000,12200000,approved
2308,5, Not Graduate, Yes,6700000,17600000,14,843,12700000,200000,19500000,5600000,approved
2309,0, Graduate, No,2700000,7400000,10,778,6800000,800000,5600000,2800000,approved
2310,0, Not Graduate, No,6600000,25600000,8,718,12600000,12200000,21700000,9000000,approved
2311,1, Graduate, Yes,7100000,20800000,20,437,9600000,7300000,24700000,8800000,rejected
2312,5, Graduate, Yes,300000,700000,10,586,0,400000,1000000,100000,approved
2313,2, Graduate, No,2200000,7000000,6,777,6100000,400000,4400000,3300000,approved
2314,1, Graduate, Yes,8700000,31700000,12,525,7800000,10200000,30300000,6100000,rejected
2315,4, Graduate, No,7200000,23100000,12,632,4600000,8500000,19400000,4400000,approved
2316,0, Not Graduate, No,2000000,4800000,20,337,1300000,2200000,5500000,1700000,rejected
2317,4, Graduate, Yes,8600000,27900000,8,458,22400000,1800000,34000000,11700000,rejected
2318,2, Graduate, Yes,2300000,5400000,8,364,4500000,500000,7000000,2000000,rejected
2319,2, Not Graduate, Yes,9600000,29800000,16,499,28500000,6300000,31800000,7400000,rejected
2320,2, Graduate, Yes,1900000,6500000,16,887,2000000,1200000,4500000,1700000,approved
2321,1, Graduate, No,2100000,6300000,16,882,3900000,2200000,7700000,2900000,approved
2322,1, Not Graduate, Yes,3900000,8700000,8,817,900000,2500000,10700000,2100000,approved
2323,5, Not Graduate, Yes,200000,300000,10,704,500000,100000,800000,200000,approved
2324,1, Not Graduate, Yes,1900000,4500000,12,742,1200000,2000000,4400000,1200000,approved
2325,0, Not Graduate, Yes,3200000,11600000,4,393,4700000,300000,8000000,3100000,approved
2326,0, Not Graduate, No,1100000,4300000,18,828,700000,800000,2900000,900000,approved
2327,5, Graduate, Yes,8000000,21500000,12,779,2600000,15100000,29800000,10400000,approved
2328,4, Graduate, Yes,6100000,21700000,6,860,13900000,900000,14100000,5600000,approved
2329,5, Graduate, No,3200000,10600000,2,432,6500000,3700000,11200000,3700000,approved
2330,4, Graduate, Yes,9000000,30400000,20,532,21000000,7400000,30500000,13100000,rejected
2331,0, Not Graduate, Yes,1200000,3200000,2,678,1500000,1000000,3400000,900000,approved
2332,3, Graduate, No,7900000,27000000,6,601,17700000,7800000,27600000,11500000,approved
2333,3, Graduate, Yes,7700000,23100000,8,807,2900000,9800000,20400000,7000000,approved
2334,2, Not Graduate, No,4400000,16500000,16,879,7800000,7500000,10300000,5400000,approved
2335,1, Not Graduate, No,3100000,11200000,18,665,2000000,5400000,12000000,2500000,approved
2336,5, Not Graduate, Yes,2600000,9300000,16,697,5100000,1200000,7700000,3700000,approved
2337,4, Graduate, No,5500000,21700000,14,867,5000000,8700000,15200000,3100000,approved
2338,1, Graduate, No,5700000,15500000,8,544,10500000,8700000,20900000,7000000,rejected
2339,5, Graduate, No,6100000,20700000,20,482,9400000,2000000,16900000,5900000,rejected
2340,2, Graduate, No,8200000,22500000,18,857,13400000,14300000,28400000,8400000,approved
2341,1, Graduate, No,6000000,21200000,12,549,17900000,8200000,16900000,6200000,rejected
2342,1, Graduate, Yes,8000000,30600000,10,720,23700000,8500000,24900000,9700000,approved
2343,4, Not Graduate, No,2000000,4800000,8,302,1500000,800000,4000000,2600000,rejected
2344,5, Graduate, Yes,1300000,2900000,12,669,400000,1700000,3900000,1800000,approved
2345,1, Graduate, No,7000000,27100000,6,591,6700000,12200000,21500000,4900000,approved
2346,3, Graduate, No,4100000,15300000,6,440,7500000,5100000,8200000,2000000,rejected
2347,3, Graduate, No,8000000,26200000,16,890,15800000,4300000,25000000,4000000,approved
2348,4, Not Graduate, No,8100000,28000000,8,663,8800000,11300000,26000000,5500000,approved
2349,4, Graduate, Yes,9500000,22600000,14,433,10000000,900000,23100000,13400000,rejected
2350,0, Graduate, No,9200000,22500000,10,317,14200000,17400000,28500000,10700000,rejected
2351,2, Graduate, No,3900000,14700000,16,360,2600000,200000,8300000,2900000,rejected
2352,1, Graduate, No,9100000,26200000,8,727,20800000,7100000,27800000,8900000,approved
2353,3, Graduate, Yes,3000000,8300000,4,685,2900000,5400000,11300000,3800000,approved
2354,4, Graduate, No,2000000,4300000,8,373,2000000,2700000,7700000,2200000,rejected
2355,5, Graduate, No,6300000,14600000,8,469,13300000,10100000,24500000,3800000,rejected
2356,3, Not Graduate, Yes,4100000,10900000,8,548,8800000,5200000,13200000,4300000,rejected
2357,0, Not Graduate, No,9800000,29400000,20,618,1200000,14600000,33800000,8300000,approved
2358,2, Graduate, No,5200000,15400000,8,658,1200000,7500000,12800000,3200000,approved
2359,3, Graduate, No,7600000,28700000,18,781,21300000,12400000,29600000,8000000,approved
2360,3, Not Graduate, No,9200000,35500000,2,715,11100000,11800000,19800000,11700000,approved
2361,5, Not Graduate, No,2200000,8100000,4,409,300000,0,4900000,2400000,rejected
2362,2, Not Graduate, Yes,8300000,20600000,10,504,100000,900000,33200000,6700000,rejected
2363,3, Graduate, Yes,6100000,21600000,16,428,2900000,6100000,15100000,7200000,rejected
2364,2, Graduate, No,4500000,16600000,20,704,6400000,4200000,16900000,2400000,approved
2365,3, Not Graduate, No,6600000,18800000,12,834,18800000,9300000,13700000,4800000,approved
2366,4, Not Graduate, No,8900000,34900000,14,694,15400000,2800000,20600000,9100000,approved
2367,4, Graduate, Yes,3900000,13300000,20,453,9800000,500000,12300000,4700000,rejected
2368,3, Graduate, Yes,8900000,35400000,14,404,22300000,7700000,26400000,5900000,rejected
2369,5, Not Graduate, No,6400000,22300000,12,776,500000,9100000,24100000,5800000,approved
2370,1, Not Graduate, Yes,9500000,28700000,16,526,24600000,4900000,31800000,6600000,rejected
2371,3, Graduate, Yes,300000,1000000,8,641,700000,200000,1100000,200000,approved
2372,5, Not Graduate, No,4100000,12300000,6,582,10900000,6100000,14100000,3500000,approved
2373,2, Graduate, No,8100000,20800000,18,778,4100000,15500000,16700000,10600000,approved
2374,4, Graduate, No,9900000,28400000,10,763,23700000,12700000,35800000,5800000,approved
2375,0, Not Graduate, No,4800000,19000000,12,650,7000000,1000000,15600000,4800000,approved
2376,0, Graduate, Yes,2900000,9700000,2,820,6700000,1600000,9100000,3900000,approved
2377,1, Not Graduate, Yes,3500000,13500000,12,824,8400000,3900000,11600000,4100000,approved
2378,1, Not Graduate, Yes,4900000,12600000,4,718,11800000,7300000,11800000,3800000,approved
2379,2, Not Graduate, Yes,5100000,13300000,14,313,5900000,7900000,18000000,3900000,rejected
2380,5, Graduate, No,7300000,26200000,10,751,1400000,12200000,26700000,10400000,approved
2381,0, Graduate, Yes,200000,300000,18,520,100000,300000,600000,100000,rejected
2382,2, Graduate, No,1400000,4700000,4,355,2100000,600000,4400000,1400000,approved
2383,3, Graduate, Yes,8700000,33600000,14,314,7700000,10000000,21700000,6200000,rejected
2384,1, Not Graduate, Yes,2800000,5900000,20,728,1000000,3200000,10300000,1400000,approved
2385,3, Graduate, Yes,9100000,30100000,14,564,26600000,7300000,22700000,8200000,approved
2386,0, Not Graduate, Yes,6800000,15300000,14,699,19900000,2600000,13900000,8300000,approved
2387,0, Not Graduate, Yes,5000000,17000000,6,624,6700000,6200000,15400000,5900000,approved
2388,0, Graduate, Yes,4400000,16800000,14,795,8700000,8700000,12600000,3400000,approved
2389,5, Not Graduate, Yes,8400000,18600000,20,703,2500000,7100000,28800000,9500000,approved
2390,4, Graduate, No,7800000,17300000,4,394,3600000,13100000,24300000,7200000,rejected
2391,4, Graduate, Yes,4800000,9900000,14,779,5200000,9300000,18600000,2900000,approved
2392,1, Graduate, No,3200000,8800000,4,405,1000000,2600000,10700000,3400000,rejected
2393,5, Graduate, Yes,2300000,6700000,16,612,6700000,3300000,8800000,2000000,approved
2394,5, Not Graduate, Yes,9200000,28100000,10,448,22300000,3300000,33200000,10700000,rejected
2395,2, Not Graduate, Yes,4700000,13700000,6,506,1300000,7900000,16700000,3500000,rejected
2396,0, Not Graduate, Yes,8000000,30400000,2,776,16600000,1400000,29100000,7800000,approved
2397,1, Graduate, Yes,2600000,8600000,6,730,800000,2900000,6000000,3100000,approved
2398,3, Not Graduate, No,200000,800000,20,730,0,300000,400000,300000,approved
2399,5, Graduate, No,7300000,17200000,2,345,6100000,8400000,23200000,4900000,rejected
2400,4, Not Graduate, No,3300000,11800000,2,847,7800000,2400000,12100000,3000000,approved
2401,4, Not Graduate, No,8300000,23300000,20,398,18500000,11500000,17100000,9900000,rejected
2402,5, Not Graduate, Yes,4100000,9600000,2,307,8800000,7800000,8500000,3100000,rejected
2403,1, Not Graduate, No,7300000,23700000,16,852,9400000,6800000,22600000,8500000,approved
2404,1, Not Graduate, No,9300000,27500000,6,364,12200000,13800000,25300000,10800000,rejected
2405,2, Graduate, Yes,4300000,15200000,12,552,3400000,2100000,12700000,4800000,approved
2406,3, Not Graduate, No,2600000,8100000,2,421,4200000,3100000,6200000,2500000,approved
2407,5, Graduate, No,2900000,9800000,12,588,5900000,2300000,6800000,2900000,approved
2408,2, Graduate, Yes,900000,3500000,6,763,2300000,300000,2000000,600000,approved
2409,3, Not Graduate, Yes,4900000,17500000,20,823,12600000,8700000,14300000,4800000,approved
2410,0, Graduate, No,7700000,24800000,10,642,16800000,10700000,27400000,4500000,approved
2411,1, Graduate, No,4700000,16800000,12,647,10400000,8300000,10600000,3400000,approved
2412,5, Not Graduate, No,3000000,8900000,20,886,2600000,1000000,10600000,2800000,approved
2413,4, Not Graduate, No,9700000,26200000,4,518,26200000,0,22500000,14000000,rejected
2414,0, Graduate, Yes,6900000,26800000,20,515,10800000,2500000,16700000,8300000,rejected
2415,2, Not Graduate, Yes,3800000,12400000,8,340,1800000,2600000,9700000,2600000,rejected
2416,3, Not Graduate, Yes,600000,1700000,14,521,0,1000000,1700000,600000,rejected
2417,2, Not Graduate, Yes,1200000,2900000,12,330,400000,1600000,3800000,600000,rejected
2418,4, Not Graduate, Yes,7800000,26800000,2,474,8900000,11200000,18400000,5600000,approved
2419,0, Not Graduate, No,9000000,35100000,6,898,500000,16200000,20700000,9100000,approved
2420,1, Not Graduate, No,2800000,9100000,12,436,3600000,500000,7800000,3600000,rejected
2421,1, Not Graduate, No,7800000,21300000,10,326,22800000,10700000,18500000,4500000,rejected
2422,4, Graduate, Yes,4700000,9500000,18,876,11800000,6600000,18000000,4100000,approved
2423,2, Graduate, No,4600000,17500000,20,597,11400000,6100000,14100000,4100000,approved
2424,4, Graduate, No,5100000,16100000,14,436,11400000,2700000,13100000,6700000,rejected
2425,3, Not Graduate, Yes,6100000,22800000,18,640,16800000,7300000,19600000,6000000,approved
2426,0, Not Graduate, No,6000000,22900000,16,302,12200000,6500000,17700000,7100000,rejected
2427,2, Not Graduate, No,8400000,23200000,16,476,15200000,5400000,18700000,8600000,rejected
2428,2, Graduate, No,9300000,22000000,14,393,4300000,3800000,28400000,13900000,rejected
2429,0, Graduate, No,4200000,10300000,10,506,9300000,4500000,12400000,6000000,rejected
2430,3, Graduate, No,9600000,37800000,10,418,6700000,5500000,34900000,11300000,rejected
2431,3, Graduate, No,5600000,13400000,6,865,14900000,9700000,12300000,6000000,approved
2432,4, Graduate, No,7800000,28600000,2,703,500000,12400000,29500000,10500000,approved
2433,2, Graduate, Yes,4500000,12600000,2,568,6900000,3900000,17800000,2900000,approved
2434,3, Graduate, No,2400000,5900000,2,425,1100000,500000,7400000,2500000,rejected
2435,0, Not Graduate, No,3900000,11300000,12,305,5000000,5900000,8800000,2100000,rejected
2436,5, Graduate, Yes,9600000,20600000,6,456,17300000,11000000,21700000,11600000,rejected
2437,4, Not Graduate, No,900000,2600000,2,602,600000,800000,3200000,1000000,approved
2438,3, Graduate, Yes,1100000,3800000,20,814,1400000,1500000,3200000,1100000,approved
2439,4, Not Graduate, No,6400000,24900000,2,640,10000000,5700000,18700000,6300000,approved
2440,2, Graduate, No,4600000,15000000,4,817,7200000,2400000,13000000,6600000,approved
2441,4, Graduate, No,7600000,29800000,20,361,13800000,5800000,15300000,5900000,rejected
2442,5, Not Graduate, No,6800000,20100000,14,839,1900000,600000,15600000,7500000,approved
2443,5, Graduate, No,7100000,27000000,20,592,5100000,9600000,20200000,7600000,approved
2444,4, Not Graduate, Yes,6700000,24700000,6,498,12900000,700000,18800000,8400000,rejected
2445,5, Not Graduate, Yes,5800000,12400000,6,847,5100000,9000000,14100000,7600000,approved
2446,0, Graduate, Yes,8600000,29400000,16,643,1000000,14100000,33000000,12300000,approved
2447,0, Graduate, Yes,3500000,10600000,4,389,8300000,4800000,9100000,2500000,approved
2448,2, Graduate, Yes,4800000,17500000,20,381,400000,6900000,13400000,7000000,rejected
2449,5, Graduate, Yes,6100000,14400000,16,400,9200000,2800000,23800000,5600000,rejected
2450,5, Graduate, Yes,5200000,12700000,16,718,11700000,100000,18100000,7200000,approved
2451,5, Not Graduate, Yes,4100000,12400000,8,309,8200000,1000000,13000000,3300000,rejected
2452,5, Not Graduate, No,3200000,7400000,2,838,2200000,2900000,10200000,3600000,approved
2453,3, Not Graduate, Yes,7500000,21600000,14,678,8800000,12100000,20100000,11200000,approved
2454,2, Not Graduate, Yes,1500000,4500000,14,826,3200000,1700000,4600000,1600000,approved
2455,4, Graduate, Yes,1200000,3100000,16,348,1200000,2200000,3500000,1700000,rejected
2456,1, Graduate, Yes,8400000,19700000,6,476,24700000,16500000,31800000,12100000,rejected
2457,0, Not Graduate, Yes,7900000,26300000,8,666,4600000,9200000,18400000,11800000,approved
2458,1, Graduate, Yes,2100000,4300000,20,896,100000,2300000,7500000,2300000,approved
2459,2, Graduate, No,2500000,7000000,20,547,800000,1200000,5200000,2300000,rejected
2460,2, Not Graduate, Yes,3700000,13900000,2,405,5900000,3200000,9100000,5500000,approved
2461,5, Graduate, No,1100000,4000000,16,498,400000,100000,2300000,700000,rejected
2462,5, Graduate, No,6500000,24800000,8,779,7000000,9600000,15700000,8800000,approved
2463,0, Not Graduate, Yes,8200000,31500000,8,403,11500000,8800000,19000000,6100000,rejected
2464,2, Not Graduate, No,5000000,12400000,8,709,11300000,6800000,13300000,4200000,approved
2465,1, Not Graduate, No,1500000,6000000,6,507,2600000,2700000,4800000,1900000,rejected
2466,5, Not Graduate, No,3700000,9100000,18,368,3400000,2400000,8400000,3300000,rejected
2467,3, Graduate, Yes,4100000,14600000,16,760,4700000,6600000,14900000,3000000,approved
2468,2, Not Graduate, No,7200000,16800000,6,796,6600000,6100000,14400000,9800000,approved
2469,1, Graduate, No,2000000,5000000,6,876,500000,2900000,5800000,1500000,approved
2470,3, Not Graduate, No,2000000,4700000,14,673,800000,3400000,5900000,1500000,approved
2471,1, Graduate, Yes,5100000,11500000,4,747,5000000,8900000,14100000,7000000,approved
2472,1, Not Graduate, No,6000000,13600000,12,589,9000000,300000,12600000,7100000,approved
2473,1, Graduate, No,4900000,18100000,8,382,13600000,400000,15500000,2400000,rejected
2474,3, Not Graduate, Yes,900000,2300000,12,900,1300000,0,3300000,1100000,approved
2475,1, Graduate, Yes,7500000,25000000,18,628,3500000,2200000,21700000,4700000,approved
2476,2, Graduate, No,6400000,25000000,12,667,13500000,5500000,25500000,5400000,approved
2477,2, Graduate, Yes,8700000,26400000,2,778,8500000,2400000,28800000,10300000,approved
2478,4, Graduate, Yes,7300000,17200000,18,831,18500000,4300000,23000000,5200000,approved
2479,5, Graduate, No,7400000,27100000,4,320,19800000,14600000,25200000,9400000,approved
2480,2, Graduate, No,2700000,9300000,16,656,7700000,2500000,6400000,3600000,approved
2481,3, Graduate, No,3400000,8900000,6,896,4200000,4800000,10200000,4200000,approved
2482,3, Not Graduate, Yes,2100000,7400000,4,320,3300000,2700000,6300000,2200000,approved
2483,2, Not Graduate, No,3100000,10500000,10,751,5500000,5900000,9000000,1600000,approved
2484,5, Not Graduate, No,4700000,17400000,2,523,10600000,7000000,10900000,5200000,approved
2485,5, Graduate, No,3100000,10500000,6,584,7700000,2100000,10900000,2900000,approved
2486,2, Not Graduate, No,5700000,20400000,2,630,3000000,3100000,22600000,2900000,approved
2487,3, Graduate, Yes,2300000,8000000,14,472,4400000,3300000,7700000,1800000,rejected
2488,0, Not Graduate, Yes,6600000,18500000,16,802,14600000,1100000,21800000,9700000,approved
2489,2, Graduate, Yes,2700000,6400000,18,547,5000000,1700000,9200000,1700000,rejected
2490,1, Not Graduate, Yes,800000,2800000,16,726,2000000,1300000,3100000,1200000,approved
2491,1, Graduate, No,6600000,18500000,8,712,2300000,3200000,24400000,7600000,approved
2492,3, Graduate, No,3900000,10700000,6,790,10600000,1900000,12500000,2700000,approved
2493,5, Not Graduate, No,200000,600000,16,396,0,0,500000,200000,rejected
2494,3, Graduate, No,2000000,4200000,6,831,1300000,1700000,6900000,1200000,approved
2495,2, Graduate, Yes,9100000,20900000,20,632,4200000,400000,30000000,13200000,approved
2496,3, Graduate, No,4700000,10800000,8,527,13300000,3100000,13600000,4800000,rejected
2497,3, Not Graduate, Yes,3200000,11100000,6,708,8900000,5700000,8100000,1500000,approved
2498,2, Not Graduate, No,1700000,4200000,14,829,200000,1600000,4600000,1600000,approved
2499,1, Not Graduate, No,2600000,8100000,12,854,4500000,5100000,6300000,2500000,approved
2500,3, Not Graduate, Yes,2700000,6700000,14,899,2400000,4200000,6000000,2000000,approved
2501,0, Not Graduate, Yes,3600000,13400000,6,589,3600000,0,11200000,4000000,approved
2502,4, Graduate, Yes,7200000,26000000,6,571,4700000,0,22600000,4200000,approved
2503,2, Not Graduate, Yes,2500000,6400000,6,708,6900000,200000,9900000,3500000,approved
2504,2, Not Graduate, No,5500000,19600000,16,328,2400000,4800000,10900000,3700000,rejected
2505,3, Graduate, Yes,9200000,33500000,8,564,20800000,15200000,29800000,11400000,approved
2506,3, Not Graduate, No,9000000,19000000,8,693,18300000,4500000,29600000,7200000,approved
2507,4, Not Graduate, Yes,5900000,15000000,14,626,16400000,4600000,17600000,8200000,approved
2508,4, Graduate, No,5600000,15600000,12,470,9900000,10700000,14600000,7000000,rejected
2509,2, Not Graduate, Yes,3200000,12500000,8,849,400000,5300000,10400000,4400000,approved
2510,5, Not Graduate, No,9100000,27800000,16,547,21900000,7000000,31900000,9400000,rejected
2511,0, Not Graduate, Yes,4600000,15100000,2,417,5600000,3900000,11800000,6600000,approved
2512,4, Graduate, No,7300000,14900000,2,358,13600000,12300000,20400000,7300000,rejected
2513,5, Not Graduate, Yes,1300000,3100000,16,826,200000,1700000,5100000,1400000,approved
2514,0, Not Graduate, No,1800000,4200000,6,836,1300000,1900000,6800000,2000000,approved
2515,3, Graduate, No,500000,1700000,10,509,400000,300000,1400000,300000,rejected
2516,2, Not Graduate, Yes,5700000,20500000,20,581,15200000,7800000,11400000,8500000,approved
2517,4, Graduate, No,300000,1100000,4,359,100000,0,1000000,200000,approved
2518,5, Graduate, Yes,2100000,7100000,10,517,1200000,2900000,5400000,1400000,rejected
2519,1, Not Graduate, Yes,5700000,20100000,14,442,11700000,7300000,17900000,6500000,rejected
2520,1, Not Graduate, Yes,1100000,2700000,16,346,1900000,300000,2200000,800000,rejected
2521,5, Graduate, No,9300000,34000000,6,742,4200000,600000,32800000,8200000,approved
2522,1, Graduate, Yes,3500000,8100000,10,626,7100000,5500000,7200000,2900000,approved
2523,0, Not Graduate, Yes,8200000,28800000,4,619,9000000,1100000,23000000,6300000,approved
2524,2, Not Graduate, Yes,7500000,17900000,20,734,9100000,5500000,23000000,4900000,approved
2525,1, Graduate, Yes,7000000,25600000,6,420,15100000,11500000,15300000,8700000,rejected
2526,5, Not Graduate, Yes,3900000,8300000,18,600,3900000,600000,10400000,5600000,approved
2527,3, Graduate, Yes,4700000,13200000,12,440,4000000,3300000,16600000,4300000,rejected
2528,5, Not Graduate, Yes,1700000,5200000,16,820,1700000,1200000,4000000,1000000,approved
2529,0, Graduate, No,2500000,7800000,8,437,5800000,0,5800000,3300000,rejected
2530,1, Not Graduate, Yes,400000,1400000,12,468,700000,0,1500000,400000,rejected
2531,0, Not Graduate, Yes,2400000,9100000,8,368,2200000,200000,5600000,3300000,rejected
2532,4, Graduate, No,5700000,21900000,2,871,3200000,1700000,14400000,6100000,approved
2533,1, Graduate, No,9800000,37900000,4,816,21800000,12200000,26100000,8500000,approved
2534,5, Graduate, No,9000000,32800000,4,773,10600000,4100000,18900000,11500000,approved
2535,3, Not Graduate, No,800000,3000000,14,576,1200000,1300000,2600000,400000,approved
2536,1, Graduate, No,1600000,4500000,14,673,1900000,2700000,3700000,1300000,approved
2537,0, Graduate, Yes,9800000,34100000,20,760,21500000,9400000,33400000,13600000,approved
2538,5, Not Graduate, Yes,2900000,7500000,12,678,3400000,3000000,10900000,3700000,approved
2539,4, Not Graduate, Yes,3900000,12000000,14,893,6000000,4700000,12900000,5200000,approved
2540,0, Graduate, Yes,3300000,9000000,18,754,6100000,3900000,6900000,4700000,approved
2541,3, Graduate, Yes,700000,2200000,8,617,1600000,400000,2400000,900000,approved
2542,3, Not Graduate, Yes,8400000,29500000,20,661,14600000,3400000,28900000,10900000,approved
2543,1, Graduate, Yes,4000000,12100000,12,356,10500000,2500000,15600000,5000000,rejected
2544,0, Not Graduate, Yes,1900000,6300000,16,811,1100000,100000,5100000,1900000,approved
2545,0, Not Graduate, No,3900000,14600000,2,730,9200000,4000000,14600000,5400000,approved
2546,5, Not Graduate, No,7400000,18000000,2,792,5300000,9400000,19900000,5300000,approved
2547,5, Not Graduate, Yes,5900000,16000000,6,798,15900000,5000000,12300000,3100000,approved
2548,2, Not Graduate, No,1400000,2900000,12,490,600000,1600000,5500000,1300000,rejected
2549,2, Graduate, Yes,1800000,5500000,6,448,2900000,300000,5600000,1300000,rejected
2550,0, Graduate, Yes,1000000,3100000,6,525,1900000,1700000,2800000,1400000,rejected
2551,1, Graduate, No,7400000,19200000,20,415,2200000,4800000,29200000,7000000,rejected
2552,5, Graduate, No,2700000,10600000,16,496,800000,2900000,9700000,2400000,rejected
2553,1, Not Graduate, Yes,3600000,13100000,8,543,2900000,100000,9900000,2700000,rejected
2554,5, Graduate, No,7000000,18400000,12,520,4700000,11900000,17000000,3800000,rejected
2555,4, Not Graduate, Yes,5000000,18000000,14,307,5300000,5600000,12800000,3300000,rejected
2556,2, Graduate, No,1800000,5700000,14,502,1400000,1100000,4400000,1300000,rejected
2557,2, Graduate, Yes,4700000,12000000,6,505,3400000,3800000,18000000,2300000,rejected
2558,2, Not Graduate, Yes,6700000,23100000,4,304,14400000,7100000,24300000,10000000,approved
2559,5, Not Graduate, No,5800000,17500000,10,719,5800000,1900000,12400000,3100000,approved
2560,0, Graduate, Yes,5900000,22700000,18,855,13400000,6300000,14500000,4000000,approved
2561,4, Not Graduate, No,6000000,15800000,18,593,6800000,4800000,13200000,6400000,approved
2562,1, Not Graduate, Yes,700000,1400000,10,523,700000,1100000,1600000,900000,rejected
2563,0, Not Graduate, Yes,3700000,13100000,14,385,10600000,6800000,9200000,4900000,rejected
2564,0, Graduate, Yes,7100000,19300000,6,783,3900000,4800000,21800000,5000000,approved
2565,5, Graduate, Yes,1100000,3900000,2,538,400000,1300000,4300000,1600000,approved
2566,3, Not Graduate, Yes,9500000,20100000,2,506,16800000,800000,32700000,11000000,rejected
2567,4, Not Graduate, Yes,2200000,8600000,2,461,1400000,3000000,4700000,2100000,approved
2568,4, Not Graduate, Yes,5500000,20000000,8,666,3800000,4700000,18000000,7900000,approved
2569,3, Not Graduate, Yes,4400000,16300000,20,561,5500000,8000000,12000000,4000000,approved
2570,5, Not Graduate, No,5000000,10800000,10,345,12300000,5000000,14100000,6300000,rejected
2571,4, Not Graduate, Yes,6100000,12500000,14,862,11300000,1500000,21900000,6800000,approved
2572,3, Not Graduate, No,8100000,22300000,10,686,20400000,8700000,19200000,6200000,approved
2573,4, Graduate, Yes,7000000,19600000,8,708,17600000,2600000,24300000,4500000,approved
2574,4, Not Graduate, No,5600000,14800000,20,656,9600000,9200000,11600000,6500000,approved
2575,4, Graduate, No,1800000,7000000,14,743,2600000,1000000,4500000,1500000,approved
2576,2, Graduate, No,3600000,12100000,14,408,10100000,4200000,13000000,5400000,rejected
2577,5, Graduate, No,600000,1300000,14,408,1000000,300000,1600000,900000,rejected
2578,1, Graduate, Yes,4900000,16500000,12,439,7500000,1400000,10300000,7200000,rejected
2579,3, Graduate, Yes,3000000,7100000,6,415,2000000,5700000,9500000,2500000,rejected
2580,0, Not Graduate, Yes,3800000,10600000,12,490,3300000,6500000,14400000,3100000,rejected
2581,1, Graduate, Yes,7600000,30000000,16,884,13300000,3600000,17200000,10800000,approved
2582,4, Graduate, No,7800000,25400000,18,425,3000000,14000000,30500000,7200000,rejected
2583,0, Graduate, No,6800000,21700000,20,730,17500000,1300000,18600000,3600000,approved
2584,4, Graduate, Yes,5900000,17300000,20,657,1500000,5600000,13000000,4100000,approved
2585,2, Not Graduate, No,4900000,16800000,10,480,2200000,8900000,12600000,2700000,rejected
2586,3, Not Graduate, Yes,1100000,3100000,16,356,1300000,100000,3000000,1600000,rejected
2587,1, Not Graduate, Yes,9800000,36000000,12,629,28000000,4100000,29800000,11200000,approved
2588,1, Graduate, Yes,1200000,4700000,2,667,1100000,300000,4200000,800000,approved
2589,0, Not Graduate, No,4700000,11500000,18,559,7500000,0,18700000,2600000,approved
2590,4, Graduate, No,6700000,16000000,4,791,0,13000000,20700000,5200000,approved
2591,0, Not Graduate, Yes,3700000,11300000,6,538,6200000,400000,10400000,5400000,rejected
2592,2, Graduate, No,7400000,16000000,20,358,16700000,5500000,26800000,4300000,rejected
2593,2, Not Graduate, No,3300000,11700000,14,439,4000000,6300000,8300000,1700000,rejected
2594,2, Graduate, Yes,4800000,15300000,12,503,3300000,4000000,12000000,4300000,rejected
2595,4, Graduate, Yes,4600000,11900000,6,810,11200000,8200000,17500000,5200000,approved
2596,1, Graduate, Yes,8000000,30600000,14,302,12700000,13100000,23900000,6800000,rejected
2597,0, Not Graduate, No,4100000,8800000,18,300,10900000,6400000,8600000,3500000,rejected
2598,4, Not Graduate, No,2600000,7200000,16,612,1300000,1000000,5800000,1400000,approved
2599,3, Not Graduate, No,1300000,5000000,6,686,2700000,2000000,4100000,900000,approved
2600,0, Graduate, Yes,2300000,4900000,12,409,3300000,2400000,4700000,3200000,rejected
2601,5, Graduate, No,300000,900000,6,492,800000,300000,700000,400000,rejected
2602,0, Graduate, Yes,7000000,21700000,20,498,6600000,5500000,14700000,3900000,rejected
2603,3, Not Graduate, Yes,4400000,10900000,18,611,8600000,6300000,8800000,3000000,approved
2604,5, Not Graduate, Yes,5100000,11800000,6,776,7600000,400000,10500000,4400000,approved
2605,1, Not Graduate, No,5900000,13000000,6,779,10800000,11600000,13100000,6600000,approved
2606,3, Graduate, Yes,7800000,27200000,16,560,3600000,8100000,21800000,8600000,approved
2607,4, Graduate, Yes,2200000,5100000,6,308,3200000,2600000,6600000,3100000,rejected
2608,4, Not Graduate, No,5400000,12600000,18,786,300000,2500000,21000000,6600000,approved
2609,1, Not Graduate, No,7400000,29100000,8,597,12100000,4800000,16300000,7000000,approved
2610,4, Graduate, No,5800000,12000000,12,811,9400000,8800000,14200000,3100000,approved
2611,1, Graduate, Yes,5800000,13000000,12,862,11300000,8400000,12000000,3900000,approved
2612,3, Not Graduate, Yes,4800000,14200000,12,369,3200000,200000,14000000,3000000,rejected
2613,1, Not Graduate, Yes,7400000,23900000,4,687,20800000,10900000,26100000,5600000,approved
2614,0, Not Graduate, Yes,9600000,19600000,12,500,21500000,700000,37600000,10900000,rejected
2615,2, Not Graduate, Yes,200000,500000,6,746,400000,0,500000,0,approved
2616,4, Not Graduate, No,700000,2100000,14,619,1900000,700000,2400000,1000000,approved
2617,2, Not Graduate, No,7600000,16700000,20,692,9900000,9600000,25100000,7400000,approved
2618,1, Not Graduate, Yes,1400000,3300000,18,321,900000,1500000,3000000,700000,rejected
2619,2, Not Graduate, Yes,3800000,15000000,14,730,10800000,2900000,10700000,3600000,approved
2620,3, Not Graduate, No,2700000,10800000,6,480,4400000,0,10300000,3500000,rejected
2621,2, Not Graduate, Yes,5000000,10700000,2,753,12600000,9000000,11500000,5700000,approved
2622,4, Graduate, Yes,9000000,28900000,6,637,11300000,1200000,33000000,4800000,approved
2623,3, Graduate, No,3700000,9000000,6,483,9300000,400000,9900000,3600000,rejected
2624,4, Not Graduate, Yes,300000,1100000,4,315,700000,100000,900000,100000,approved
2625,4, Graduate, No,1800000,4100000,8,777,2200000,2500000,3600000,1900000,approved
2626,2, Graduate, No,7900000,17700000,4,402,20900000,11800000,25600000,8400000,rejected
2627,4, Graduate, Yes,2100000,7700000,8,493,4300000,400000,4400000,1300000,rejected
2628,0, Graduate, Yes,900000,3100000,4,355,1700000,100000,3000000,500000,approved
2629,3, Graduate, No,9900000,23600000,18,557,18300000,8600000,23000000,9100000,approved
2630,0, Not Graduate, Yes,5600000,20000000,20,606,7100000,500000,20000000,7600000,approved
2631,1, Not Graduate, Yes,6000000,12200000,16,743,8800000,2600000,20600000,2900000,approved
2632,5, Not Graduate, No,5700000,18400000,4,579,12800000,4000000,17200000,4900000,approved
2633,0, Graduate, Yes,9000000,33100000,20,734,2800000,5900000,25300000,10300000,approved
2634,0, Graduate, No,7300000,16100000,2,490,7600000,1400000,21800000,10700000,rejected
2635,5, Graduate, No,5300000,20500000,16,802,11200000,7100000,21100000,4100000,approved
2636,1, Not Graduate, Yes,3500000,7400000,16,867,500000,6600000,9500000,2100000,approved
2637,0, Not Graduate, No,1000000,2200000,12,302,2200000,400000,3700000,1400000,rejected
2638,0, Not Graduate, No,5100000,19900000,12,867,1800000,7100000,18300000,5700000,approved
2639,0, Graduate, Yes,2900000,9900000,8,312,1800000,4500000,11200000,3700000,rejected
2640,3, Not Graduate, No,7600000,19100000,14,762,14800000,15000000,23500000,7300000,approved
2641,5, Not Graduate, Yes,6000000,14700000,18,462,15400000,9700000,13800000,3500000,rejected
2642,1, Graduate, No,6300000,18200000,18,849,4300000,5800000,15500000,5200000,approved
2643,3, Not Graduate, No,1900000,7400000,18,592,2300000,3000000,6000000,1800000,approved
2644,4, Graduate, No,600000,1400000,4,507,200000,300000,1700000,400000,rejected
2645,2, Not Graduate, Yes,4100000,11400000,14,505,8100000,7500000,10100000,5500000,rejected
2646,0, Not Graduate, Yes,800000,3200000,8,467,900000,400000,3100000,800000,rejected
2647,2, Not Graduate, No,6600000,22900000,16,543,2500000,11000000,26300000,8500000,rejected
2648,4, Graduate, Yes,300000,1100000,12,674,600000,0,800000,200000,approved
2649,3, Graduate, No,6100000,13500000,2,717,15700000,4200000,16100000,3400000,approved
2650,5, Not Graduate, Yes,4800000,17000000,10,666,6800000,5400000,12400000,2900000,approved
2651,4, Not Graduate, No,4500000,17300000,18,830,200000,4200000,12000000,2500000,approved
2652,2, Graduate, No,3800000,9400000,16,383,8300000,500000,9200000,2300000,rejected
2653,2, Graduate, Yes,7000000,18900000,8,584,13000000,13600000,20600000,5000000,approved
2654,2, Not Graduate, No,4400000,14200000,18,799,6300000,7800000,10800000,2400000,approved
2655,5, Graduate, No,5300000,19400000,6,510,14700000,7000000,13600000,3700000,rejected
2656,0, Not Graduate, Yes,2600000,5900000,6,572,5800000,3100000,7300000,3800000,approved
2657,3, Not Graduate, No,3300000,13100000,2,554,6000000,2500000,6700000,3800000,approved
2658,1, Not Graduate, Yes,1200000,4800000,6,344,2900000,1700000,3200000,1300000,rejected
2659,3, Graduate, No,4300000,8600000,8,881,9100000,5200000,15000000,5500000,approved
2660,0, Not Graduate, Yes,8400000,27200000,10,514,2500000,6400000,20100000,7200000,rejected
2661,0, Graduate, No,600000,1800000,18,796,1000000,700000,1200000,500000,approved
2662,2, Graduate, Yes,4700000,16200000,12,802,2300000,5400000,14800000,6700000,approved
2663,3, Graduate, No,4200000,12500000,20,375,1300000,5100000,10900000,2400000,rejected
2664,2, Graduate, No,4300000,14700000,2,871,4100000,7300000,13900000,4400000,approved
2665,0, Not Graduate, No,800000,2900000,2,439,100000,900000,2700000,1200000,approved
2666,0, Not Graduate, Yes,9300000,32000000,8,438,24800000,6400000,34900000,12400000,rejected
2667,5, Not Graduate, No,6200000,13700000,2,468,3300000,12300000,13900000,5500000,rejected
2668,3, Graduate, Yes,3500000,10200000,12,645,10400000,5700000,10000000,2400000,approved
2669,2, Graduate, Yes,3600000,9200000,18,700,4400000,1800000,10700000,3500000,approved
2670,5, Graduate, Yes,9500000,36700000,16,348,3500000,2200000,31600000,11400000,rejected
2671,5, Graduate, Yes,600000,1400000,10,877,1400000,400000,2000000,700000,approved
2672,0, Not Graduate, Yes,3800000,14900000,6,899,7800000,600000,12400000,2800000,approved
2673,3, Graduate, Yes,1400000,3500000,12,610,1200000,600000,3800000,1400000,approved
2674,1, Not Graduate, No,6300000,23900000,4,742,1500000,7100000,21800000,4300000,approved
2675,1, Not Graduate, Yes,2800000,6600000,18,801,4000000,4900000,7100000,3700000,approved
2676,4, Graduate, Yes,5400000,17100000,2,533,13800000,5100000,12200000,4700000,approved
2677,3, Not Graduate, Yes,6300000,23900000,16,656,12700000,9300000,15200000,5100000,approved
2678,3, Graduate, Yes,3900000,14300000,18,785,10900000,7600000,13900000,4900000,approved
2679,2, Graduate, Yes,4200000,15700000,2,332,7000000,700000,13300000,3000000,approved
2680,0, Graduate, No,3100000,8100000,18,768,400000,1600000,11600000,2400000,approved
2681,1, Graduate, No,3400000,8600000,6,640,7700000,1000000,7800000,4400000,approved
2682,4, Not Graduate, No,1500000,3100000,6,885,100000,2800000,3800000,1900000,approved
2683,3, Not Graduate, Yes,900000,2000000,18,772,2300000,700000,3500000,800000,approved
2684,4, Graduate, Yes,7800000,25600000,4,665,1000000,2300000,27300000,8200000,approved
2685,1, Not Graduate, Yes,3500000,10500000,20,454,8300000,4000000,7600000,2100000,rejected
2686,1, Not Graduate, No,8400000,32500000,14,698,20600000,5900000,17300000,12200000,approved
2687,4, Not Graduate, Yes,6400000,21300000,20,332,3600000,9100000,16200000,8000000,rejected
2688,1, Not Graduate, No,9600000,28300000,6,536,18700000,9300000,27300000,6000000,rejected
2689,5, Not Graduate, Yes,2100000,6500000,10,796,2400000,2800000,7300000,2700000,approved
2690,2, Not Graduate, Yes,6000000,19900000,8,486,12100000,8100000,20100000,6600000,rejected
2691,0, Not Graduate, Yes,8300000,16800000,18,422,8000000,10600000,23300000,11400000,rejected
2692,1, Not Graduate, Yes,5300000,18500000,6,501,6700000,8600000,16600000,4300000,rejected
2693,1, Not Graduate, Yes,9700000,23500000,4,666,15100000,9400000,23300000,8000000,approved
2694,3, Not Graduate, Yes,8200000,16500000,18,371,19000000,1200000,18500000,8200000,rejected
2695,5, Graduate, No,3400000,6900000,14,312,1800000,400000,10300000,3800000,rejected
2696,5, Graduate, No,2800000,11000000,12,753,3900000,4600000,10700000,2400000,approved
2697,0, Not Graduate, Yes,2400000,5200000,16,740,6300000,1000000,7500000,2900000,approved
2698,1, Graduate, No,8200000,24000000,4,366,10900000,15200000,25200000,10400000,rejected
2699,4, Not Graduate, No,4200000,11100000,8,526,11600000,200000,16800000,4900000,rejected
2700,4, Graduate, Yes,5500000,14800000,10,354,16000000,3400000,21200000,7700000,rejected
2701,5, Not Graduate, Yes,2900000,6300000,6,719,7900000,1600000,8000000,1600000,approved
2702,5, Not Graduate, No,6300000,20100000,12,774,15600000,11800000,16200000,5800000,approved
2703,5, Not Graduate, Yes,9700000,29100000,18,732,4700000,7400000,35600000,12400000,approved
2704,1, Not Graduate, No,6500000,16000000,6,862,2000000,0,24000000,9700000,approved
2705,5, Not Graduate, No,4900000,10800000,18,613,6800000,800000,14500000,5300000,approved
2706,5, Graduate, Yes,6900000,16500000,6,447,4100000,400000,14100000,6600000,rejected
2707,4, Not Graduate, Yes,1100000,3000000,4,730,300000,600000,3600000,1100000,approved
2708,2, Not Graduate, Yes,7800000,29600000,14,568,-100000,8600000,27000000,7200000,approved
2709,2, Graduate, Yes,8200000,23600000,6,495,23000000,10600000,27200000,6100000,rejected
2710,5, Not Graduate, Yes,6700000,23600000,14,854,3000000,3300000,19400000,7500000,approved
2711,3, Graduate, Yes,7400000,15200000,10,548,16700000,12800000,19300000,4800000,rejected
2712,1, Not Graduate, No,1200000,2700000,14,779,600000,2200000,2400000,600000,approved
2713,0, Not Graduate, No,9500000,24800000,2,564,17400000,16000000,19600000,12000000,approved
2714,5, Not Graduate, Yes,4000000,8200000,2,571,3500000,7700000,9500000,4400000,approved
2715,0, Not Graduate, Yes,8600000,32600000,8,778,21500000,14100000,33600000,11000000,approved
2716,4, Graduate, Yes,9100000,28400000,12,808,25800000,11800000,19300000,9700000,approved
2717,0, Not Graduate, Yes,7100000,18600000,20,770,19200000,13100000,23100000,5100000,approved
2718,0, Not Graduate, No,9000000,28400000,4,612,0,7200000,26900000,13200000,approved
2719,3, Graduate, Yes,1400000,2700000,14,819,1200000,1500000,4000000,1300000,approved
2720,1, Graduate, No,8800000,20200000,6,627,24200000,16100000,17600000,11900000,approved
2721,3, Not Graduate, Yes,5400000,14700000,4,359,12300000,9900000,15100000,6100000,rejected
2722,1, Graduate, No,6100000,19100000,6,341,5700000,5900000,12400000,6300000,rejected
2723,1, Graduate, No,1000000,3600000,4,570,1000000,1300000,3700000,1000000,approved
2724,3, Graduate, Yes,7700000,18100000,20,736,7800000,14500000,29100000,10000000,approved
2725,1, Graduate, Yes,6100000,12900000,2,302,8900000,7500000,15600000,7200000,rejected
2726,2, Not Graduate, Yes,7700000,21000000,12,420,16100000,4300000,27400000,10500000,rejected
2727,4, Graduate, Yes,4700000,12000000,2,416,5800000,8200000,13000000,6800000,rejected
2728,2, Graduate, Yes,9100000,34800000,20,836,21300000,10900000,30600000,9900000,approved
2729,0, Graduate, Yes,5800000,12700000,12,528,8400000,7300000,19600000,7600000,rejected
2730,4, Not Graduate, No,8500000,24900000,2,405,1900000,400000,21700000,11400000,rejected
2731,2, Graduate, Yes,9900000,33400000,14,783,16600000,16100000,21000000,9500000,approved
2732,4, Not Graduate, Yes,2000000,4000000,10,636,2100000,0,4000000,1700000,approved
2733,1, Not Graduate, Yes,5000000,16800000,6,711,6300000,7600000,16000000,3200000,approved
2734,1, Graduate, Yes,3200000,11800000,16,848,5500000,3200000,7500000,2300000,approved
2735,1, Not Graduate, Yes,8000000,27800000,8,804,7900000,1600000,27100000,11800000,approved
2736,0, Not Graduate, Yes,1200000,2800000,14,892,3200000,100000,3300000,1700000,approved
2737,2, Not Graduate, Yes,5800000,22800000,14,696,12100000,200000,20800000,4800000,approved
2738,1, Graduate, No,2500000,7600000,20,888,7400000,4200000,6400000,1900000,approved
2739,1, Not Graduate, Yes,600000,1400000,10,699,400000,500000,1300000,800000,approved
2740,5, Graduate, No,4900000,13000000,10,865,13300000,3700000,14700000,6500000,approved
2741,2, Graduate, Yes,9400000,37300000,14,383,7800000,15900000,27100000,7700000,rejected
2742,2, Graduate, No,5300000,19300000,16,368,14700000,400000,11600000,3700000,rejected
2743,5, Not Graduate, No,5100000,15800000,4,607,6000000,7700000,12600000,7000000,approved
2744,4, Not Graduate, Yes,2900000,8900000,18,827,400000,3400000,11200000,1600000,approved
2745,1, Graduate, No,9100000,34000000,12,672,8600000,1600000,32700000,8800000,approved
2746,3, Not Graduate, Yes,8800000,26700000,12,708,16000000,15300000,26900000,9600000,approved
2747,4, Not Graduate, No,2600000,8800000,10,682,4500000,4700000,10300000,1600000,approved
2748,1, Graduate, Yes,9700000,25500000,18,741,21900000,6200000,34800000,4900000,approved
2749,5, Not Graduate, Yes,600000,1200000,8,343,100000,700000,1600000,600000,rejected
2750,0, Graduate, Yes,4100000,11100000,16,785,6800000,5300000,8500000,4800000,approved
2751,1, Not Graduate, Yes,8000000,28000000,20,830,22400000,12600000,25600000,10600000,approved
2752,2, Graduate, No,8800000,26700000,16,696,12900000,15300000,20300000,10900000,approved
2753,1, Graduate, No,200000,300000,12,697,600000,300000,700000,100000,approved
2754,0, Graduate, Yes,3800000,11700000,2,351,100000,6700000,12500000,3100000,approved
2755,3, Graduate, No,6800000,21800000,10,556,16400000,9300000,19100000,5400000,approved
2756,0, Graduate, No,8600000,31800000,2,895,22600000,15900000,19600000,5100000,approved
2757,2, Graduate, Yes,2800000,8400000,10,534,8300000,4800000,10600000,1500000,rejected
2758,0, Graduate, No,8000000,29800000,12,736,600000,15700000,30800000,8400000,approved
2759,2, Graduate, Yes,2300000,5500000,16,629,4600000,2900000,7000000,1900000,approved
2760,4, Graduate, Yes,7600000,16200000,20,657,1900000,9300000,28500000,5500000,approved
2761,2, Graduate, No,2900000,11300000,12,839,700000,5100000,8100000,2600000,approved
2762,4, Not Graduate, No,7900000,25700000,18,589,4300000,300000,25300000,9800000,approved
2763,2, Not Graduate, No,1900000,4500000,6,805,2200000,3100000,4800000,2300000,approved
2764,3, Not Graduate, Yes,4600000,13600000,20,729,1300000,8900000,17200000,5900000,approved
2765,1, Not Graduate, No,2600000,7700000,6,399,3700000,4300000,8900000,3500000,rejected
2766,2, Not Graduate, No,2700000,6700000,8,413,7600000,800000,9200000,2300000,rejected
2767,5, Graduate, Yes,6300000,13200000,16,321,6700000,4000000,15200000,7100000,rejected
2768,0, Graduate, Yes,2600000,7500000,2,853,4200000,3900000,9600000,1400000,approved
2769,4, Not Graduate, Yes,7700000,23400000,6,400,3900000,3400000,20800000,10700000,rejected
2770,0, Graduate, Yes,7400000,16300000,16,630,11200000,13200000,28400000,5300000,approved
2771,3, Graduate, Yes,7300000,21600000,20,557,1900000,3800000,26400000,9300000,approved
2772,1, Graduate, No,2900000,7600000,2,358,800000,700000,10100000,2100000,rejected
2773,3, Graduate, Yes,6600000,16000000,10,510,1200000,4800000,13300000,6300000,rejected
2774,2, Graduate, Yes,2700000,9600000,14,554,5800000,200000,10200000,1900000,approved
2775,3, Graduate, Yes,8300000,27700000,4,596,20500000,15400000,21400000,7400000,approved
2776,0, Graduate, No,4900000,18500000,8,659,8800000,1700000,14700000,4900000,approved
2777,4, Graduate, Yes,7900000,30700000,10,322,10600000,13200000,30300000,6300000,rejected
2778,5, Graduate, Yes,8800000,21300000,14,852,8000000,6400000,28500000,9900000,approved
2779,5, Not Graduate, No,4000000,14100000,18,653,5800000,4100000,9400000,5400000,approved
2780,4, Graduate, Yes,3900000,9200000,12,737,2800000,2300000,12300000,5200000,approved
2781,3, Graduate, Yes,7700000,18900000,2,583,9300000,3000000,16700000,9300000,approved
2782,1, Graduate, Yes,3800000,10000000,16,873,5100000,2800000,10300000,4000000,approved
2783,5, Graduate, No,8000000,27000000,20,595,4500000,5200000,24800000,10400000,approved
2784,5, Graduate, Yes,3400000,11300000,20,871,6500000,3900000,9700000,2400000,approved
2785,5, Graduate, Yes,5500000,18800000,12,603,3300000,700000,21000000,5000000,approved
2786,0, Not Graduate, No,7700000,29300000,14,801,6200000,11800000,23400000,4700000,approved
2787,5, Graduate, No,4000000,9400000,4,723,200000,0,12100000,2000000,approved
2788,5, Not Graduate, Yes,5900000,22600000,18,630,2300000,4200000,16500000,6800000,approved
2789,0, Not Graduate, Yes,2600000,9900000,20,368,3600000,1500000,5200000,2000000,rejected
2790,3, Graduate, No,6600000,22200000,12,759,8900000,2200000,18700000,8500000,approved
2791,0, Not Graduate, Yes,1000000,3000000,18,382,2200000,700000,3500000,900000,rejected
2792,4, Not Graduate, Yes,800000,2800000,16,645,900000,1400000,2300000,600000,approved
2793,0, Graduate, No,3200000,6300000,6,878,6700000,5200000,8100000,3600000,approved
2794,4, Graduate, No,8400000,23400000,12,350,18700000,9100000,27500000,6700000,rejected
2795,3, Graduate, Yes,5800000,17600000,6,720,4900000,4200000,18800000,6600000,approved
2796,0, Not Graduate, Yes,7300000,28100000,10,673,13700000,1200000,16300000,8900000,approved
2797,1, Graduate, No,3900000,8000000,6,448,100000,1900000,9800000,4000000,rejected
2798,2, Not Graduate, Yes,4600000,16000000,4,720,0,4000000,12300000,4200000,approved
2799,0, Graduate, No,3600000,12300000,2,300,5200000,3000000,14300000,5400000,approved
2800,4, Graduate, No,7500000,28700000,20,520,4600000,3500000,15200000,5700000,rejected
2801,1, Graduate, No,5200000,15000000,12,794,3200000,7200000,16500000,5100000,approved
2802,3, Graduate, Yes,4400000,10000000,8,875,5900000,5200000,11700000,4100000,approved
2803,1, Not Graduate, Yes,5100000,12900000,14,533,6700000,6700000,14400000,3900000,rejected
2804,0, Graduate, No,6000000,23600000,6,776,13800000,2700000,23400000,8800000,approved
2805,2, Graduate, No,3800000,11400000,6,706,1000000,4000000,12100000,2800000,approved
2806,3, Graduate, No,2800000,10900000,2,710,600000,2400000,5600000,3600000,approved
2807,5, Graduate, Yes,6500000,18300000,4,333,8100000,400000,21700000,7000000,rejected
2808,2, Not Graduate, Yes,1600000,6400000,4,787,1000000,300000,5500000,1100000,approved
2809,4, Graduate, No,5500000,18600000,12,569,13500000,6200000,19700000,7300000,approved
2810,0, Graduate, Yes,9600000,20100000,16,427,7200000,2300000,34500000,7400000,rejected
2811,0, Graduate, No,7000000,27800000,16,640,11500000,3700000,16000000,8200000,approved
2812,2, Not Graduate, No,4000000,8100000,16,312,3500000,2100000,15100000,3100000,rejected
2813,1, Not Graduate, Yes,8100000,30900000,12,464,13600000,9800000,17900000,7500000,rejected
2814,2, Not Graduate, Yes,6600000,22800000,8,490,6100000,10000000,18000000,6400000,rejected
2815,5, Graduate, No,4100000,10200000,12,431,6200000,2200000,13700000,4300000,rejected
2816,1, Graduate, No,6600000,24800000,4,500,8600000,4100000,16700000,6100000,approved
2817,4, Graduate, No,5100000,12200000,14,511,2700000,6000000,18300000,3400000,rejected
2818,4, Graduate, No,8200000,25200000,18,691,5800000,8900000,28500000,10500000,approved
2819,1, Not Graduate, Yes,9500000,24400000,14,696,25500000,6700000,29500000,6300000,approved
2820,0, Not Graduate, Yes,7600000,27600000,2,437,10000000,11200000,27600000,6800000,approved
2821,2, Not Graduate, Yes,8400000,20800000,12,335,6700000,12300000,18500000,10100000,rejected
2822,4, Graduate, No,7600000,25100000,4,671,4600000,13200000,27400000,4300000,approved
2823,4, Not Graduate, Yes,1400000,3700000,12,621,3100000,900000,5100000,1800000,approved
2824,4, Not Graduate, Yes,2700000,6800000,10,455,4700000,2600000,7400000,2700000,rejected
2825,1, Graduate, Yes,200000,500000,10,856,500000,200000,500000,200000,approved
2826,3, Graduate, No,600000,2100000,16,892,700000,400000,2400000,500000,approved
2827,4, Graduate, No,5200000,12900000,16,819,3400000,4100000,16800000,7500000,approved
2828,0, Not Graduate, Yes,5100000,11600000,10,308,8700000,1300000,10700000,7000000,rejected
2829,4, Graduate, Yes,9200000,18600000,2,889,26900000,4200000,33300000,9700000,approved
2830,5, Not Graduate, No,6500000,23200000,18,713,6700000,1400000,13400000,7200000,approved
2831,0, Graduate, No,8500000,21000000,6,665,3600000,9600000,27500000,11300000,approved
2832,4, Not Graduate, No,2000000,6000000,12,837,1300000,1900000,6300000,2300000,approved
2833,4, Not Graduate, Yes,7500000,18000000,20,395,200000,12800000,23500000,9700000,rejected
2834,0, Graduate, Yes,7500000,28900000,10,632,21700000,10700000,24700000,9900000,approved
2835,2, Not Graduate, No,2000000,4300000,16,497,5100000,200000,5700000,2800000,rejected
2836,3, Graduate, Yes,1400000,2700000,14,694,3800000,200000,3600000,1700000,approved
2837,1, Not Graduate, Yes,1700000,5600000,2,882,3100000,2600000,6700000,1600000,approved
2838,2, Graduate, Yes,5300000,14900000,6,504,10600000,2100000,17000000,3200000,rejected
2839,4, Not Graduate, No,8900000,30100000,2,747,20600000,12900000,20700000,10300000,approved
2840,3, Graduate, No,9700000,35300000,4,462,11500000,9500000,33700000,7200000,approved
2841,5, Graduate, No,9000000,25900000,4,538,11100000,11100000,31300000,8100000,rejected
2842,2, Not Graduate, Yes,8500000,30900000,6,664,5700000,9900000,19800000,7400000,approved
2843,1, Not Graduate, No,3500000,10900000,4,524,8800000,6200000,13600000,2800000,approved
2844,1, Not Graduate, No,500000,1400000,6,464,1100000,0,1900000,500000,rejected
2845,3, Graduate, No,8900000,19100000,6,807,2300000,16500000,29900000,10400000,approved
2846,2, Not Graduate, Yes,7800000,27200000,18,622,6000000,6000000,26400000,4300000,approved
2847,5, Not Graduate, Yes,9800000,27800000,6,827,2400000,14900000,32800000,9500000,approved
2848,0, Graduate, No,5200000,19000000,14,687,11900000,500000,19400000,4400000,approved
2849,4, Graduate, No,7400000,19400000,16,835,16400000,14200000,23500000,6500000,approved
2850,3, Graduate, Yes,1200000,3300000,6,772,700000,900000,2900000,1400000,approved
2851,1, Not Graduate, Yes,1000000,3200000,2,710,100000,200000,3300000,900000,approved
2852,3, Graduate, Yes,9500000,32500000,14,581,2800000,14300000,36000000,4700000,approved
2853,3, Not Graduate, No,4500000,11700000,18,775,8700000,2800000,12700000,4500000,approved
2854,2, Graduate, No,4900000,16000000,12,710,8700000,7100000,10000000,5700000,approved
2855,3, Not Graduate, Yes,700000,2500000,8,321,1900000,1200000,1700000,400000,rejected
2856,0, Graduate, No,9400000,28300000,20,761,22500000,14800000,30800000,10100000,approved
2857,3, Not Graduate, Yes,8300000,31400000,6,674,1000000,1600000,17200000,6100000,rejected
2858,4, Graduate, Yes,5600000,13000000,4,899,10500000,9100000,11400000,6400000,approved
2859,5, Not Graduate, Yes,4400000,12300000,8,567,2400000,500000,12900000,6300000,approved
2860,3, Graduate, No,2100000,5400000,8,771,5200000,3700000,6200000,1000000,approved
2861,1, Not Graduate, Yes,4400000,10600000,4,360,6600000,7700000,15100000,5000000,rejected
2862,0, Not Graduate, No,6300000,19600000,6,425,15900000,10400000,13300000,5900000,rejected
2863,4, Graduate, No,9900000,30000000,18,496,10400000,8000000,29300000,13800000,rejected
2864,3, Not Graduate, No,700000,1600000,20,705,600000,900000,2300000,700000,approved
2865,4, Not Graduate, No,3600000,12400000,14,427,10400000,2400000,9100000,2600000,rejected
2866,1, Not Graduate, Yes,5600000,21000000,2,552,3200000,6300000,22100000,6100000,approved
2867,3, Not Graduate, Yes,1000000,3700000,8,725,3000000,1300000,4000000,1300000,approved
2868,5, Graduate, Yes,6400000,15600000,8,553,14200000,2900000,20400000,8000000,approved
2869,0, Not Graduate, No,8900000,19100000,2,725,8300000,15000000,19000000,8800000,approved
2870,4, Graduate, No,9900000,26100000,2,481,14500000,5000000,23600000,9300000,rejected
2871,2, Graduate, Yes,4000000,8600000,4,847,10200000,2700000,14300000,2400000,approved
2872,0, Not Graduate, Yes,7300000,25700000,10,666,14000000,3100000,29000000,6000000,approved
2873,1, Not Graduate, No,8100000,25400000,6,477,4500000,13200000,23200000,4400000,rejected
2874,4, Graduate, Yes,6800000,22100000,4,446,3700000,4600000,18900000,9200000,approved
2875,0, Not Graduate, Yes,2600000,8200000,8,630,6000000,4900000,7500000,2000000,approved
2876,5, Not Graduate, Yes,300000,1100000,20,613,600000,400000,700000,200000,approved
2877,2, Graduate, Yes,2400000,7500000,4,851,3100000,700000,5600000,2400000,approved
2878,0, Not Graduate, No,6000000,20600000,12,339,3400000,10700000,17200000,8200000,rejected
2879,4, Graduate, Yes,3800000,11100000,16,857,11300000,7400000,11700000,4700000,approved
2880,0, Graduate, Yes,7000000,22100000,14,467,10000000,6400000,26100000,5800000,rejected
2881,0, Graduate, Yes,5400000,12900000,16,355,11200000,3100000,18200000,7400000,rejected
2882,1, Not Graduate, No,6400000,16400000,6,428,12400000,10900000,23900000,8900000,rejected
2883,5, Not Graduate, Yes,7000000,24000000,14,450,10300000,5700000,21100000,4700000,rejected
2884,2, Not Graduate, Yes,2100000,4600000,4,348,5400000,0,7400000,1400000,rejected
2885,4, Not Graduate, Yes,4400000,15000000,12,459,5700000,800000,11400000,2400000,rejected
2886,0, Not Graduate, No,8000000,31000000,8,847,4900000,9500000,29600000,5700000,approved
2887,2, Not Graduate, Yes,3900000,8300000,18,523,800000,300000,9900000,2300000,rejected
2888,0, Graduate, No,4700000,15200000,10,786,11100000,8000000,9600000,3200000,approved
2889,0, Graduate, No,6800000,21200000,14,300,0,8700000,16500000,10000000,rejected
2890,0, Not Graduate, Yes,1800000,6500000,12,728,3500000,0,6100000,1900000,approved
2891,3, Not Graduate, Yes,8600000,32000000,4,497,11400000,3300000,18600000,4900000,approved
2892,1, Not Graduate, Yes,3600000,13700000,10,548,9900000,2400000,8900000,4100000,rejected
2893,1, Graduate, Yes,6800000,22900000,6,576,500000,11100000,13800000,5600000,approved
2894,3, Graduate, Yes,1100000,4100000,20,863,800000,1100000,3700000,600000,approved
2895,4, Graduate, Yes,4000000,8400000,8,717,7400000,4900000,11900000,4000000,approved
2896,1, Graduate, No,2500000,5900000,12,668,7400000,600000,6300000,3700000,approved
2897,2, Graduate, No,5400000,17400000,10,335,5900000,1400000,18100000,4300000,rejected
2898,5, Not Graduate, No,6600000,13600000,4,861,11700000,8400000,14600000,5400000,approved
2899,4, Not Graduate, No,6000000,14900000,2,321,6900000,7700000,18000000,6500000,rejected
2900,0, Graduate, Yes,2200000,8300000,10,585,3600000,1700000,4300000,1900000,approved
2901,1, Graduate, No,8800000,18500000,10,704,14400000,3200000,26600000,11300000,approved
2902,0, Not Graduate, Yes,4000000,10300000,4,819,11100000,1200000,15200000,2600000,approved
2903,4, Not Graduate, Yes,3600000,12400000,18,494,5300000,100000,10200000,1900000,rejected
2904,5, Graduate, Yes,8100000,22500000,2,808,4800000,6100000,16900000,6000000,approved
2905,3, Not Graduate, Yes,5200000,11000000,12,830,8900000,5100000,16000000,7600000,approved
2906,5, Graduate, No,1100000,2800000,14,473,100000,500000,4200000,700000,rejected
2907,2, Graduate, No,7500000,29800000,4,392,5500000,2200000,20800000,4000000,approved
2908,5, Not Graduate, No,7700000,20300000,12,806,21300000,13300000,18900000,9600000,approved
2909,0, Not Graduate, No,5700000,21400000,8,340,3200000,1900000,17200000,3800000,rejected
2910,3, Graduate, Yes,5000000,13900000,8,555,12300000,6700000,18100000,4800000,approved
2911,5, Not Graduate, No,500000,1200000,16,499,600000,600000,1500000,200000,rejected
2912,3, Graduate, No,8900000,21300000,10,467,18700000,2600000,31800000,8800000,rejected
2913,1, Not Graduate, No,1700000,6600000,4,797,2800000,1900000,6100000,1300000,approved
2914,4, Not Graduate, Yes,500000,1300000,18,762,1400000,0,1600000,300000,approved
2915,3, Not Graduate, Yes,9900000,36500000,16,562,17300000,18500000,22300000,9800000,approved
2916,1, Graduate, No,8400000,21800000,2,492,4000000,11000000,18200000,6600000,rejected
2917,3, Not Graduate, Yes,500000,1700000,4,824,500000,600000,1400000,400000,approved
2918,2, Graduate, No,1700000,5700000,10,602,4900000,2700000,4500000,1800000,approved
2919,1, Not Graduate, Yes,6500000,18300000,10,722,11900000,8600000,19200000,4500000,approved
2920,1, Not Graduate, No,8900000,28400000,6,709,21600000,5500000,26200000,7900000,approved
2921,1, Not Graduate, No,400000,1400000,4,302,200000,100000,1500000,500000,approved
2922,3, Not Graduate, No,5700000,12300000,6,364,7900000,11000000,20000000,5500000,rejected
2923,0, Not Graduate, Yes,9600000,23800000,12,389,25200000,15800000,27000000,8300000,rejected
2924,0, Graduate, Yes,8500000,20000000,16,786,13300000,7400000,17700000,8900000,approved
2925,0, Graduate, No,4000000,11500000,8,434,4500000,2800000,8400000,5900000,rejected
2926,2, Not Graduate, Yes,6300000,18100000,6,671,7900000,8200000,13200000,5400000,approved
2927,3, Graduate, Yes,4000000,14700000,8,376,3000000,6200000,8900000,4200000,rejected
2928,4, Graduate, No,9400000,32200000,6,898,27600000,11800000,19500000,8600000,approved
2929,5, Graduate, Yes,4100000,15500000,10,836,10500000,1100000,15200000,3600000,approved
2930,4, Graduate, Yes,1100000,4400000,6,515,1000000,700000,4300000,1500000,rejected
2931,3, Not Graduate, No,8700000,24800000,20,360,25300000,8700000,31100000,4300000,rejected
2932,4, Graduate, Yes,4900000,12800000,2,691,200000,4900000,14700000,7000000,approved
2933,1, Not Graduate, Yes,2800000,9100000,14,510,2400000,4200000,10400000,3000000,rejected
2934,0, Graduate, No,9600000,23200000,18,389,1000000,17600000,22200000,8800000,rejected
2935,3, Graduate, Yes,6900000,19000000,14,348,4200000,3700000,19400000,4900000,rejected
2936,2, Not Graduate, Yes,2300000,8100000,2,504,1800000,3100000,4600000,3100000,approved
2937,2, Not Graduate, No,6800000,21300000,20,658,7800000,7000000,25900000,9600000,approved
2938,1, Not Graduate, Yes,2200000,5400000,16,641,5900000,0,4800000,1200000,approved
2939,2, Not Graduate, No,5900000,19800000,20,327,7800000,1500000,19700000,8500000,rejected
2940,1, Graduate, Yes,7000000,20300000,18,726,11600000,13100000,17100000,9000000,approved
2941,1, Graduate, Yes,9600000,34100000,20,828,26100000,19000000,20800000,12400000,approved
2942,0, Graduate, No,6500000,14500000,12,755,9000000,11900000,20800000,3400000,approved
2943,2, Not Graduate, Yes,3800000,7600000,20,788,1700000,5200000,9200000,5600000,approved
2944,2, Graduate, No,9400000,25100000,20,832,19400000,2100000,22300000,5900000,approved
2945,0, Not Graduate, No,2100000,8200000,4,554,3900000,3800000,5900000,1700000,approved
2946,1, Not Graduate, Yes,8500000,26200000,8,811,22800000,6400000,32500000,12700000,approved
2947,5, Graduate, Yes,3800000,12000000,2,649,6200000,5300000,10300000,4200000,approved
2948,1, Not Graduate, Yes,3400000,9700000,20,830,3500000,6400000,10300000,4800000,approved
2949,1, Graduate, Yes,5600000,11700000,6,707,4500000,800000,19000000,3900000,approved
2950,0, Graduate, Yes,8500000,33700000,10,483,18800000,8900000,29000000,12200000,rejected
2951,4, Not Graduate, Yes,2100000,5500000,18,349,100000,0,6600000,2000000,rejected
2952,4, Graduate, No,400000,1500000,4,846,300000,0,1600000,600000,approved
2953,4, Not Graduate, No,7900000,31500000,20,386,14300000,3800000,23800000,7500000,rejected
2954,5, Not Graduate, No,6900000,19200000,12,408,10000000,5000000,24900000,9000000,rejected
2955,0, Not Graduate, Yes,1800000,3900000,2,764,2200000,700000,3500000,1200000,approved
2956,0, Graduate, Yes,1200000,3200000,18,473,2100000,600000,2400000,1200000,rejected
2957,3, Not Graduate, No,3600000,9800000,12,654,600000,1300000,7500000,2200000,approved
2958,1, Graduate, No,7200000,22800000,2,551,15000000,8700000,21300000,9500000,approved
2959,5, Graduate, No,9400000,21800000,6,850,13300000,11700000,24800000,6800000,approved
2960,5, Graduate, No,9000000,24200000,4,646,12400000,5500000,18100000,11900000,approved
2961,1, Not Graduate, Yes,1000000,2100000,8,793,2900000,1300000,2200000,1400000,approved
2962,3, Not Graduate, No,5600000,19900000,16,551,14000000,4200000,16100000,4500000,approved
2963,1, Graduate, No,900000,2600000,4,346,400000,700000,2900000,900000,rejected
2964,5, Not Graduate, Yes,9000000,19100000,14,540,11300000,800000,18300000,4900000,rejected
2965,2, Not Graduate, No,3100000,9000000,20,892,5000000,5600000,7100000,4000000,approved
2966,1, Not Graduate, Yes,8000000,20700000,6,570,1000000,11700000,23200000,11300000,approved
2967,4, Not Graduate, Yes,3500000,11300000,16,874,1400000,3800000,10100000,3700000,approved
2968,4, Graduate, No,3900000,12600000,8,553,8200000,2500000,12300000,4500000,approved
2969,2, Graduate, No,9700000,34500000,10,649,10600000,7600000,24800000,5900000,approved
2970,4, Graduate, No,4500000,15800000,14,439,8900000,6900000,15200000,4400000,rejected
2971,5, Not Graduate, No,6800000,24800000,8,621,13000000,13500000,23300000,4800000,approved
2972,2, Not Graduate, No,6300000,18600000,14,872,9900000,11900000,16100000,7500000,approved
2973,2, Graduate, No,4900000,18500000,8,492,12900000,5000000,10200000,5800000,rejected
2974,0, Graduate, No,4800000,18600000,6,618,12300000,5900000,16800000,4000000,approved
2975,5, Graduate, No,7500000,15800000,18,458,7800000,6500000,22400000,8400000,rejected
2976,5, Not Graduate, No,5200000,13900000,4,422,7800000,4500000,12000000,7000000,rejected
2977,3, Not Graduate, Yes,9400000,30900000,20,873,22800000,17700000,19300000,9000000,approved
2978,5, Not Graduate, No,3200000,10000000,14,610,2900000,3800000,8600000,3500000,approved
2979,1, Not Graduate, Yes,3600000,13200000,20,546,8900000,3600000,13900000,2900000,rejected
2980,1, Not Graduate, Yes,3400000,7200000,8,741,4300000,6600000,11500000,3900000,approved
2981,3, Graduate, No,2100000,8200000,6,754,900000,2900000,4900000,1000000,approved
2982,1, Graduate, No,7200000,15100000,8,379,2600000,8300000,21700000,8200000,rejected
2983,5, Graduate, No,4500000,16900000,18,455,2700000,2500000,10700000,5600000,rejected
2984,0, Graduate, Yes,2600000,9000000,20,615,6800000,0,8400000,3400000,approved
2985,4, Graduate, Yes,6400000,21700000,10,384,16500000,8200000,15100000,5700000,rejected
2986,0, Graduate, No,6400000,25100000,16,628,16100000,2900000,18100000,6400000,approved
2987,3, Graduate, No,3100000,11200000,16,865,3600000,4600000,6600000,4200000,approved
2988,2, Graduate, No,1800000,5300000,2,679,1000000,1400000,5800000,900000,approved
2989,1, Graduate, Yes,9300000,19000000,14,689,24000000,11500000,35100000,9000000,approved
2990,5, Not Graduate, Yes,6500000,13800000,10,636,13000000,5500000,19400000,8100000,approved
2991,1, Not Graduate, No,3100000,6600000,20,837,4000000,4200000,12300000,4300000,approved
2992,3, Not Graduate, No,2300000,8500000,12,557,3600000,1400000,6200000,1300000,approved
2993,2, Graduate, No,500000,1700000,10,324,300000,300000,1800000,700000,rejected
2994,0, Not Graduate, Yes,3700000,9300000,14,531,8300000,1000000,8900000,1900000,rejected
2995,4, Not Graduate, Yes,8600000,21400000,14,476,6200000,2700000,28000000,12800000,rejected
2996,4, Graduate, No,2600000,8500000,4,775,600000,3800000,10400000,2600000,approved
2997,1, Not Graduate, Yes,7100000,18000000,20,477,6600000,13200000,19300000,9300000,rejected
2998,4, Not Graduate, Yes,7000000,19800000,16,682,9300000,5300000,14500000,7300000,approved
2999,5, Not Graduate, No,8300000,17700000,12,334,19600000,13200000,22500000,9800000,rejected
3000,3, Graduate, Yes,6800000,23900000,12,565,18800000,2800000,18800000,6700000,approved
3001,1, Not Graduate, Yes,9900000,25700000,2,340,15600000,18800000,29500000,11800000,rejected
3002,2, Graduate, No,5100000,11000000,14,322,7900000,2900000,10700000,5900000,rejected
3003,4, Graduate, Yes,3500000,10700000,8,883,200000,2300000,8400000,2000000,approved
3004,3, Graduate, Yes,4300000,12800000,16,346,3300000,1100000,11900000,3800000,rejected
3005,0, Graduate, Yes,5300000,20200000,2,861,500000,800000,16500000,6200000,approved
3006,5, Graduate, Yes,6400000,21900000,12,699,15700000,500000,17200000,3800000,approved
3007,0, Graduate, No,9300000,27200000,8,629,4500000,14300000,26900000,5000000,approved
3008,3, Graduate, No,1100000,3100000,14,359,1500000,1000000,4000000,1000000,rejected
3009,2, Not Graduate, No,7100000,27000000,10,430,20700000,8300000,24500000,4200000,rejected
3010,4, Not Graduate, No,1100000,3300000,18,417,1400000,1000000,4200000,700000,rejected
3011,2, Graduate, No,1900000,5200000,6,896,4300000,100000,6200000,2400000,approved
3012,0, Not Graduate, No,1300000,3900000,16,690,3600000,1700000,4700000,800000,approved
3013,5, Graduate, No,7500000,22800000,16,347,15100000,1200000,16100000,10700000,rejected
3014,4, Not Graduate, No,2400000,7000000,4,539,2300000,0,9600000,2900000,rejected
3015,4, Graduate, Yes,2500000,8000000,8,464,4000000,3000000,9000000,3000000,rejected
3016,4, Graduate, No,7500000,16200000,4,310,10800000,14300000,14900000,5800000,rejected
3017,3, Not Graduate, No,9300000,36600000,6,431,22000000,14600000,32900000,8800000,rejected
3018,5, Not Graduate, No,3300000,10000000,12,489,2000000,500000,7200000,2800000,rejected
3019,4, Not Graduate, Yes,5700000,13900000,12,775,1600000,3100000,15900000,7100000,approved
3020,4, Not Graduate, No,300000,600000,6,365,-100000,400000,600000,200000,rejected
3021,2, Not Graduate, Yes,1200000,4500000,10,555,100000,1100000,2700000,1400000,approved
3022,4, Graduate, Yes,8200000,29600000,10,457,6700000,6700000,21400000,11000000,rejected
3023,3, Not Graduate, No,5500000,12400000,8,580,800000,900000,19300000,7300000,approved
3024,4, Not Graduate, No,1800000,7200000,20,496,3000000,1100000,7200000,2000000,rejected
3025,0, Not Graduate, No,3500000,11400000,16,837,3700000,2100000,10000000,2700000,approved
3026,4, Not Graduate, Yes,6000000,13200000,6,455,7300000,5900000,16500000,7100000,rejected
3027,0, Graduate, Yes,2700000,9700000,20,551,1300000,1300000,7100000,1600000,approved
3028,4, Not Graduate, Yes,5900000,20700000,10,825,11700000,7900000,21000000,8500000,approved
3029,1, Not Graduate, Yes,2100000,4200000,18,554,3400000,800000,6400000,1500000,approved
3030,0, Not Graduate, Yes,2000000,5200000,18,400,1900000,1500000,5000000,1500000,rejected
3031,5, Not Graduate, No,9000000,34300000,10,853,22500000,11900000,32200000,10100000,approved
3032,1, Not Graduate, Yes,7600000,18800000,14,403,20900000,4700000,24700000,10000000,rejected
3033,3, Graduate, No,500000,1500000,6,392,1400000,200000,1800000,600000,rejected
3034,1, Graduate, No,6300000,19000000,20,673,14600000,8100000,16000000,4200000,approved
3035,0, Graduate, Yes,3100000,7100000,10,498,3800000,1100000,12200000,4300000,rejected
3036,1, Not Graduate, No,1100000,2600000,6,858,1800000,1900000,2700000,600000,approved
3037,4, Graduate, Yes,3900000,14300000,20,477,1000000,4600000,9100000,2900000,rejected
3038,4, Not Graduate, Yes,8700000,28200000,12,548,11800000,9900000,19800000,8500000,rejected
3039,4, Not Graduate, Yes,6400000,23900000,6,300,16200000,11600000,24900000,7000000,rejected
3040,2, Graduate, Yes,200000,800000,12,483,100000,200000,600000,300000,rejected
3041,1, Graduate, No,2400000,5800000,20,384,1700000,2500000,8400000,3100000,rejected
3042,3, Not Graduate, No,8900000,35200000,10,894,17100000,5600000,27700000,9800000,approved
3043,3, Not Graduate, No,6100000,14800000,10,492,6700000,3500000,17900000,6100000,rejected
3044,5, Not Graduate, Yes,7600000,25700000,4,607,12900000,13600000,29100000,4900000,approved
3045,3, Not Graduate, No,900000,2400000,16,701,700000,0,2000000,400000,approved
3046,2, Not Graduate, Yes,7100000,19700000,20,890,13900000,3900000,22200000,4000000,approved
3047,2, Not Graduate, Yes,5000000,14600000,10,808,4400000,3500000,17300000,3100000,approved
3048,4, Graduate, Yes,2000000,7400000,20,596,600000,2300000,4900000,2500000,approved
3049,4, Graduate, Yes,2600000,6200000,14,421,2500000,2200000,8900000,3400000,rejected
3050,2, Graduate, Yes,7000000,14900000,20,495,9900000,8800000,14000000,10200000,rejected
3051,3, Graduate, No,3900000,9800000,6,604,10900000,7300000,7700000,3300000,approved
3052,3, Graduate, No,8400000,32600000,4,509,22700000,12600000,32400000,8700000,approved
3053,0, Graduate, Yes,200000,600000,8,852,500000,0,400000,200000,approved
3054,2, Not Graduate, Yes,1900000,6700000,16,893,5600000,3600000,6300000,1600000,approved
3055,2, Not Graduate, Yes,9200000,33000000,14,874,3900000,9700000,31200000,6600000,approved
3056,3, Not Graduate, Yes,300000,500000,6,386,800000,200000,1200000,100000,rejected
3057,5, Graduate, No,6300000,18100000,4,590,5400000,10900000,22400000,8600000,approved
3058,2, Not Graduate, No,6100000,23500000,14,510,9000000,9500000,12400000,3400000,rejected
3059,3, Graduate, Yes,7800000,25600000,6,523,13600000,7100000,20800000,9200000,rejected
3060,0, Graduate, Yes,2000000,6700000,8,461,4900000,2200000,7200000,2600000,rejected
3061,4, Not Graduate, No,1900000,5600000,2,832,2700000,3300000,7100000,2400000,approved
3062,2, Not Graduate, Yes,3300000,9600000,18,896,9900000,900000,12100000,4900000,approved
3063,0, Not Graduate, Yes,9500000,26000000,2,732,22500000,15600000,20400000,9300000,approved
3064,0, Graduate, Yes,3500000,13900000,16,301,10300000,100000,8700000,2700000,rejected
3065,5, Graduate, No,4400000,15800000,4,701,4100000,6300000,17100000,4100000,approved
3066,2, Not Graduate, No,2000000,4000000,14,502,4900000,1500000,5400000,1300000,rejected
3067,3, Not Graduate, No,9200000,19500000,12,742,18300000,9900000,19500000,13700000,approved
3068,1, Not Graduate, No,2200000,5000000,2,755,1100000,2500000,6700000,3200000,approved
3069,1, Not Graduate, No,1900000,7100000,2,834,3900000,2300000,5800000,1400000,approved
3070,5, Graduate, Yes,8700000,18400000,12,394,18800000,3200000,24600000,12000000,rejected
3071,3, Graduate, Yes,9700000,19700000,4,663,16700000,2200000,36200000,5200000,approved
3072,3, Graduate, No,9400000,20300000,10,649,19600000,6700000,36100000,10000000,approved
3073,4, Not Graduate, Yes,8000000,23200000,14,738,10900000,12100000,19900000,5400000,approved
3074,5, Not Graduate, No,1000000,2000000,4,524,2700000,1800000,2200000,700000,rejected
3075,5, Not Graduate, No,5300000,14600000,16,855,4200000,1600000,11200000,7400000,approved
3076,3, Graduate, Yes,1400000,5400000,20,304,1700000,1300000,2900000,800000,rejected
3077,2, Graduate, Yes,1600000,3800000,12,532,3200000,1400000,5400000,1100000,rejected
3078,3, Graduate, Yes,3400000,8500000,6,584,4200000,4700000,6800000,3700000,approved
3079,3, Graduate, No,7800000,28700000,4,447,7200000,9500000,20100000,11300000,approved
3080,4, Not Graduate, No,7100000,19900000,14,852,4700000,3200000,19700000,7600000,approved
3081,1, Not Graduate, Yes,6000000,13100000,2,368,9900000,2200000,13700000,4900000,rejected
3082,3, Not Graduate, Yes,8200000,28900000,10,447,4400000,14700000,29400000,6800000,rejected
3083,4, Graduate, No,3900000,11400000,20,867,3800000,1100000,13600000,3200000,approved
3084,5, Not Graduate, Yes,8400000,17600000,12,397,13400000,14500000,24500000,7900000,rejected
3085,4, Graduate, No,9700000,19400000,20,798,6400000,13700000,20300000,12800000,approved
3086,1, Not Graduate, Yes,8300000,26300000,20,530,22800000,11000000,33200000,8000000,rejected
3087,4, Graduate, No,2500000,9900000,16,356,5500000,2600000,6100000,2300000,rejected
3088,3, Graduate, No,6100000,24000000,18,718,4100000,3400000,16600000,6800000,approved
3089,3, Not Graduate, No,5000000,13000000,10,459,2900000,3400000,18200000,7200000,rejected
3090,3, Not Graduate, No,9500000,22200000,8,571,4400000,8600000,24400000,10500000,approved
3091,2, Graduate, No,5700000,20500000,8,412,5800000,4300000,21200000,4900000,rejected
3092,1, Graduate, Yes,5000000,12500000,20,604,4100000,100000,12200000,7400000,approved
3093,4, Not Graduate, Yes,8600000,20600000,16,449,10800000,10600000,28700000,5400000,rejected
3094,5, Not Graduate, No,1400000,5300000,12,778,1600000,700000,4400000,700000,approved
3095,3, Graduate, No,5900000,21200000,16,476,11700000,4800000,14800000,7700000,rejected
3096,4, Graduate, Yes,4100000,10400000,12,727,11900000,5900000,16400000,4400000,approved
3097,3, Graduate, No,7400000,18500000,8,818,10400000,8800000,28000000,8400000,approved
3098,1, Graduate, Yes,7100000,19300000,16,738,7200000,0,24300000,3600000,approved
3099,5, Graduate, Yes,5300000,18200000,16,546,14600000,7900000,13400000,4000000,rejected
3100,2, Not Graduate, No,6600000,14100000,2,471,10800000,11400000,20700000,6000000,rejected
3101,3, Not Graduate, No,2800000,10600000,4,860,5200000,4700000,6700000,2900000,approved
3102,1, Not Graduate, Yes,1600000,4400000,4,364,2500000,700000,4300000,2400000,rejected
3103,0, Graduate, Yes,8500000,25300000,20,557,13000000,5100000,23900000,7100000,approved
3104,1, Not Graduate, Yes,5200000,20700000,12,612,2200000,2600000,16500000,3200000,approved
3105,2, Not Graduate, Yes,6400000,19300000,6,414,7200000,1800000,19100000,3900000,rejected
3106,5, Graduate, No,1300000,2900000,4,372,1700000,100000,2800000,600000,rejected
3107,0, Graduate, No,5600000,11600000,12,466,15000000,7400000,21800000,7500000,rejected
3108,3, Graduate, Yes,9000000,19800000,20,348,8600000,9200000,25300000,6000000,rejected
3109,1, Not Graduate, Yes,7800000,17200000,4,597,3700000,12700000,17400000,8500000,approved
3110,4, Not Graduate, Yes,4000000,11000000,8,791,500000,4700000,10300000,3000000,approved
3111,0, Graduate, Yes,700000,1800000,12,400,1500000,1100000,2200000,300000,rejected
3112,5, Graduate, Yes,7300000,18700000,16,813,6600000,8200000,20000000,5800000,approved
3113,0, Not Graduate, Yes,5200000,15400000,4,675,15300000,8800000,12800000,2900000,approved
3114,1, Not Graduate, No,6200000,18200000,18,324,3100000,12000000,19200000,3400000,rejected
3115,4, Graduate, No,1100000,3600000,8,693,2400000,1300000,3800000,1500000,approved
3116,1, Not Graduate, Yes,5600000,13700000,8,491,10100000,3700000,18500000,4200000,rejected
3117,5, Graduate, Yes,3400000,9800000,8,559,3500000,2900000,8300000,2200000,approved
3118,4, Graduate, No,1500000,4900000,16,392,1800000,1100000,3000000,2000000,rejected
3119,2, Not Graduate, No,5800000,18600000,18,532,10900000,900000,12300000,6700000,rejected
3120,4, Not Graduate, No,9800000,29400000,8,592,29100000,16700000,35900000,9000000,approved
3121,5, Not Graduate, No,8300000,23100000,4,459,5500000,14300000,28400000,5500000,rejected
3122,4, Graduate, Yes,500000,1200000,4,627,0,500000,1800000,700000,approved
3123,4, Graduate, No,1900000,6100000,2,462,2100000,3300000,5400000,2500000,approved
3124,1, Not Graduate, Yes,9700000,24700000,14,600,13600000,14000000,35500000,6700000,approved
3125,5, Not Graduate, No,1800000,6200000,18,366,3500000,2400000,6300000,1300000,rejected
3126,0, Graduate, Yes,3300000,9700000,14,356,9800000,4800000,9400000,1900000,rejected
3127,5, Graduate, No,900000,2300000,16,590,1200000,1500000,2100000,900000,approved
3128,5, Graduate, Yes,8200000,28900000,4,485,16500000,3000000,19400000,6800000,approved
3129,1, Not Graduate, Yes,500000,1700000,18,617,400000,100000,1400000,500000,approved
3130,5, Graduate, Yes,1000000,2600000,8,664,900000,1200000,3500000,900000,approved
3131,3, Not Graduate, No,7100000,27900000,8,583,8900000,7600000,19600000,6300000,approved
3132,1, Graduate, Yes,200000,400000,18,859,300000,100000,400000,200000,approved
3133,2, Graduate, No,3100000,7300000,14,504,3200000,0,7200000,1500000,rejected
3134,4, Graduate, No,700000,2300000,16,688,1500000,300000,1900000,400000,approved
3135,3, Not Graduate, No,1800000,5700000,2,422,4800000,0,3700000,2300000,approved
3136,3, Not Graduate, Yes,8400000,27000000,8,746,15000000,8400000,27000000,12500000,approved
3137,3, Graduate, No,7400000,17500000,20,317,17700000,14000000,27000000,9500000,rejected
3138,2, Not Graduate, Yes,6700000,20200000,6,701,8800000,12200000,13900000,8200000,approved
3139,1, Graduate, Yes,1700000,6000000,16,754,3900000,1500000,6400000,1800000,approved
3140,3, Not Graduate, Yes,300000,600000,10,515,300000,200000,1000000,200000,rejected
3141,1, Graduate, Yes,3800000,8800000,12,670,5200000,4700000,12200000,3800000,approved
3142,5, Graduate, Yes,1300000,4000000,8,407,3800000,1300000,3500000,1100000,rejected
3143,5, Not Graduate, Yes,3100000,10900000,12,884,6100000,3700000,12300000,4100000,approved
3144,1, Graduate, Yes,200000,400000,20,882,400000,100000,300000,0,approved
3145,2, Not Graduate, Yes,8100000,24700000,6,595,5500000,14300000,27300000,6500000,approved
3146,1, Not Graduate, Yes,8900000,22900000,4,757,8200000,11600000,17800000,7800000,approved
3147,5, Graduate, Yes,4200000,8500000,4,386,8700000,4600000,10500000,6000000,rejected
3148,5, Not Graduate, Yes,4100000,11100000,18,756,1700000,3000000,10800000,3000000,approved
3149,3, Not Graduate, No,8300000,25700000,12,453,24000000,14600000,20400000,5700000,rejected
3150,3, Not Graduate, No,7500000,25200000,8,316,1000000,800000,18300000,9000000,rejected
3151,3, Graduate, No,2100000,7700000,6,703,700000,4000000,8200000,1300000,approved
3152,3, Graduate, No,1400000,3200000,8,753,2200000,2000000,3600000,2000000,approved
3153,0, Not Graduate, No,6900000,23500000,2,621,7800000,7300000,23100000,9400000,approved
3154,0, Graduate, Yes,2500000,9100000,10,852,5000000,4700000,7400000,1500000,approved
3155,3, Not Graduate, Yes,3800000,9400000,12,301,7800000,2800000,14900000,5000000,rejected
3156,3, Not Graduate, Yes,7700000,29300000,10,359,6800000,6100000,21900000,4200000,rejected
3157,1, Not Graduate, No,3200000,6600000,16,534,8800000,2600000,6500000,1800000,rejected
3158,0, Not Graduate, Yes,8600000,20000000,10,704,25400000,10000000,30800000,10300000,approved
3159,3, Not Graduate, Yes,3800000,13700000,16,662,4800000,400000,12400000,5300000,approved
3160,3, Graduate, No,8400000,31100000,18,599,20600000,14100000,20500000,8500000,approved
3161,1, Graduate, No,1600000,5400000,4,319,4200000,2200000,4200000,1600000,approved
3162,2, Not Graduate, No,7800000,19400000,16,549,18600000,13300000,24100000,6900000,rejected
3163,1, Graduate, Yes,9400000,21000000,12,443,14100000,2700000,23200000,5600000,rejected
3164,3, Not Graduate, Yes,9900000,26700000,10,550,22200000,15900000,36800000,6600000,approved
3165,4, Not Graduate, No,2400000,8000000,18,393,-100000,200000,7600000,3000000,rejected
3166,2, Graduate, Yes,7500000,15100000,8,488,19800000,0,28500000,6700000,rejected
3167,5, Graduate, No,3300000,11800000,16,845,6000000,1500000,9200000,2600000,approved
3168,2, Graduate, No,5500000,19000000,2,382,12500000,1000000,15200000,8100000,approved
3169,5, Not Graduate, No,2400000,7500000,12,357,2600000,2900000,6100000,1300000,rejected
3170,1, Not Graduate, Yes,8700000,27500000,16,815,8000000,13400000,23600000,5900000,approved
3171,1, Not Graduate, No,9600000,26000000,16,368,18500000,16600000,29900000,8400000,rejected
3172,0, Graduate, No,8400000,19800000,16,674,500000,12200000,27400000,10700000,approved
3173,5, Not Graduate, No,9200000,23900000,10,335,5800000,15300000,35400000,10700000,rejected
3174,2, Graduate, Yes,4600000,12600000,2,355,6300000,6900000,14800000,6500000,rejected
3175,5, Not Graduate, No,7600000,17500000,6,510,9100000,3500000,15700000,9800000,rejected
3176,4, Graduate, No,8500000,17800000,4,698,6700000,4300000,28600000,8000000,approved
3177,4, Not Graduate, Yes,3100000,8200000,18,408,2900000,3800000,10800000,3100000,rejected
3178,3, Graduate, Yes,4900000,13100000,18,401,5700000,4100000,16400000,3600000,rejected
3179,5, Not Graduate, Yes,5800000,14000000,14,418,3900000,10400000,15100000,6800000,rejected
3180,0, Not Graduate, No,5700000,21300000,4,697,3000000,6800000,20000000,5500000,approved
3181,4, Graduate, No,3200000,12200000,14,683,-100000,1100000,7500000,2900000,rejected
3182,4, Not Graduate, Yes,8000000,31500000,16,763,14900000,8800000,17600000,8900000,approved
3183,4, Not Graduate, No,5000000,11400000,6,336,1600000,4000000,15500000,2500000,rejected
3184,2, Not Graduate, Yes,2900000,8300000,10,693,7500000,1900000,9700000,4300000,approved
3185,2, Not Graduate, No,6400000,23900000,18,745,14800000,4000000,16300000,7000000,approved
3186,5, Graduate, No,6300000,22500000,18,629,300000,3900000,23100000,8000000,approved
3187,0, Not Graduate, No,5900000,23300000,16,581,2200000,8100000,14900000,5800000,approved
3188,1, Graduate, No,8100000,29600000,4,672,8200000,5100000,21100000,5400000,approved
3189,5, Graduate, Yes,7100000,20100000,4,700,16900000,2900000,15600000,4500000,approved
3190,1, Not Graduate, No,1400000,4400000,14,787,1600000,1200000,4200000,800000,approved
3191,3, Graduate, Yes,2300000,8000000,8,300,4200000,3800000,7300000,1200000,rejected
3192,1, Graduate, No,7400000,16100000,4,655,22000000,12900000,25300000,4300000,approved
3193,0, Graduate, Yes,5300000,13300000,12,572,4200000,2500000,18000000,7100000,approved
3194,5, Graduate, Yes,7700000,16400000,2,663,1100000,14800000,15800000,3900000,approved
3195,0, Not Graduate, No,5000000,10700000,16,726,1600000,1100000,15700000,4800000,approved
3196,5, Not Graduate, Yes,6000000,12300000,12,680,11400000,5300000,13800000,7300000,approved
3197,0, Graduate, No,1400000,2700000,2,685,3400000,800000,5400000,1300000,approved
3198,5, Not Graduate, Yes,9400000,23100000,6,762,12400000,10200000,22300000,6600000,approved
3199,3, Not Graduate, No,5200000,17200000,18,768,9200000,5500000,11700000,3800000,approved
3200,0, Graduate, No,3100000,11100000,8,504,3500000,4600000,11400000,1800000,rejected
3201,3, Not Graduate, Yes,8400000,20500000,12,796,22900000,10500000,17600000,11200000,approved
3202,0, Not Graduate, No,1200000,2900000,18,348,400000,1200000,2900000,600000,rejected
3203,5, Not Graduate, Yes,4800000,13100000,6,717,8300000,8900000,18300000,2800000,approved
3204,5, Not Graduate, Yes,9200000,34200000,4,565,500000,13900000,23600000,12300000,approved
3205,2, Not Graduate, No,5300000,10900000,6,647,14600000,3500000,18700000,3200000,approved
3206,3, Graduate, No,4700000,10900000,2,626,9200000,2300000,14600000,5200000,approved
3207,0, Not Graduate, No,6500000,24700000,6,554,2700000,1100000,22700000,9600000,approved
3208,4, Graduate, Yes,3200000,11500000,20,864,8700000,5000000,12100000,4100000,approved
3209,4, Graduate, No,4600000,12500000,6,406,10800000,200000,14000000,6800000,rejected
3210,5, Graduate, No,700000,1800000,10,650,1300000,100000,1500000,300000,approved
3211,5, Not Graduate, Yes,7600000,16500000,8,534,8900000,10300000,24900000,8300000,rejected
3212,4, Graduate, No,1200000,2600000,8,872,1600000,2100000,2700000,900000,approved
3213,2, Graduate, No,5100000,16500000,12,845,12100000,9000000,11400000,5700000,approved
3214,1, Not Graduate, Yes,4300000,16300000,14,792,400000,400000,10200000,4000000,rejected
3215,4, Graduate, No,300000,1200000,18,544,700000,100000,800000,100000,rejected
3216,2, Graduate, Yes,4000000,13000000,10,552,3700000,1600000,15600000,3400000,approved
3217,5, Not Graduate, No,3900000,14900000,12,837,1100000,500000,14400000,3600000,approved
3218,0, Not Graduate, Yes,6900000,21300000,18,845,17400000,5600000,21400000,6600000,approved
3219,4, Not Graduate, Yes,7000000,24100000,10,677,18800000,6000000,21600000,6300000,approved
3220,1, Graduate, No,6300000,18300000,20,430,13000000,1300000,23000000,9200000,rejected
3221,3, Graduate, Yes,8900000,22500000,12,887,23300000,10800000,33500000,9500000,approved
3222,0, Not Graduate, Yes,5700000,19400000,8,544,4300000,6400000,19900000,5800000,rejected
3223,4, Not Graduate, Yes,5200000,18300000,10,355,400000,3800000,10600000,3400000,rejected
3224,4, Graduate, No,7400000,17500000,4,540,8800000,7600000,17900000,3600000,rejected
3225,5, Graduate, No,6500000,16000000,14,444,1100000,7900000,23100000,7900000,rejected
3226,3, Graduate, No,6200000,14900000,14,567,1200000,9100000,20800000,8800000,approved
3227,5, Not Graduate, Yes,2400000,6500000,20,513,6400000,2100000,5200000,2600000,rejected
3228,0, Not Graduate, No,2500000,7100000,10,590,4000000,800000,6100000,2600000,approved
3229,2, Graduate, Yes,2700000,8500000,20,368,4900000,4500000,5900000,2100000,rejected
3230,5, Not Graduate, No,3000000,7600000,6,413,2300000,3500000,11400000,1700000,rejected
3231,4, Graduate, Yes,6100000,13600000,4,401,10700000,2000000,20500000,3900000,rejected
3232,3, Graduate, No,1500000,5400000,18,687,200000,400000,4500000,1700000,approved
3233,2, Graduate, No,6500000,14100000,14,577,4600000,12000000,25100000,3900000,approved
3234,4, Not Graduate, No,200000,700000,10,576,500000,100000,400000,300000,approved
3235,1, Not Graduate, No,9900000,23400000,16,687,28200000,3700000,29600000,8200000,approved
3236,4, Graduate, No,5500000,11600000,12,474,1800000,2400000,20100000,5600000,rejected
3237,4, Graduate, No,1200000,4400000,6,709,2800000,2300000,4100000,1700000,approved
3238,4, Graduate, Yes,6900000,20200000,18,438,9600000,6200000,26800000,5700000,rejected
3239,3, Graduate, Yes,8000000,25300000,4,306,22300000,7300000,24400000,6600000,approved
3240,3, Not Graduate, Yes,4100000,13900000,20,383,1900000,2300000,15800000,3800000,rejected
3241,2, Graduate, No,1400000,4700000,20,563,400000,2300000,2800000,1400000,approved
3242,4, Not Graduate, Yes,1600000,3200000,20,371,1600000,2300000,4600000,1000000,rejected
3243,1, Graduate, No,2100000,4200000,12,379,2700000,2100000,8100000,2500000,rejected
3244,1, Not Graduate, No,8800000,30200000,18,897,17100000,7900000,28700000,11100000,approved
3245,3, Not Graduate, Yes,7100000,25400000,10,725,20600000,5300000,16000000,8600000,approved
3246,1, Not Graduate, No,8600000,31500000,16,678,19700000,13400000,22200000,5300000,approved
3247,2, Not Graduate, Yes,5400000,14800000,6,724,1000000,400000,13100000,5400000,approved
3248,3, Graduate, Yes,1000000,2500000,6,808,2900000,600000,2000000,500000,approved
3249,0, Graduate, No,5400000,18400000,8,625,12100000,3000000,13000000,4800000,approved
3250,2, Graduate, No,4200000,16800000,4,771,6500000,4500000,10500000,5800000,approved
3251,2, Not Graduate, No,7500000,22400000,14,695,8100000,3900000,15300000,9400000,approved
3252,4, Graduate, No,1200000,3300000,2,564,2200000,500000,4700000,1100000,approved
3253,4, Graduate, Yes,6300000,14500000,10,349,3800000,12300000,16500000,5700000,rejected
3254,4, Graduate, Yes,300000,900000,4,797,300000,400000,600000,400000,approved
3255,3, Graduate, No,7400000,28800000,8,391,20000000,7900000,23600000,7200000,rejected
3256,5, Not Graduate, No,2200000,5400000,12,833,4900000,3300000,7000000,1600000,approved
3257,5, Graduate, No,4000000,9100000,10,515,600000,6400000,9900000,5500000,rejected
3258,4, Graduate, Yes,2700000,10400000,16,671,6100000,3700000,5600000,4000000,approved
3259,0, Not Graduate, Yes,2000000,6900000,4,404,4900000,1600000,4200000,3000000,approved
3260,4, Not Graduate, No,6400000,14800000,6,537,2300000,3700000,18600000,6500000,rejected
3261,5, Not Graduate, Yes,1400000,5100000,4,348,2100000,900000,4000000,1300000,approved
3262,0, Not Graduate, Yes,2800000,6300000,12,647,4100000,0,8700000,2300000,approved
3263,2, Not Graduate, Yes,8200000,28700000,14,316,23300000,16100000,17700000,4300000,rejected
3264,3, Not Graduate, No,9000000,26700000,14,638,5300000,0,31300000,5200000,approved
3265,5, Not Graduate, Yes,800000,2100000,12,363,1200000,1000000,3100000,900000,rejected
3266,4, Not Graduate, Yes,6100000,21200000,6,808,700000,7200000,22300000,6100000,approved
3267,4, Not Graduate, Yes,2400000,9400000,2,871,3700000,300000,7100000,3500000,approved
3268,4, Graduate, Yes,6000000,17000000,12,607,15300000,3200000,22100000,3900000,approved
3269,2, Not Graduate, Yes,7900000,22500000,6,571,8100000,5300000,17900000,8100000,approved
3270,3, Graduate, Yes,9500000,25700000,18,446,16900000,13600000,29300000,10100000,rejected
3271,3, Not Graduate, Yes,1800000,6400000,20,436,1500000,2900000,4400000,1300000,rejected
3272,3, Not Graduate, Yes,5800000,14100000,12,738,11700000,4400000,15400000,8400000,approved
3273,3, Graduate, No,2800000,9400000,10,519,7000000,3500000,7700000,1500000,rejected
3274,3, Graduate, Yes,4000000,8300000,8,531,3700000,7400000,15200000,5900000,rejected
3275,1, Not Graduate, No,1000000,3400000,18,578,2300000,400000,3100000,1200000,approved
3276,0, Graduate, No,9100000,21100000,20,578,5900000,6200000,33700000,5600000,approved
3277,0, Graduate, No,4600000,18100000,14,442,2800000,200000,15600000,3300000,rejected
3278,2, Not Graduate, No,7800000,16900000,6,751,17400000,6300000,20400000,11700000,approved
3279,4, Graduate, Yes,6600000,18800000,10,353,16500000,9500000,20000000,6200000,rejected
3280,5, Not Graduate, No,9800000,26600000,12,664,5200000,2900000,22500000,14100000,approved
3281,1, Graduate, No,7400000,26600000,18,505,2200000,2400000,22400000,3900000,rejected
3282,3, Graduate, Yes,4300000,16600000,10,571,5700000,3700000,12800000,5800000,approved
3283,2, Not Graduate, Yes,9800000,34600000,16,754,12400000,14900000,34700000,6100000,approved
3284,5, Not Graduate, No,1100000,3900000,20,858,3200000,1200000,3800000,1100000,approved
3285,3, Graduate, Yes,8600000,21800000,20,641,5300000,8800000,24000000,9100000,approved
3286,0, Not Graduate, Yes,9400000,35500000,16,592,9300000,11800000,30500000,5800000,approved
3287,3, Graduate, Yes,5300000,20300000,14,432,15000000,0,17200000,5900000,rejected
3288,1, Not Graduate, Yes,8700000,33800000,18,558,18300000,11500000,31500000,5900000,approved
3289,3, Graduate, Yes,4800000,14200000,12,547,10400000,700000,9800000,2400000,rejected
3290,4, Not Graduate, No,4400000,9800000,18,732,2400000,2400000,15100000,4400000,approved
3291,1, Graduate, Yes,5400000,19300000,12,784,5000000,1800000,20300000,6500000,approved
3292,5, Not Graduate, Yes,8400000,31900000,10,605,18900000,10300000,22000000,9100000,approved
3293,1, Graduate, Yes,5400000,19500000,18,688,12100000,800000,17000000,3500000,approved
3294,3, Not Graduate, Yes,9400000,32100000,10,617,22700000,5800000,29400000,11400000,approved
3295,0, Not Graduate, Yes,800000,2400000,4,518,500000,800000,2800000,500000,approved
3296,0, Not Graduate, No,3800000,14800000,10,390,5900000,5700000,9500000,4600000,rejected
3297,4, Graduate, No,3100000,6300000,4,370,8600000,4100000,8800000,2800000,rejected
3298,3, Not Graduate, Yes,6000000,21300000,4,802,4700000,8900000,17300000,7600000,approved
3299,2, Not Graduate, Yes,6800000,15500000,12,338,9900000,1200000,21800000,8500000,rejected
3300,5, Not Graduate, No,5200000,11700000,6,658,8100000,5100000,11400000,5600000,approved
3301,0, Not Graduate, No,1900000,6700000,12,595,3000000,3200000,4900000,1700000,approved
3302,5, Graduate, Yes,3600000,8500000,20,594,4400000,6400000,7400000,4500000,approved
3303,3, Graduate, Yes,1500000,4100000,14,611,600000,2000000,4800000,2100000,approved
3304,3, Not Graduate, No,2000000,5800000,8,799,3000000,3100000,5500000,1000000,approved
3305,5, Graduate, No,9200000,18600000,20,497,1000000,300000,24200000,10700000,rejected
3306,0, Not Graduate, Yes,6100000,15900000,18,456,12900000,10800000,19100000,8800000,rejected
3307,5, Not Graduate, No,300000,500000,8,396,400000,300000,1200000,200000,rejected
3308,1, Graduate, No,800000,2300000,10,770,900000,900000,2900000,1100000,approved
3309,0, Not Graduate, No,3300000,9000000,16,797,3000000,6400000,10300000,3300000,approved
3310,1, Not Graduate, No,5800000,18700000,20,586,14100000,3000000,15600000,6000000,approved
3311,5, Not Graduate, No,8500000,23400000,16,604,25100000,16500000,24500000,4800000,approved
3312,0, Not Graduate, Yes,4100000,12800000,8,799,3700000,700000,9400000,2700000,approved
3313,2, Graduate, No,7800000,26400000,4,763,2200000,8400000,16600000,6700000,approved
3314,0, Graduate, No,7500000,23000000,14,725,8900000,4800000,20200000,7100000,approved
3315,2, Graduate, No,2300000,8800000,18,336,1800000,800000,5200000,1500000,rejected
3316,4, Graduate, Yes,600000,2300000,6,495,1700000,600000,2000000,300000,rejected
3317,1, Not Graduate, No,2900000,11500000,20,431,3600000,3800000,5900000,3100000,rejected
3318,5, Not Graduate, No,900000,2200000,2,415,600000,1700000,2900000,700000,rejected
3319,5, Graduate, Yes,9000000,20400000,6,451,5200000,11400000,28200000,9000000,rejected
3320,1, Not Graduate, No,4800000,14300000,4,489,12400000,7900000,17700000,3600000,rejected
3321,1, Graduate, No,1600000,4600000,12,415,800000,600000,3900000,1500000,rejected
3322,3, Not Graduate, No,2600000,8100000,12,425,7300000,1900000,6800000,2200000,rejected
3323,4, Graduate, Yes,1800000,4600000,14,453,1700000,2400000,4700000,1600000,rejected
3324,5, Graduate, Yes,4400000,11800000,20,634,5900000,7300000,15200000,4300000,approved
3325,2, Not Graduate, No,200000,300000,20,519,0,0,400000,300000,rejected
3326,4, Not Graduate, Yes,800000,2100000,6,353,700000,300000,2900000,1200000,rejected
3327,3, Graduate, No,1500000,3200000,4,767,2000000,400000,3700000,1400000,approved
3328,0, Not Graduate, Yes,7700000,16900000,14,473,22100000,4000000,29000000,6400000,rejected
3329,5, Graduate, Yes,7200000,21300000,2,801,9900000,1700000,20400000,7200000,approved
3330,4, Graduate, No,1000000,2300000,16,543,200000,100000,2000000,1000000,rejected
3331,1, Graduate, No,6300000,17200000,12,714,10100000,4200000,24700000,8500000,approved
3332,3, Graduate, No,1900000,4100000,12,830,4600000,1100000,5300000,2100000,approved
3333,5, Graduate, No,4400000,15300000,4,401,200000,5400000,17500000,2400000,approved
3334,0, Not Graduate, No,9100000,26400000,6,518,15800000,1100000,35300000,5700000,rejected
3335,2, Graduate, Yes,900000,2300000,20,367,0,1200000,3400000,1300000,rejected
3336,0, Graduate, Yes,4600000,12000000,12,493,4500000,700000,16200000,3600000,rejected
3337,2, Graduate, Yes,9400000,22700000,14,505,4000000,16900000,24700000,11500000,rejected
3338,5, Graduate, No,6900000,26500000,16,322,20500000,9800000,17100000,9400000,rejected
3339,2, Graduate, No,300000,900000,8,735,800000,400000,500000,100000,approved
3340,5, Graduate, Yes,1900000,6700000,2,622,4200000,200000,3900000,1700000,approved
3341,4, Graduate, Yes,4400000,16400000,6,513,5400000,7500000,13100000,5700000,rejected
3342,4, Not Graduate, Yes,1200000,4100000,16,585,900000,900000,2300000,900000,approved
3343,1, Graduate, Yes,1000000,3000000,10,813,2900000,500000,3300000,800000,approved
3344,0, Graduate, No,3100000,10400000,18,622,1300000,5000000,7200000,1600000,approved
3345,1, Graduate, Yes,2100000,6300000,16,899,2400000,2200000,4400000,2200000,approved
3346,0, Not Graduate, No,2100000,4700000,2,459,4000000,1300000,8100000,1200000,rejected
3347,4, Graduate, No,9400000,33300000,18,369,20600000,5600000,32200000,7200000,rejected
3348,2, Not Graduate, No,9700000,37700000,6,601,300000,3100000,23800000,11800000,approved
3349,4, Graduate, No,1400000,2700000,18,703,600000,1300000,5400000,900000,approved
3350,2, Not Graduate, No,4700000,14600000,20,597,8200000,6000000,14100000,6800000,approved
3351,3, Not Graduate, Yes,4100000,13300000,10,670,1900000,5500000,13200000,6100000,approved
3352,4, Not Graduate, Yes,1200000,2800000,6,366,3300000,300000,4200000,1400000,rejected
3353,5, Not Graduate, No,7900000,27800000,16,857,23300000,12500000,17200000,10600000,approved
3354,2, Not Graduate, No,6600000,15000000,16,401,13600000,6600000,23500000,3300000,rejected
3355,0, Not Graduate, No,2200000,8800000,4,437,1600000,2300000,8300000,2000000,approved
3356,3, Not Graduate, No,5500000,17600000,8,882,5800000,7800000,20300000,3100000,approved
3357,4, Graduate, No,5100000,15500000,8,392,6700000,8100000,13600000,6700000,rejected
3358,2, Not Graduate, Yes,3900000,7700000,10,421,9700000,7500000,14100000,2100000,rejected
3359,5, Graduate, No,200000,400000,6,722,300000,300000,400000,100000,approved
3360,4, Graduate, No,5800000,14700000,10,692,2300000,10100000,17700000,3900000,approved
3361,5, Not Graduate, No,8300000,20700000,2,537,8400000,14300000,19700000,7800000,rejected
3362,5, Graduate, Yes,2600000,5500000,8,676,6700000,800000,7200000,1300000,approved
3363,1, Graduate, No,2100000,8100000,6,817,4600000,2900000,4900000,2900000,approved
3364,4, Not Graduate, No,3900000,10800000,20,433,4700000,1600000,14500000,2300000,rejected
3365,1, Graduate, Yes,5200000,16300000,6,524,11000000,3400000,20700000,4600000,rejected
3366,3, Not Graduate, Yes,7800000,24400000,20,490,6700000,5100000,17700000,4100000,rejected
3367,3, Not Graduate, Yes,5400000,14300000,4,595,4100000,2800000,19300000,4900000,approved
3368,2, Not Graduate, No,2900000,11000000,2,835,4900000,3200000,11500000,1400000,approved
3369,4, Graduate, No,7100000,28300000,6,850,5600000,7100000,26000000,9700000,approved
3370,1, Graduate, Yes,800000,2500000,4,409,1300000,1000000,3100000,900000,approved
3371,5, Graduate, Yes,3400000,12800000,10,760,9800000,4300000,11000000,4600000,approved
3372,1, Graduate, Yes,6800000,17600000,14,344,5500000,5600000,18100000,7700000,rejected
3373,4, Graduate, Yes,7000000,27100000,12,881,8300000,9400000,17200000,9500000,approved
3374,0, Graduate, Yes,9300000,24500000,10,600,20200000,700000,32600000,5400000,approved
3375,2, Graduate, No,7500000,19900000,10,790,3500000,13000000,19900000,5900000,approved
3376,3, Graduate, Yes,8000000,31200000,20,392,7300000,8400000,16000000,6000000,rejected
3377,5, Graduate, Yes,1600000,4100000,2,748,1400000,1000000,4200000,1000000,approved
3378,1, Graduate, Yes,6700000,18800000,6,798,8700000,5900000,18000000,6100000,approved
3379,3, Not Graduate, No,3800000,11400000,4,323,5800000,4000000,9600000,4400000,approved
3380,1, Not Graduate, Yes,2700000,5400000,6,413,4800000,1500000,6100000,2600000,rejected
3381,3, Graduate, No,1300000,2900000,8,733,3800000,1900000,3800000,1800000,approved
3382,4, Not Graduate, No,3400000,10500000,16,543,3100000,4500000,11100000,4500000,rejected
3383,3, Graduate, No,3400000,10900000,14,757,5400000,1600000,7700000,3000000,approved
3384,5, Graduate, Yes,2400000,6800000,8,464,1900000,1300000,9500000,1900000,rejected
3385,0, Not Graduate, No,1900000,6900000,4,749,2100000,3700000,4300000,2200000,approved
3386,4, Graduate, No,700000,2200000,6,680,300000,200000,2500000,300000,approved
3387,1, Not Graduate, No,6900000,20900000,4,574,3200000,1800000,25000000,5200000,approved
3388,5, Graduate, Yes,300000,800000,18,774,400000,200000,900000,400000,approved
3389,3, Not Graduate, No,6000000,18700000,10,387,6600000,6200000,23300000,6700000,rejected
3390,1, Not Graduate, No,4300000,16400000,20,397,6700000,6200000,10200000,5700000,rejected
3391,4, Graduate, No,5800000,13500000,14,816,13800000,9300000,20400000,7900000,approved
3392,2, Graduate, Yes,3300000,6700000,8,845,1300000,4600000,12300000,3200000,approved
3393,2, Not Graduate, No,400000,1500000,4,743,700000,500000,1200000,300000,approved
3394,5, Not Graduate, No,300000,600000,4,418,500000,200000,700000,200000,rejected
3395,1, Not Graduate, No,4200000,10700000,6,466,7400000,7000000,14000000,4700000,rejected
3396,2, Not Graduate, Yes,600000,2300000,12,335,400000,900000,1200000,400000,rejected
3397,5, Not Graduate, Yes,4400000,15200000,6,446,9500000,2200000,16700000,5800000,rejected
3398,0, Graduate, Yes,9200000,29400000,2,868,9200000,13800000,32000000,5300000,approved
3399,2, Graduate, Yes,6900000,25300000,4,763,9000000,3600000,21300000,5500000,approved
3400,5, Not Graduate, Yes,5100000,13700000,14,527,12100000,8900000,19400000,4700000,rejected
3401,4, Graduate, No,3400000,12700000,2,741,3300000,6100000,7700000,3700000,approved
3402,4, Not Graduate, Yes,8600000,26800000,12,802,7400000,2800000,32100000,11700000,approved
3403,3, Not Graduate, Yes,9200000,28900000,8,538,13900000,8300000,32400000,4900000,rejected
3404,5, Graduate, Yes,4800000,16300000,4,523,8800000,2300000,10000000,2800000,approved
3405,4, Not Graduate, No,2800000,8300000,14,381,3200000,1100000,9100000,1500000,rejected
3406,1, Graduate, Yes,3400000,7000000,4,534,3100000,1600000,13000000,4000000,rejected
3407,5, Not Graduate, Yes,800000,2200000,14,574,2200000,1200000,1700000,1100000,approved
3408,1, Not Graduate, No,4100000,11100000,6,405,12000000,2900000,9000000,5900000,rejected
3409,0, Not Graduate, No,1900000,3800000,16,542,800000,500000,4000000,2100000,rejected
3410,5, Graduate, Yes,6700000,25400000,14,820,10300000,8100000,18500000,3900000,approved
3411,0, Graduate, No,5200000,13400000,2,505,12000000,7900000,20400000,6200000,rejected
3412,3, Graduate, Yes,6700000,16400000,2,508,4400000,10900000,25300000,9200000,rejected
3413,1, Not Graduate, Yes,4700000,15000000,20,835,2100000,2500000,10100000,3800000,approved
3414,0, Not Graduate, No,6000000,22000000,12,826,1400000,2000000,14100000,7000000,approved
3415,5, Not Graduate, Yes,6500000,18900000,12,427,5100000,1900000,18200000,7800000,rejected
3416,3, Graduate, No,500000,2000000,12,890,800000,700000,1800000,400000,approved
3417,4, Not Graduate, No,5700000,13300000,2,333,9400000,3000000,11800000,8200000,rejected
3418,4, Not Graduate, Yes,6800000,20000000,12,679,20200000,10900000,26900000,6600000,approved
3419,5, Not Graduate, No,3100000,12300000,18,805,4900000,1900000,6100000,2800000,approved
3420,3, Not Graduate, No,5100000,11000000,16,826,11800000,2900000,12900000,2700000,approved
3421,1, Not Graduate, Yes,6300000,23900000,10,844,16300000,4900000,16800000,4500000,approved
3422,5, Graduate, Yes,4400000,14100000,10,663,5300000,4900000,17500000,2600000,approved
3423,1, Not Graduate, No,8100000,21900000,6,884,15100000,5400000,27500000,6600000,approved
3424,1, Not Graduate, No,1100000,3700000,2,508,200000,0,2200000,1300000,approved
3425,0, Graduate, Yes,2400000,6900000,4,581,5100000,4500000,6000000,3400000,approved
3426,3, Graduate, Yes,7000000,26300000,12,481,14300000,12800000,15100000,9900000,rejected
3427,1, Graduate, Yes,8700000,30000000,12,543,21900000,12700000,30600000,12700000,rejected
3428,0, Not Graduate, Yes,3500000,12600000,10,448,1200000,2500000,10400000,3600000,rejected
3429,1, Graduate, Yes,1600000,5300000,4,713,1400000,1400000,4900000,1300000,approved
3430,5, Not Graduate, Yes,7800000,17300000,16,493,800000,4500000,16300000,9300000,rejected
3431,2, Not Graduate, No,3700000,9200000,10,819,8500000,2000000,10200000,3100000,approved
3432,4, Graduate, No,400000,1400000,18,827,-100000,0,900000,600000,approved
3433,0, Not Graduate, No,4800000,15700000,10,398,4900000,7400000,17100000,6400000,rejected
3434,0, Graduate, Yes,2900000,7500000,18,692,3200000,300000,7500000,4000000,approved
3435,5, Graduate, Yes,5000000,14600000,18,509,11800000,2500000,19800000,4900000,rejected
3436,0, Graduate, Yes,7600000,18100000,16,439,12800000,5900000,29800000,10600000,rejected
3437,1, Graduate, No,3000000,9400000,4,622,600000,3500000,9600000,2000000,approved
3438,3, Not Graduate, Yes,200000,700000,18,526,400000,100000,500000,0,rejected
3439,5, Not Graduate, Yes,6800000,19000000,8,865,9500000,7200000,25000000,6300000,approved
3440,5, Not Graduate, Yes,9700000,27400000,2,328,0,18400000,22000000,7900000,rejected
3441,0, Graduate, Yes,1200000,4200000,4,768,2800000,2200000,2800000,1500000,approved
3442,5, Not Graduate, Yes,7400000,24000000,16,854,4300000,6700000,20600000,8700000,approved
3443,4, Graduate, No,6900000,20800000,4,839,2600000,2400000,16100000,7400000,approved
3444,0, Not Graduate, Yes,9100000,23300000,18,414,17700000,2500000,33800000,6400000,rejected
3445,0, Graduate, Yes,1300000,4700000,16,530,3200000,1000000,3800000,800000,rejected
3446,3, Graduate, No,6600000,14600000,10,841,15300000,12100000,14800000,6000000,approved
3447,3, Not Graduate, Yes,1800000,5700000,14,670,5300000,3100000,3500000,2700000,approved
3448,5, Not Graduate, Yes,8200000,20900000,14,726,11400000,4800000,26000000,8400000,approved
3449,4, Not Graduate, No,2800000,8300000,14,352,4900000,2600000,7100000,3700000,rejected
3450,1, Graduate, Yes,7000000,16000000,4,554,13000000,8600000,26600000,7900000,approved
3451,4, Graduate, No,700000,1800000,18,728,400000,1300000,2200000,600000,approved
3452,0, Not Graduate, No,7400000,25500000,6,463,2300000,5600000,26800000,8400000,rejected
3453,5, Not Graduate, Yes,2300000,5000000,10,431,300000,3700000,8700000,2900000,rejected
3454,1, Graduate, Yes,600000,1900000,8,445,1200000,100000,1600000,300000,rejected
3455,5, Graduate, No,1000000,3000000,4,896,2800000,1100000,2000000,1100000,approved
3456,1, Not Graduate, Yes,2200000,5200000,8,420,2900000,100000,5000000,2300000,rejected
3457,1, Not Graduate, No,8000000,30900000,2,315,23500000,1200000,19500000,7300000,approved
3458,4, Not Graduate, No,8600000,20900000,10,867,24300000,7200000,23700000,9900000,approved
3459,3, Not Graduate, Yes,7500000,26000000,2,342,13900000,1900000,26900000,11200000,approved
3460,5, Not Graduate, Yes,5200000,11800000,18,711,14300000,5100000,15500000,4500000,approved
3461,2, Not Graduate, No,7900000,20900000,2,723,1700000,1800000,16300000,7100000,approved
3462,1, Graduate, Yes,4200000,11300000,4,704,4700000,2800000,14900000,4000000,approved
3463,0, Graduate, No,6500000,20200000,16,842,8300000,12200000,14300000,9600000,approved
3464,0, Graduate, Yes,7400000,15200000,12,600,6200000,8500000,18800000,4100000,approved
3465,3, Not Graduate, No,9100000,25600000,12,688,8900000,16300000,27900000,11100000,approved
3466,0, Not Graduate, No,800000,2300000,16,739,1800000,600000,2000000,400000,approved
3467,1, Graduate, Yes,800000,2800000,10,798,1300000,1300000,2500000,400000,approved
3468,5, Graduate, Yes,4100000,9900000,4,319,7600000,7400000,12000000,5500000,rejected
3469,5, Graduate, Yes,4200000,8700000,6,583,6000000,800000,8500000,2500000,approved
3470,3, Graduate, Yes,4800000,11500000,12,535,3600000,8000000,15600000,5400000,rejected
3471,3, Not Graduate, Yes,8300000,25900000,8,696,14400000,12200000,23500000,7100000,approved
3472,4, Not Graduate, No,7600000,23900000,8,672,2500000,1600000,20200000,6700000,approved
3473,4, Graduate, No,5100000,12300000,20,410,9200000,9200000,18700000,5600000,rejected
3474,5, Graduate, No,3600000,11600000,14,546,8500000,300000,12000000,4800000,rejected
3475,3, Not Graduate, Yes,5400000,16800000,16,550,10700000,6400000,13400000,7000000,approved
3476,5, Not Graduate, No,700000,1400000,4,344,1500000,800000,2600000,300000,rejected
3477,2, Not Graduate, Yes,9800000,38200000,10,743,5400000,14800000,24300000,5300000,approved
3478,4, Graduate, No,9700000,36400000,4,772,13800000,11300000,38100000,13500000,approved
3479,0, Graduate, Yes,9400000,29900000,12,302,12300000,1500000,35700000,8200000,rejected
3480,3, Graduate, Yes,3200000,9100000,18,376,4500000,800000,9000000,1700000,rejected
3481,0, Graduate, Yes,3700000,11600000,10,747,0,4500000,9000000,3500000,approved
3482,2, Graduate, Yes,4200000,15800000,6,710,12300000,3700000,12600000,4600000,approved
3483,2, Not Graduate, No,7000000,24200000,6,892,20600000,500000,21400000,9200000,approved
3484,3, Not Graduate, No,3200000,11500000,16,492,4800000,2300000,10400000,3200000,rejected
3485,5, Graduate, No,7900000,17700000,2,559,19700000,2800000,28900000,5400000,approved
3486,3, Not Graduate, No,2200000,8300000,18,314,1100000,900000,5800000,2000000,rejected
3487,0, Graduate, Yes,2700000,8400000,6,744,1200000,4100000,7500000,2000000,approved
3488,5, Not Graduate, No,6800000,18000000,12,690,17800000,11800000,25000000,9300000,approved
3489,3, Graduate, Yes,6300000,23300000,4,347,18300000,12200000,21100000,8100000,approved
3490,5, Graduate, Yes,9000000,31400000,2,677,12000000,10800000,20700000,8700000,approved
3491,1, Graduate, No,4700000,15700000,4,468,13300000,5100000,16200000,3600000,approved
3492,2, Not Graduate, No,8100000,17500000,4,674,10800000,12700000,23200000,9300000,approved
3493,2, Not Graduate, No,9000000,27300000,14,353,22600000,4400000,26900000,7200000,rejected
3494,4, Not Graduate, No,3800000,14100000,8,727,3900000,4900000,8200000,5400000,approved
3495,4, Not Graduate, Yes,8800000,22200000,10,512,6800000,4000000,31900000,9900000,rejected
3496,3, Not Graduate, Yes,8700000,27200000,18,454,9100000,9300000,30900000,12000000,rejected
3497,5, Not Graduate, No,5000000,12400000,14,315,7400000,8600000,17000000,4000000,rejected
3498,0, Not Graduate, Yes,6000000,22700000,10,480,200000,11900000,13700000,8700000,rejected
3499,2, Graduate, Yes,9100000,24200000,16,685,25600000,1900000,31100000,9100000,approved
3500,1, Graduate, No,7400000,17900000,6,460,2600000,1300000,25900000,5000000,rejected
3501,1, Not Graduate, Yes,8300000,28400000,16,704,1400000,11700000,16900000,11400000,approved
3502,1, Graduate, Yes,7600000,23900000,12,692,500000,12200000,27000000,5000000,approved
3503,1, Not Graduate, Yes,3500000,9600000,4,398,1700000,6000000,7900000,4600000,rejected
3504,5, Graduate, Yes,1000000,3500000,18,882,900000,500000,2900000,600000,approved
3505,5, Graduate, Yes,9900000,25900000,4,860,7800000,200000,38000000,5400000,approved
3506,2, Graduate, Yes,5700000,15100000,18,330,5900000,3800000,16600000,6200000,rejected
3507,5, Graduate, No,700000,2400000,16,447,1300000,700000,2600000,800000,rejected
3508,0, Not Graduate, Yes,9600000,23800000,12,788,9900000,14400000,21200000,10400000,approved
3509,1, Not Graduate, No,9300000,28900000,6,526,11100000,1600000,19700000,11000000,rejected
3510,0, Graduate, No,9500000,28400000,18,577,6200000,10300000,30200000,14100000,approved
3511,4, Graduate, Yes,8700000,23400000,16,372,10600000,11700000,20000000,8000000,rejected
3512,5, Graduate, Yes,7300000,21000000,14,759,15500000,8000000,20300000,10800000,approved
3513,3, Graduate, Yes,4100000,12700000,10,465,6400000,1900000,14100000,3200000,rejected
3514,2, Graduate, No,2900000,10200000,4,789,1200000,4100000,6100000,3600000,approved
3515,3, Graduate, Yes,7500000,17900000,2,680,7000000,11800000,25000000,6300000,approved
3516,1, Graduate, No,7900000,25700000,20,681,14900000,3000000,18100000,8800000,approved
3517,1, Graduate, Yes,6900000,22300000,16,673,17400000,100000,21300000,9000000,approved
3518,0, Not Graduate, No,6900000,22900000,10,313,5600000,9300000,26200000,8000000,rejected
3519,0, Not Graduate, No,4800000,18800000,16,551,7900000,9400000,17300000,5500000,approved
3520,5, Graduate, Yes,7700000,24400000,8,453,1400000,7700000,22000000,10000000,rejected
3521,3, Not Graduate, No,6900000,22700000,4,650,900000,13400000,15500000,6400000,approved
3522,1, Not Graduate, No,1200000,4500000,4,439,3200000,1800000,2900000,1200000,approved
3523,1, Graduate, No,2900000,9600000,4,658,8200000,4300000,7000000,2700000,approved
3524,4, Graduate, Yes,5500000,18900000,6,379,13900000,9100000,18500000,3100000,rejected
3525,4, Graduate, Yes,3200000,10700000,4,450,7300000,3000000,8200000,1800000,approved
3526,5, Not Graduate, No,2600000,8200000,4,849,7400000,2000000,8900000,2700000,approved
3527,0, Graduate, No,500000,1600000,18,865,1400000,400000,1000000,200000,approved
3528,0, Graduate, No,1800000,6900000,10,853,900000,400000,3700000,1700000,rejected
3529,0, Not Graduate, No,1300000,4900000,12,555,2400000,1200000,4100000,1700000,approved
3530,1, Not Graduate, No,9900000,20700000,20,821,12700000,8200000,38100000,11100000,approved
3531,0, Not Graduate, No,2000000,4700000,2,820,4700000,500000,7900000,1200000,approved
3532,1, Not Graduate, No,5100000,15300000,4,721,7000000,6100000,15300000,5900000,approved
3533,4, Graduate, Yes,8200000,24000000,20,831,23000000,3000000,24800000,5400000,approved
3534,5, Not Graduate, No,4200000,12600000,18,571,8900000,3200000,11700000,6200000,approved
3535,2, Not Graduate, Yes,1300000,4900000,8,582,2100000,1800000,3400000,1700000,approved
3536,1, Not Graduate, Yes,4600000,13600000,18,487,11200000,8500000,15500000,5400000,rejected
3537,1, Not Graduate, No,6600000,19700000,12,758,16000000,4400000,18800000,9500000,approved
3538,2, Graduate, Yes,8300000,30100000,16,636,5200000,5100000,33100000,7200000,approved
3539,0, Graduate, No,6900000,20700000,16,857,17100000,13700000,14600000,8800000,approved
3540,4, Graduate, Yes,4700000,12500000,8,678,13700000,200000,9800000,7000000,approved
3541,1, Graduate, No,7900000,15800000,8,551,800000,3500000,18700000,8300000,approved
3542,3, Not Graduate, No,8800000,24900000,16,668,16700000,17200000,30000000,10500000,approved
3543,1, Graduate, No,6500000,23400000,2,672,5000000,10400000,16700000,7600000,approved
3544,3, Not Graduate, No,3500000,13700000,4,439,5200000,2800000,13000000,4400000,approved
3545,2, Not Graduate, Yes,8200000,19600000,16,636,11500000,2300000,28800000,10700000,approved
3546,0, Not Graduate, Yes,2000000,6000000,14,393,1500000,1400000,5900000,2900000,rejected
3547,5, Not Graduate, No,2700000,8200000,2,848,7000000,1000000,6200000,1500000,approved
3548,0, Graduate, Yes,5300000,17600000,4,790,2000000,10200000,19700000,7700000,approved
3549,2, Not Graduate, No,9900000,19900000,6,312,21400000,2200000,31400000,11000000,rejected
3550,2, Not Graduate, Yes,5000000,19500000,14,775,3100000,4700000,9900000,6500000,approved
3551,2, Not Graduate, No,9100000,18600000,20,403,18400000,11700000,20300000,9200000,rejected
3552,3, Not Graduate, Yes,7600000,26400000,14,867,9200000,700000,27900000,7400000,approved
3553,0, Graduate, No,5200000,17800000,18,558,8300000,5400000,13000000,3100000,approved
3554,5, Graduate, No,1800000,6000000,4,548,1400000,2400000,6500000,2600000,approved
3555,0, Not Graduate, No,7300000,28200000,16,486,15300000,8800000,16400000,7700000,rejected
3556,4, Graduate, No,3200000,11600000,6,635,3300000,4600000,6500000,3900000,approved
3557,5, Graduate, No,5200000,20700000,2,538,3200000,2000000,14600000,3600000,approved
3558,4, Not Graduate, No,7100000,28200000,14,496,6300000,10900000,27700000,4600000,rejected
3559,4, Graduate, Yes,1400000,4800000,6,411,1400000,300000,4400000,1600000,rejected
3560,4, Not Graduate, No,2700000,10700000,6,857,7400000,4200000,8200000,2800000,approved
3561,5, Graduate, Yes,6500000,18100000,10,360,15700000,10600000,20200000,6100000,rejected
3562,4, Graduate, No,9300000,35900000,18,461,9800000,12700000,26200000,11400000,rejected
3563,0, Graduate, Yes,6700000,14900000,16,638,3300000,6900000,22300000,8100000,approved
3564,5, Graduate, No,6800000,19300000,6,865,12100000,100000,22900000,9000000,approved
3565,5, Not Graduate, No,5600000,13600000,4,449,5900000,5700000,18800000,4300000,rejected
3566,1, Not Graduate, Yes,1900000,4700000,2,870,4700000,2300000,3900000,2300000,approved
3567,5, Not Graduate, No,8400000,19500000,6,815,5300000,2500000,24000000,7200000,approved
3568,2, Not Graduate, Yes,2500000,7200000,16,454,4200000,1000000,7100000,2100000,rejected
3569,1, Not Graduate, Yes,2900000,9900000,18,783,1300000,100000,11000000,2600000,approved
3570,3, Graduate, Yes,3200000,7400000,2,543,3600000,4500000,11200000,4600000,rejected
3571,4, Not Graduate, Yes,3000000,10900000,2,786,7600000,3300000,8000000,3200000,approved
3572,3, Graduate, Yes,800000,2500000,20,395,1500000,300000,1600000,500000,rejected
3573,2, Not Graduate, Yes,400000,1300000,2,885,200000,300000,1100000,500000,approved
3574,2, Not Graduate, No,4400000,10600000,20,488,10800000,2400000,13200000,4600000,rejected
3575,2, Not Graduate, Yes,8700000,19900000,10,829,7500000,10500000,20200000,8400000,approved
3576,4, Not Graduate, No,7400000,15400000,6,677,22000000,13500000,28900000,7400000,approved
3577,4, Not Graduate, Yes,5700000,14400000,12,645,14500000,8600000,12900000,4700000,approved
3578,5, Not Graduate, Yes,9700000,27600000,10,788,9400000,3100000,31800000,10600000,approved
3579,2, Not Graduate, No,7000000,22400000,6,649,12200000,9900000,17800000,8900000,approved
3580,2, Not Graduate, No,8900000,23100000,4,519,22800000,500000,25200000,4700000,rejected
3581,3, Graduate, Yes,3100000,11200000,14,772,3400000,5800000,8300000,2100000,approved
3582,4, Graduate, No,2200000,6100000,12,330,5500000,2900000,5000000,2200000,rejected
3583,5, Not Graduate, Yes,7100000,21500000,4,557,8900000,8000000,26400000,4000000,approved
3584,4, Graduate, Yes,8200000,19000000,6,334,24500000,6800000,28600000,10200000,rejected
3585,3, Graduate, Yes,9800000,28400000,12,487,8900000,15400000,30800000,11100000,rejected
3586,2, Graduate, Yes,3900000,9700000,8,539,4400000,7600000,7900000,5100000,rejected
3587,2, Graduate, Yes,2200000,8100000,8,710,500000,2900000,7300000,1000000,approved
3588,5, Not Graduate, Yes,600000,1700000,20,879,1100000,100000,2300000,700000,approved
3589,4, Not Graduate, Yes,6900000,22000000,10,512,6100000,9100000,20600000,3900000,rejected
3590,2, Graduate, Yes,7400000,27300000,18,561,12600000,400000,27100000,9600000,approved
3591,3, Not Graduate, Yes,4000000,11600000,6,539,5900000,2600000,12100000,4700000,rejected
3592,3, Not Graduate, Yes,700000,2000000,18,544,800000,1300000,1500000,400000,rejected
3593,2, Not Graduate, Yes,1900000,4600000,16,631,3200000,2700000,4500000,2700000,approved
3594,2, Graduate, No,2200000,6800000,20,546,4600000,200000,4500000,2200000,rejected
3595,1, Graduate, Yes,2000000,5600000,14,569,5000000,1100000,7900000,1600000,approved
3596,4, Not Graduate, No,7400000,17900000,6,384,13400000,12300000,22400000,4700000,rejected
3597,2, Not Graduate, Yes,2300000,9000000,6,583,3600000,1300000,6900000,3400000,approved
3598,5, Not Graduate, Yes,4000000,15500000,12,517,0,600000,12100000,3500000,rejected
3599,3, Graduate, Yes,1500000,5800000,18,420,800000,1900000,4100000,1400000,rejected
3600,2, Not Graduate, Yes,5200000,12900000,18,644,400000,5000000,12000000,7500000,approved
3601,2, Graduate, No,5400000,14500000,8,349,10800000,4800000,21100000,6600000,rejected
3602,3, Graduate, No,7700000,25300000,18,662,3400000,11400000,19100000,9900000,approved
3603,0, Not Graduate, Yes,1900000,6400000,20,704,900000,3400000,5300000,1900000,approved
3604,4, Not Graduate, Yes,6400000,15500000,2,324,18400000,11100000,13900000,4500000,rejected
3605,5, Graduate, No,700000,1700000,18,757,1900000,200000,2100000,600000,approved
3606,3, Graduate, Yes,5800000,23000000,16,361,6000000,10100000,23000000,2800000,rejected
3607,1, Graduate, No,1800000,5400000,4,415,4400000,2000000,5600000,1800000,approved
3608,5, Graduate, Yes,4300000,13800000,18,618,9600000,800000,14000000,2400000,approved
3609,4, Graduate, No,8000000,27100000,8,524,16900000,10900000,25600000,8400000,rejected
3610,0, Not Graduate, No,1100000,4100000,18,887,400000,1300000,2600000,1300000,approved
3611,2, Not Graduate, Yes,8800000,31100000,12,729,12300000,2400000,21900000,9400000,approved
3612,4, Graduate, No,4800000,18600000,14,774,10800000,5800000,12700000,6500000,approved
3613,0, Not Graduate, Yes,200000,700000,20,724,600000,0,500000,300000,approved
3614,5, Graduate, Yes,1400000,2700000,16,320,900000,2500000,2700000,2000000,rejected
3615,5, Graduate, No,2500000,6400000,16,590,3200000,3900000,5800000,3500000,approved
3616,5, Graduate, No,8100000,25300000,8,796,15900000,12600000,21500000,7800000,approved
3617,0, Graduate, Yes,6100000,19200000,6,890,13900000,5900000,16700000,7600000,approved
3618,0, Not Graduate, Yes,2000000,4600000,16,651,2100000,2400000,7200000,1600000,approved
3619,4, Not Graduate, No,4800000,10100000,12,634,9200000,300000,15000000,6900000,approved
3620,4, Graduate, Yes,900000,2800000,2,660,1200000,1400000,2400000,900000,approved
3621,4, Not Graduate, No,1300000,3500000,12,512,3300000,1400000,3200000,700000,rejected
3622,4, Not Graduate, Yes,4200000,9100000,2,900,6700000,5300000,10900000,5900000,approved
3623,2, Graduate, Yes,3300000,11100000,20,823,4600000,1500000,11700000,2900000,approved
3624,2, Not Graduate, Yes,8700000,28400000,12,880,8000000,1800000,19400000,4400000,approved
3625,1, Not Graduate, Yes,800000,2600000,2,439,600000,0,1800000,400000,approved
3626,5, Graduate, Yes,7400000,17100000,2,441,14700000,1600000,20600000,10800000,rejected
3627,3, Not Graduate, No,6900000,18500000,6,360,14000000,0,18800000,9600000,rejected
3628,1, Graduate, Yes,8800000,33700000,14,561,10200000,7100000,25700000,11900000,approved
3629,2, Graduate, Yes,8600000,32500000,4,758,20900000,600000,18000000,6900000,approved
3630,2, Graduate, No,5400000,20600000,18,621,11200000,2200000,11600000,5500000,approved
3631,4, Graduate, Yes,2900000,5900000,18,621,200000,3100000,8500000,3500000,approved
3632,3, Graduate, No,9800000,21000000,12,342,25400000,16600000,26900000,7000000,rejected
3633,4, Graduate, No,3300000,10800000,4,552,4200000,900000,8600000,3300000,approved
3634,0, Not Graduate, No,300000,500000,18,376,300000,0,800000,300000,rejected
3635,0, Graduate, No,1500000,4300000,12,801,4400000,2200000,3300000,1100000,approved
3636,3, Not Graduate, Yes,5400000,16300000,4,512,1600000,3400000,13100000,6000000,approved
3637,0, Graduate, No,6600000,15200000,18,497,1500000,6900000,14500000,9300000,rejected
3638,0, Graduate, No,5700000,17200000,8,386,4200000,7100000,14400000,2900000,rejected
3639,3, Not Graduate, Yes,8500000,26100000,2,683,6600000,10400000,24100000,5700000,approved
3640,0, Graduate, No,7400000,24100000,16,779,800000,2900000,28900000,4900000,approved
3641,3, Not Graduate, Yes,7800000,17700000,6,876,15600000,15200000,25100000,10800000,approved
3642,3, Graduate, Yes,7200000,16500000,18,515,7800000,6300000,17300000,10600000,rejected
3643,2, Not Graduate, No,7600000,19300000,12,463,5400000,1500000,16000000,9600000,rejected
3644,4, Not Graduate, Yes,7000000,26700000,4,486,10600000,12200000,18800000,6000000,approved
3645,0, Not Graduate, No,5700000,13000000,6,328,7800000,7500000,20700000,8200000,rejected
3646,2, Not Graduate, No,8200000,30600000,10,343,9800000,11500000,16900000,7000000,rejected
3647,0, Graduate, Yes,9000000,27800000,8,712,900000,6700000,24400000,5800000,approved
3648,3, Not Graduate, No,3900000,11900000,6,607,6600000,6000000,8800000,2000000,approved
3649,0, Graduate, No,6500000,16200000,4,812,17200000,10700000,20200000,6200000,approved
3650,4, Not Graduate, Yes,2300000,7700000,16,589,6000000,4400000,6300000,2300000,approved
3651,1, Not Graduate, No,5700000,21800000,18,657,14100000,3200000,21800000,3200000,approved
3652,4, Not Graduate, No,800000,2800000,12,453,1500000,300000,2900000,600000,rejected
3653,4, Not Graduate, Yes,8400000,19700000,14,889,22400000,5800000,22000000,12100000,approved
3654,1, Graduate, Yes,4300000,17200000,4,564,10400000,6600000,11500000,2200000,approved
3655,1, Not Graduate, Yes,300000,900000,20,419,800000,0,600000,300000,rejected
3656,1, Graduate, No,8700000,34000000,16,663,5400000,10700000,17800000,8100000,approved
3657,1, Not Graduate, No,4400000,12100000,4,884,9800000,6500000,15000000,6000000,approved
3658,1, Graduate, Yes,5600000,16800000,16,528,7500000,6500000,12300000,3900000,rejected
3659,2, Graduate, No,600000,1300000,12,475,100000,1100000,2300000,600000,rejected
3660,4, Not Graduate, Yes,2500000,5100000,20,695,1100000,4100000,6700000,3500000,approved
3661,5, Not Graduate, No,3800000,10500000,10,759,1800000,6700000,8100000,5300000,approved
3662,2, Not Graduate, No,2500000,9600000,4,636,900000,1000000,7300000,2000000,approved
3663,3, Not Graduate, Yes,5500000,20400000,10,546,10600000,8200000,13500000,4000000,rejected
3664,5, Graduate, Yes,4500000,17100000,2,639,10600000,7500000,12000000,6500000,approved
3665,4, Not Graduate, No,1900000,4000000,10,388,500000,1400000,5600000,900000,rejected
3666,5, Graduate, Yes,6400000,20000000,12,594,100000,2100000,16500000,5500000,approved
3667,1, Not Graduate, Yes,3800000,11100000,6,760,2100000,1800000,8700000,5700000,approved
3668,4, Not Graduate, Yes,6300000,16900000,16,582,16000000,3600000,23700000,6000000,approved
3669,3, Not Graduate, No,300000,600000,6,896,300000,400000,600000,400000,approved
3670,5, Not Graduate, Yes,7100000,21800000,18,891,7000000,0,18900000,4700000,approved
3671,2, Not Graduate, Yes,600000,1700000,2,495,1700000,200000,1200000,500000,rejected
3672,3, Graduate, Yes,4400000,15300000,16,865,1200000,8400000,15000000,3400000,approved
3673,4, Not Graduate, No,7600000,20800000,12,775,1900000,13600000,19200000,6400000,approved
3674,5, Graduate, Yes,8700000,26400000,10,318,11800000,2900000,23200000,9200000,rejected
3675,3, Graduate, Yes,5600000,12700000,12,395,8200000,9300000,22000000,6400000,rejected
3676,4, Not Graduate, No,4100000,13100000,14,772,11200000,4200000,10500000,3800000,approved
3677,2, Not Graduate, Yes,7900000,16100000,18,318,17300000,2900000,29900000,9300000,rejected
3678,3, Not Graduate, Yes,5600000,20900000,14,649,4000000,10700000,13000000,8200000,approved
3679,3, Not Graduate, No,1200000,3100000,10,438,1500000,2200000,3900000,1000000,rejected
3680,5, Graduate, No,6900000,19700000,6,588,9800000,7500000,17100000,7300000,approved
3681,5, Not Graduate, No,2700000,5600000,2,815,1100000,2000000,7100000,2600000,approved
3682,4, Graduate, Yes,9800000,22100000,4,364,16800000,11100000,26500000,7300000,rejected
3683,2, Not Graduate, No,9300000,32300000,4,586,14300000,6400000,37000000,10400000,approved
3684,4, Not Graduate, No,6700000,25300000,12,555,16900000,3600000,23500000,4900000,approved
3685,4, Graduate, No,1300000,4600000,10,312,1800000,600000,3100000,800000,rejected
3686,2, Graduate, Yes,7900000,17100000,16,605,19200000,14100000,21900000,10400000,approved
3687,5, Not Graduate, No,6700000,23200000,18,672,1600000,6700000,20800000,5400000,approved
3688,2, Not Graduate, Yes,2100000,4500000,18,591,2500000,500000,5500000,1500000,approved
3689,4, Graduate, Yes,4700000,11000000,4,321,10100000,100000,9600000,6900000,rejected
3690,2, Graduate, No,3700000,13400000,16,393,6400000,600000,14200000,3500000,rejected
3691,0, Graduate, Yes,5800000,21800000,2,561,4400000,7200000,15000000,4200000,approved
3692,5, Graduate, Yes,2400000,6900000,20,725,1700000,400000,8800000,2400000,approved
3693,1, Not Graduate, Yes,8100000,27600000,16,438,1000000,10500000,32200000,8000000,rejected
3694,5, Graduate, Yes,5400000,21400000,12,399,4000000,9700000,12400000,6800000,rejected
3695,0, Graduate, No,1400000,5400000,8,592,4100000,400000,4300000,800000,approved
3696,2, Not Graduate, No,2500000,8600000,8,835,2500000,4000000,7700000,1300000,approved
3697,0, Not Graduate, Yes,1600000,5300000,4,733,400000,2100000,5500000,1100000,approved
3698,0, Not Graduate, No,3700000,10600000,20,484,5800000,1300000,13900000,3500000,rejected
3699,5, Not Graduate, Yes,500000,1800000,20,615,500000,700000,1100000,300000,approved
3700,3, Not Graduate, Yes,5300000,19500000,4,591,13200000,4700000,19800000,7900000,approved
3701,0, Graduate, Yes,2800000,6800000,12,349,4100000,2000000,11100000,1400000,rejected
3702,1, Graduate, Yes,9600000,29900000,18,478,18500000,15200000,38200000,9400000,rejected
3703,4, Graduate, No,2200000,7800000,20,633,0,3900000,8400000,1900000,approved
3704,1, Not Graduate, Yes,8400000,30900000,8,378,18600000,1000000,25900000,11100000,rejected
3705,1, Not Graduate, No,2100000,5300000,20,461,1500000,3800000,8100000,1700000,rejected
3706,2, Not Graduate, Yes,2800000,7000000,2,834,500000,2900000,8100000,1300000,approved
3707,0, Not Graduate, No,2500000,5800000,20,671,7400000,500000,7500000,2000000,approved
3708,3, Graduate, Yes,1700000,5800000,10,524,4100000,2900000,6600000,800000,rejected
3709,3, Graduate, No,6100000,20700000,4,816,14900000,5400000,24200000,5900000,approved
3710,3, Graduate, No,4100000,11700000,10,729,6900000,6200000,15400000,2100000,approved
3711,5, Not Graduate, Yes,4500000,12700000,8,307,11000000,3800000,12600000,2700000,rejected
3712,2, Graduate, Yes,5600000,19100000,8,350,2700000,1200000,14200000,4200000,rejected
3713,3, Not Graduate, Yes,5800000,16600000,10,444,13300000,5900000,15000000,8500000,rejected
3714,4, Not Graduate, No,8600000,26700000,10,895,2200000,8800000,22600000,6900000,approved
3715,2, Graduate, No,2900000,10500000,20,708,4200000,600000,7700000,4300000,approved
3716,2, Not Graduate, Yes,8300000,17600000,2,355,1000000,700000,28400000,6800000,rejected
3717,5, Not Graduate, No,2400000,5100000,6,756,1500000,200000,5300000,3400000,approved
3718,4, Graduate, No,5600000,12000000,4,719,5600000,2900000,14500000,3400000,approved
3719,1, Graduate, Yes,9500000,35400000,14,439,400000,1200000,20200000,13500000,rejected
3720,4, Not Graduate, Yes,4900000,15900000,10,668,10800000,8300000,14900000,2800000,approved
3721,4, Not Graduate, Yes,5900000,16500000,2,765,13000000,9400000,20000000,3500000,approved
3722,5, Graduate, Yes,500000,1500000,4,476,200000,200000,1100000,700000,approved
3723,3, Graduate, No,7000000,21700000,14,781,5400000,8500000,19300000,9600000,approved
3724,1, Not Graduate, No,3500000,12700000,4,350,5200000,6800000,12900000,1800000,approved
3725,0, Graduate, No,5200000,12200000,16,783,5000000,2000000,11400000,5100000,approved
3726,3, Graduate, Yes,6300000,19900000,12,770,1900000,2400000,15500000,3100000,approved
3727,2, Not Graduate, No,8400000,28300000,10,822,1800000,16000000,33000000,4400000,approved
3728,1, Not Graduate, Yes,7500000,22500000,14,469,12300000,9600000,16200000,4500000,rejected
3729,2, Graduate, No,3300000,13000000,16,300,5500000,5900000,7400000,3100000,rejected
3730,2, Not Graduate, No,8800000,22400000,14,692,21700000,5100000,18600000,10900000,approved
3731,5, Graduate, No,200000,700000,18,707,-100000,100000,500000,200000,approved
3732,5, Not Graduate, Yes,8000000,29100000,4,658,10600000,8600000,28800000,4600000,approved
3733,3, Graduate, No,1000000,4000000,6,625,700000,100000,2800000,500000,approved
3734,1, Graduate, No,9400000,26700000,10,343,7600000,2500000,28600000,13200000,rejected
3735,5, Graduate, No,2100000,7300000,18,358,3700000,3200000,7200000,2200000,rejected
3736,4, Graduate, Yes,5400000,11500000,20,705,14600000,3800000,13500000,6100000,approved
3737,2, Graduate, Yes,4700000,15100000,8,799,9700000,2500000,10700000,4700000,approved
3738,3, Graduate, No,8800000,33700000,12,397,17300000,16000000,22200000,8800000,rejected
3739,5, Graduate, No,3200000,12200000,6,493,7700000,6200000,6700000,2100000,rejected
3740,0, Graduate, Yes,7200000,21900000,4,446,17700000,10900000,24500000,7600000,approved
3741,2, Not Graduate, Yes,2500000,7200000,16,315,5500000,3300000,4900000,2800000,rejected
3742,5, Not Graduate, Yes,6900000,15700000,14,887,13800000,5300000,25200000,4500000,approved
3743,5, Graduate, Yes,5700000,20500000,16,429,2800000,1900000,22400000,3900000,rejected
3744,4, Graduate, Yes,5500000,15100000,18,673,10500000,8000000,13900000,7200000,approved
3745,4, Not Graduate, Yes,9200000,29100000,10,731,14500000,8300000,35800000,5000000,approved
3746,5, Graduate, Yes,5700000,11500000,2,732,15800000,3700000,15600000,5300000,approved
3747,5, Graduate, Yes,5000000,16400000,14,525,13000000,9100000,15300000,3300000,rejected
3748,4, Not Graduate, No,2300000,5500000,6,343,-100000,4100000,4800000,3200000,rejected
3749,0, Not Graduate, Yes,3000000,11000000,16,331,8000000,4500000,6600000,2400000,rejected
3750,0, Not Graduate, No,7900000,26200000,18,845,14200000,14700000,27400000,6300000,approved
3751,2, Graduate, No,2000000,6200000,16,696,4100000,600000,5400000,1300000,approved
3752,5, Not Graduate, No,2700000,8700000,14,772,2200000,2800000,7600000,3700000,approved
3753,3, Graduate, Yes,6400000,15800000,18,628,6900000,2700000,24800000,5300000,approved
3754,0, Not Graduate, Yes,8200000,19100000,2,764,22900000,8900000,20500000,4000000,approved
3755,1, Graduate, No,2800000,6900000,14,553,400000,4900000,6800000,4200000,approved
3756,1, Not Graduate, No,8900000,20000000,2,653,12700000,600000,17800000,9900000,approved
3757,1, Not Graduate, No,5100000,20000000,4,506,7900000,8900000,20300000,6700000,approved
3758,3, Graduate, No,2800000,8500000,20,431,6200000,1700000,7800000,2200000,rejected
3759,2, Not Graduate, Yes,6100000,12300000,18,697,14100000,9100000,12600000,3500000,approved
3760,2, Not Graduate, No,8400000,24500000,6,588,11000000,1300000,22900000,10400000,approved
3761,1, Not Graduate, No,1600000,5600000,6,846,600000,2800000,4600000,1200000,approved
3762,5, Graduate, No,4100000,11000000,14,379,6200000,1700000,8500000,5400000,rejected
3763,1, Not Graduate, No,300000,700000,10,745,0,0,900000,100000,approved
3764,3, Graduate, No,9600000,34500000,20,523,26100000,2600000,24300000,5300000,rejected
3765,4, Graduate, Yes,8300000,25400000,4,624,22900000,4000000,24800000,5400000,approved
3766,1, Graduate, No,4600000,16700000,16,407,13000000,6000000,9800000,2800000,rejected
3767,3, Not Graduate, Yes,5600000,11600000,12,756,3300000,1800000,18400000,7800000,approved
3768,3, Graduate, Yes,4100000,8300000,16,351,6000000,100000,11100000,2200000,rejected
3769,3, Not Graduate, No,3700000,13400000,18,373,2800000,100000,13200000,2500000,rejected
3770,4, Not Graduate, Yes,800000,2400000,2,461,1300000,1300000,2300000,300000,approved
3771,4, Graduate, No,8100000,28100000,12,672,5600000,9200000,17200000,9500000,approved
3772,2, Graduate, Yes,2700000,9500000,10,434,2700000,1500000,8100000,1800000,rejected
3773,2, Not Graduate, Yes,7000000,21400000,12,541,3700000,1300000,19800000,9600000,rejected
3774,3, Not Graduate, Yes,8100000,29300000,2,413,8100000,15100000,25500000,6400000,approved
3775,1, Graduate, No,3200000,7600000,4,592,3000000,1400000,8100000,4700000,approved
3776,4, Not Graduate, Yes,400000,1400000,10,665,300000,300000,1500000,200000,approved
3777,1, Graduate, No,7800000,23900000,4,313,2600000,15300000,23000000,10900000,approved
3778,0, Not Graduate, No,5800000,19600000,14,673,8900000,10700000,18000000,7200000,approved
3779,0, Not Graduate, Yes,2600000,6000000,8,382,1700000,2200000,8200000,1600000,rejected
3780,5, Not Graduate, No,5400000,21100000,12,661,15800000,10400000,20100000,5400000,approved
3781,3, Graduate, Yes,600000,1700000,4,576,400000,100000,2100000,500000,approved
3782,1, Graduate, No,600000,1200000,14,443,700000,1000000,2200000,800000,rejected
3783,5, Graduate, Yes,9500000,21700000,16,307,27500000,2700000,28500000,9700000,rejected
3784,4, Graduate, Yes,1900000,4800000,12,656,1500000,1600000,5400000,1700000,approved
3785,1, Graduate, Yes,9800000,21200000,4,885,18000000,16400000,37300000,10800000,approved
3786,3, Graduate, No,7800000,16600000,20,896,12400000,10800000,30500000,5500000,approved
3787,5, Not Graduate, No,4900000,14100000,2,802,3300000,7500000,16100000,2700000,approved
3788,3, Graduate, Yes,8300000,22700000,2,650,3600000,16000000,18000000,5800000,approved
3789,4, Not Graduate, Yes,3900000,8900000,10,665,9300000,4000000,9200000,5300000,approved
3790,2, Graduate, No,9000000,35700000,12,339,15200000,8400000,19500000,9000000,rejected
3791,1, Not Graduate, No,9600000,32400000,20,447,15400000,18400000,19800000,4700000,rejected
3792,5, Not Graduate, Yes,1000000,2400000,18,613,1600000,1300000,2600000,600000,approved
3793,5, Graduate, No,2800000,7200000,16,424,900000,5000000,6100000,3200000,rejected
3794,2, Not Graduate, No,8300000,20800000,6,667,19300000,4100000,25400000,6800000,approved
3795,4, Not Graduate, Yes,6900000,18300000,18,715,8200000,600000,15000000,7500000,approved
3796,5, Not Graduate, Yes,3800000,9100000,18,654,9000000,4000000,10200000,3000000,approved
3797,2, Not Graduate, No,8000000,17800000,20,549,2400000,9700000,27400000,10800000,rejected
3798,4, Graduate, Yes,9800000,29700000,4,373,11100000,5500000,37800000,10000000,approved
3799,0, Graduate, Yes,2900000,7200000,16,332,3600000,5700000,7600000,3600000,rejected
3800,4, Graduate, No,7900000,31500000,20,534,12400000,8500000,21600000,6400000,rejected
3801,3, Not Graduate, No,4600000,17900000,8,396,10700000,4000000,12300000,2600000,rejected
3802,2, Graduate, No,1000000,3700000,18,892,2200000,800000,3000000,500000,approved
3803,5, Graduate, No,9000000,21300000,14,602,3400000,7700000,35400000,11000000,approved
3804,0, Graduate, Yes,9400000,36100000,10,615,21200000,3800000,27400000,9100000,approved
3805,5, Graduate, Yes,7400000,23300000,20,482,15700000,3600000,29100000,6800000,rejected
3806,0, Graduate, No,6600000,20100000,16,397,19200000,7000000,17200000,8400000,rejected
3807,0, Not Graduate, No,1300000,3400000,10,464,1200000,200000,3500000,1400000,rejected
3808,0, Graduate, Yes,1100000,3400000,14,832,3200000,200000,4400000,1600000,approved
3809,5, Graduate, No,9200000,34800000,12,802,22000000,11000000,19800000,12500000,approved
3810,2, Graduate, No,7000000,23900000,18,628,13400000,6600000,25200000,7200000,approved
3811,4, Graduate, No,5100000,18800000,10,694,6400000,5300000,13500000,4100000,approved
3812,1, Not Graduate, Yes,3200000,9300000,20,741,3800000,3500000,6900000,2300000,approved
3813,1, Not Graduate, Yes,3700000,10900000,14,748,3700000,2800000,13200000,4100000,approved
3814,5, Graduate, No,3600000,12800000,4,320,2500000,2900000,12600000,2900000,approved
3815,1, Graduate, No,5600000,11700000,10,774,11000000,4300000,13100000,6500000,approved
3816,0, Not Graduate, Yes,9500000,32000000,2,500,8300000,9700000,24500000,5600000,approved
3817,4, Not Graduate, No,1500000,4000000,18,706,0,2700000,4400000,1700000,approved
3818,4, Not Graduate, No,7400000,18300000,10,601,16400000,12600000,28800000,6100000,approved
3819,2, Graduate, No,6000000,17400000,16,806,1800000,2100000,20200000,3500000,approved
3820,0, Graduate, Yes,3000000,9600000,6,644,3900000,700000,10500000,3000000,approved
3821,4, Graduate, Yes,6000000,12900000,14,723,700000,1600000,13600000,4100000,approved
3822,5, Graduate, Yes,600000,1500000,12,509,1600000,100000,1900000,800000,rejected
3823,0, Graduate, No,1800000,6600000,4,898,2400000,100000,4600000,1400000,approved
3824,2, Graduate, Yes,5500000,12000000,2,567,7200000,4700000,11500000,7000000,approved
3825,1, Graduate, No,1000000,2100000,6,715,2200000,1000000,2200000,1100000,approved
3826,2, Not Graduate, Yes,1700000,3500000,10,854,5000000,2400000,3400000,1700000,approved
3827,1, Graduate, Yes,3400000,12300000,8,523,6100000,4700000,8300000,2600000,rejected
3828,1, Graduate, Yes,9600000,35900000,8,534,24500000,17700000,31900000,5400000,rejected
3829,0, Not Graduate, Yes,2600000,7600000,18,470,700000,700000,5500000,2900000,rejected
3830,1, Graduate, No,1600000,3500000,18,619,3200000,100000,6300000,1500000,approved
3831,0, Graduate, Yes,4300000,12800000,20,572,8600000,2200000,11000000,6100000,approved
3832,3, Graduate, No,1400000,3500000,16,365,2600000,2200000,2900000,1600000,rejected
3833,0, Not Graduate, No,8000000,18000000,16,791,13900000,10300000,23400000,10600000,approved
3834,4, Not Graduate, Yes,5000000,18100000,12,424,5200000,2000000,14500000,6100000,rejected
3835,5, Graduate, No,4500000,10200000,12,726,2900000,8600000,17500000,4200000,approved
3836,1, Graduate, No,3400000,9900000,2,736,3900000,4800000,10600000,4500000,approved
3837,5, Graduate, Yes,5700000,12800000,14,488,13600000,1000000,13200000,5500000,rejected
3838,2, Not Graduate, Yes,2600000,7600000,10,400,6800000,2800000,10100000,3200000,rejected
3839,0, Graduate, Yes,4500000,12200000,20,311,11200000,5000000,12700000,2400000,rejected
3840,2, Not Graduate, Yes,5100000,16800000,2,504,6400000,2700000,17100000,4400000,approved
3841,4, Not Graduate, Yes,5100000,18600000,20,312,9600000,6000000,16500000,5500000,rejected
3842,5, Graduate, Yes,1700000,6500000,14,587,1100000,1000000,6400000,1500000,approved
3843,1, Not Graduate, No,5200000,10500000,20,317,3000000,8000000,19300000,5300000,rejected
3844,4, Not Graduate, No,8400000,29000000,2,463,12700000,1100000,20100000,6700000,approved
3845,1, Not Graduate, Yes,9000000,34000000,16,842,6300000,16900000,22900000,5800000,approved
3846,4, Graduate, Yes,3400000,11800000,20,616,5000000,3300000,9900000,2900000,approved
3847,1, Not Graduate, No,5400000,19400000,8,800,800000,6100000,19500000,3000000,approved
3848,0, Graduate, Yes,700000,2100000,12,813,200000,1300000,2200000,500000,approved
3849,2, Graduate, No,7600000,24800000,12,564,14000000,6200000,24700000,6700000,approved
3850,2, Not Graduate, No,5000000,14700000,12,837,2200000,7200000,11700000,4800000,approved
3851,5, Not Graduate, Yes,2500000,9400000,16,735,0,2200000,9500000,1700000,approved
3852,4, Not Graduate, Yes,2000000,5200000,16,724,5200000,3800000,4600000,2800000,approved
3853,5, Not Graduate, No,9000000,23900000,12,658,5700000,4600000,32100000,6100000,approved
3854,5, Graduate, No,8300000,31800000,16,858,24600000,11100000,26300000,8500000,approved
3855,0, Not Graduate, Yes,3100000,8500000,8,614,1700000,4600000,11000000,3300000,approved
3856,2, Graduate, Yes,8500000,25600000,16,714,11400000,14800000,17200000,5700000,approved
3857,2, Graduate, Yes,1200000,4600000,20,605,3600000,1500000,4600000,600000,approved
3858,4, Graduate, Yes,2800000,5500000,8,875,6900000,4000000,6000000,3300000,approved
3859,5, Graduate, Yes,2800000,10900000,6,359,5000000,3300000,7600000,3000000,rejected
3860,5, Graduate, Yes,6500000,24100000,6,441,14100000,9600000,15300000,5200000,rejected
3861,4, Graduate, No,8700000,25200000,18,790,25000000,9100000,18400000,8400000,approved
3862,1, Not Graduate, Yes,5400000,13600000,4,821,11600000,8700000,19900000,5600000,approved
3863,2, Not Graduate, No,8600000,33300000,16,375,19600000,11200000,25500000,11200000,rejected
3864,3, Graduate, No,4700000,9600000,10,545,5200000,7200000,12000000,5300000,rejected
3865,5, Not Graduate, Yes,1100000,3900000,4,891,1100000,200000,3400000,900000,approved
3866,0, Graduate, No,6400000,14000000,8,486,5100000,12700000,23900000,3700000,rejected
3867,0, Graduate, No,4300000,9900000,4,696,12400000,2100000,17000000,2100000,approved
3868,5, Not Graduate, Yes,2900000,11100000,4,683,1700000,3900000,9400000,3300000,approved
3869,5, Not Graduate, No,9600000,27100000,8,594,25500000,4600000,26800000,13300000,approved
3870,3, Not Graduate, Yes,900000,2500000,20,529,900000,300000,3200000,700000,rejected
3871,5, Not Graduate, No,8100000,26300000,4,429,3600000,8500000,22200000,6900000,approved
3872,0, Not Graduate, Yes,8800000,25000000,4,400,11300000,4000000,23600000,9400000,rejected
3873,0, Graduate, No,8800000,17500000,4,848,25400000,8200000,31600000,5100000,approved
3874,1, Not Graduate, No,6400000,21500000,6,489,1600000,4600000,17600000,8900000,rejected
3875,2, Graduate, No,2900000,6600000,10,326,8600000,2200000,7400000,3400000,rejected
3876,5, Graduate, No,1600000,6100000,8,663,3900000,800000,6400000,1200000,approved
3877,1, Not Graduate, No,1600000,5100000,18,729,2500000,2000000,6200000,900000,approved
3878,2, Graduate, Yes,3100000,10700000,4,398,3100000,3000000,7400000,2000000,approved
3879,2, Not Graduate, Yes,5600000,16700000,14,856,400000,10200000,14700000,5200000,approved
3880,3, Graduate, Yes,8100000,19900000,20,347,22800000,14400000,29800000,5500000,rejected
3881,3, Not Graduate, No,9100000,19300000,12,696,26200000,7700000,30100000,13300000,approved
3882,0, Graduate, Yes,5500000,17100000,8,353,400000,200000,17100000,5200000,rejected
3883,1, Graduate, Yes,9700000,34300000,20,756,15700000,18500000,26800000,14100000,approved
3884,4, Graduate, No,2300000,5400000,16,490,6200000,3700000,5500000,2100000,rejected
3885,1, Not Graduate, Yes,5600000,18000000,10,531,6500000,9000000,19800000,8400000,rejected
3886,2, Not Graduate, Yes,4500000,16600000,4,679,10300000,3100000,11700000,5000000,approved
3887,1, Graduate, Yes,500000,1800000,8,877,100000,200000,1100000,600000,approved
3888,0, Graduate, No,4200000,11000000,20,817,6700000,2400000,11700000,6100000,approved
3889,1, Not Graduate, No,9100000,23300000,18,792,800000,12600000,32100000,12400000,approved
3890,4, Graduate, Yes,3200000,12800000,18,664,6300000,3400000,7600000,2100000,approved
3891,4, Graduate, Yes,6200000,21300000,16,882,11800000,3500000,12900000,4100000,approved
3892,3, Not Graduate, Yes,2500000,7700000,10,768,4500000,400000,8000000,2600000,approved
3893,0, Graduate, No,9100000,27100000,12,787,24300000,2900000,34800000,9500000,approved
3894,3, Graduate, Yes,500000,900000,12,538,0,700000,1500000,300000,rejected
3895,4, Not Graduate, No,6900000,18000000,8,347,16400000,9300000,18300000,8700000,rejected
3896,0, Graduate, Yes,1800000,5200000,16,317,4900000,1500000,4000000,1300000,rejected
3897,0, Graduate, Yes,4000000,14500000,2,713,6200000,4900000,12200000,4700000,approved
3898,1, Not Graduate, No,3900000,12300000,10,683,1000000,700000,11700000,2400000,approved
3899,2, Not Graduate, Yes,8000000,28100000,18,765,24000000,10500000,17700000,8200000,approved
3900,5, Graduate, No,900000,3200000,10,803,1600000,1700000,2300000,800000,approved
3901,0, Graduate, Yes,8200000,29700000,6,405,3900000,800000,23900000,5700000,rejected
3902,5, Graduate, No,2300000,4900000,4,529,6200000,3900000,9200000,2000000,rejected
3903,5, Graduate, Yes,6900000,19400000,6,801,10100000,9400000,17000000,5500000,approved
3904,3, Not Graduate, No,8800000,30700000,12,707,15000000,100000,32800000,8000000,approved
3905,1, Graduate, No,2600000,7200000,8,349,5900000,1400000,9400000,3000000,rejected
3906,1, Graduate, No,3700000,8700000,20,885,6200000,3500000,10900000,2600000,approved
3907,2, Graduate, Yes,6200000,23800000,4,489,2900000,7500000,21300000,3300000,approved
3908,3, Graduate, Yes,1000000,2600000,6,341,2900000,1700000,3600000,1100000,rejected
3909,1, Not Graduate, No,6000000,20000000,12,637,10800000,4300000,20000000,8600000,approved
3910,1, Not Graduate, Yes,9100000,31400000,4,304,14100000,16700000,30200000,9600000,approved
3911,1, Graduate, No,1700000,6700000,16,537,4300000,2900000,3500000,1100000,rejected
3912,5, Not Graduate, Yes,1700000,4600000,12,503,900000,2200000,4800000,1200000,rejected
3913,1, Graduate, No,7100000,14300000,12,720,4600000,500000,27300000,8400000,approved
3914,5, Graduate, No,9400000,36800000,10,509,20700000,7400000,22400000,6300000,rejected
3915,5, Not Graduate, No,6200000,16400000,6,360,900000,7200000,22400000,6300000,rejected
3916,1, Graduate, No,8300000,31800000,16,818,23400000,7400000,32200000,8500000,approved
3917,1, Graduate, Yes,8900000,21200000,8,716,5400000,9200000,23800000,7900000,approved
3918,1, Graduate, Yes,6500000,14800000,12,360,3500000,2100000,15000000,7300000,rejected
3919,3, Graduate, Yes,8100000,26700000,10,895,5100000,9800000,17100000,9900000,approved
3920,2, Not Graduate, No,4900000,13500000,8,328,10500000,8100000,18300000,3400000,rejected
3921,4, Graduate, No,9100000,26600000,2,812,23300000,11900000,33100000,10400000,approved
3922,3, Graduate, Yes,9000000,33100000,16,456,23800000,7000000,26000000,7100000,rejected
3923,4, Graduate, Yes,1300000,3900000,16,566,700000,200000,3400000,1600000,approved
3924,1, Not Graduate, No,6700000,25000000,20,598,5300000,12900000,13600000,7000000,approved
3925,5, Not Graduate, No,3200000,9300000,6,656,7000000,3200000,12700000,4200000,approved
3926,0, Not Graduate, No,7500000,28700000,2,895,2000000,4100000,21500000,7200000,approved
3927,3, Graduate, No,4900000,12800000,14,653,7300000,1000000,13000000,7200000,approved
3928,1, Not Graduate, Yes,700000,1800000,16,641,2100000,400000,1600000,900000,approved
3929,2, Graduate, No,6400000,16500000,8,544,12100000,6300000,15200000,5400000,rejected
3930,0, Not Graduate, Yes,3900000,14100000,20,811,5700000,3600000,10500000,5300000,approved
3931,4, Graduate, No,9700000,26900000,10,460,11400000,3900000,31400000,9300000,rejected
3932,5, Graduate, Yes,3600000,12500000,12,795,10600000,2700000,11100000,4800000,approved
3933,2, Graduate, Yes,3400000,10300000,4,745,4900000,4000000,10000000,3900000,approved
3934,0, Not Graduate, No,9800000,20100000,16,606,6200000,800000,37300000,8700000,approved
3935,1, Not Graduate, No,5100000,14200000,6,451,6100000,7600000,11400000,5600000,rejected
3936,4, Graduate, Yes,5900000,11800000,8,479,11000000,1200000,15700000,3900000,rejected
3937,5, Graduate, No,1200000,2400000,14,495,1800000,1800000,4100000,1300000,rejected
3938,2, Not Graduate, No,9700000,30200000,14,769,23700000,13600000,26400000,7500000,approved
3939,5, Not Graduate, Yes,4700000,11800000,4,639,3600000,700000,9400000,5500000,approved
3940,5, Graduate, No,4200000,12500000,18,723,1200000,300000,12900000,6100000,approved
3941,4, Graduate, No,9300000,26100000,16,623,11700000,10500000,21100000,10700000,approved
3942,3, Not Graduate, Yes,5300000,20800000,6,487,9700000,3400000,18500000,4200000,rejected
3943,0, Graduate, No,7600000,30100000,2,743,20700000,8700000,27600000,9600000,approved
3944,2, Graduate, No,6200000,16900000,12,754,2300000,4200000,15300000,7900000,approved
3945,0, Graduate, No,8900000,21600000,10,552,2300000,9900000,20700000,11900000,approved
3946,4, Not Graduate, Yes,7900000,27300000,10,560,23100000,14400000,28500000,10900000,approved
3947,1, Graduate, Yes,3500000,10800000,14,632,6900000,1500000,10900000,4200000,approved
3948,2, Graduate, No,5300000,16700000,18,339,4600000,3300000,12000000,4100000,rejected
3949,2, Not Graduate, No,1400000,3100000,4,881,3700000,400000,5000000,1100000,approved
3950,1, Not Graduate, Yes,9100000,23600000,20,535,2800000,17600000,26400000,4500000,rejected
3951,4, Not Graduate, No,4400000,17200000,4,563,4100000,3700000,12700000,2900000,approved
3952,5, Not Graduate, No,2800000,8200000,14,615,7400000,3300000,6700000,2700000,approved
3953,3, Not Graduate, No,1300000,3300000,8,795,1400000,800000,4600000,1600000,approved
3954,4, Graduate, No,8400000,28700000,14,878,23400000,8300000,23900000,8600000,approved
3955,5, Graduate, Yes,5300000,14000000,6,633,11800000,4500000,12800000,6100000,approved
3956,2, Graduate, No,6000000,13900000,4,533,3000000,9600000,14600000,4100000,rejected
3957,2, Not Graduate, Yes,2100000,6800000,12,795,6100000,1900000,7200000,2400000,approved
3958,0, Not Graduate, No,4300000,11000000,4,374,7100000,7300000,9300000,4700000,rejected
3959,4, Not Graduate, Yes,7300000,22900000,12,848,6300000,2900000,28500000,4100000,approved
3960,2, Graduate, No,5200000,16200000,12,890,10500000,9600000,15800000,3900000,approved
3961,3, Graduate, No,4700000,9800000,14,444,8200000,300000,15700000,3800000,rejected
3962,4, Graduate, No,7800000,28500000,4,803,15500000,11300000,21100000,9800000,approved
3963,3, Graduate, Yes,500000,1900000,18,618,-100000,600000,1000000,400000,approved
3964,1, Not Graduate, Yes,6000000,20300000,14,845,5000000,7800000,23700000,8700000,approved
3965,4, Graduate, No,4800000,10800000,12,833,3000000,4000000,16400000,7100000,approved
3966,3, Graduate, Yes,8900000,19300000,12,767,12000000,2200000,24700000,7700000,approved
3967,1, Graduate, Yes,1800000,4000000,16,747,700000,200000,4600000,900000,approved
3968,2, Graduate, No,3000000,7000000,4,588,5300000,3400000,11900000,3400000,approved
3969,4, Not Graduate, No,7700000,24500000,20,582,9800000,6600000,29100000,6500000,approved
3970,1, Not Graduate, No,8300000,20400000,14,348,5600000,12500000,29100000,4700000,rejected
3971,4, Not Graduate, No,4200000,9400000,4,726,10000000,8100000,16100000,5500000,approved
3972,4, Graduate, Yes,8000000,31200000,6,482,19800000,11500000,22200000,5700000,rejected
3973,2, Graduate, Yes,9400000,30000000,16,565,1200000,3900000,28200000,9000000,approved
3974,1, Graduate, No,800000,2400000,16,872,2400000,1200000,1900000,900000,approved
3975,0, Graduate, Yes,500000,1300000,4,825,600000,0,1800000,200000,approved
3976,2, Graduate, Yes,6100000,22300000,8,694,16200000,10900000,22900000,7200000,approved
3977,3, Graduate, Yes,8500000,30800000,20,448,23000000,1400000,22900000,7900000,rejected
3978,5, Graduate, Yes,7600000,18000000,12,452,7900000,4300000,23800000,4700000,rejected
3979,3, Not Graduate, No,8700000,17900000,12,897,16400000,3500000,31600000,12500000,approved
3980,4, Not Graduate, No,9400000,20200000,10,803,24800000,1000000,34400000,4800000,approved
3981,1, Not Graduate, Yes,400000,900000,8,828,600000,500000,1500000,300000,approved
3982,0, Graduate, No,2700000,7500000,6,832,7700000,1200000,10000000,2500000,approved
3983,1, Not Graduate, Yes,2300000,5500000,6,861,1600000,1200000,4700000,1700000,approved
3984,0, Graduate, No,7500000,15900000,2,535,17500000,5700000,23600000,4500000,rejected
3985,4, Not Graduate, Yes,7100000,19400000,16,363,17900000,2600000,22600000,4000000,rejected
3986,1, Not Graduate, Yes,8800000,28600000,8,631,11000000,13200000,25000000,7700000,approved
3987,2, Not Graduate, No,8400000,20700000,6,513,500000,16400000,18800000,7900000,rejected
3988,0, Graduate, Yes,4700000,16200000,16,317,12700000,400000,9400000,2500000,rejected
3989,1, Graduate, No,6900000,19500000,2,809,6100000,10600000,22900000,9300000,approved
3990,3, Not Graduate, No,2400000,8200000,10,531,6800000,1900000,5700000,2000000,rejected
3991,1, Not Graduate, Yes,1600000,4800000,14,544,2200000,200000,6200000,1200000,rejected
3992,0, Graduate, No,3500000,7800000,14,366,6400000,3000000,13700000,4900000,rejected
3993,0, Not Graduate, No,3700000,12700000,14,797,1300000,1100000,12300000,3700000,approved
3994,1, Not Graduate, No,3200000,12000000,16,597,6800000,1900000,7700000,2200000,approved
3995,2, Not Graduate, Yes,7000000,22500000,12,632,12500000,4600000,20400000,4900000,approved
3996,5, Not Graduate, No,9300000,28300000,12,741,7600000,12900000,32400000,5200000,approved
3997,0, Not Graduate, No,200000,800000,20,331,300000,0,500000,100000,rejected
3998,4, Graduate, No,6900000,16500000,8,426,3900000,5200000,18300000,9000000,rejected
3999,3, Not Graduate, No,9000000,26500000,8,533,17100000,12400000,27800000,6000000,rejected
4000,1, Not Graduate, No,6900000,22700000,16,394,3800000,4300000,27400000,8700000,rejected
4001,0, Graduate, No,7500000,25100000,14,877,21000000,11400000,16900000,10700000,approved
4002,5, Not Graduate, No,9200000,28000000,8,527,18700000,7700000,24400000,6400000,rejected
4003,1, Graduate, No,4600000,12700000,8,468,10400000,0,14500000,3900000,rejected
4004,4, Graduate, Yes,5000000,19600000,18,611,13400000,4400000,14400000,4600000,approved
4005,2, Graduate, No,4500000,17200000,6,832,2700000,8500000,10900000,6700000,approved
4006,0, Graduate, No,7900000,22700000,18,508,6600000,7000000,31600000,8900000,rejected
4007,5, Not Graduate, No,5100000,13500000,20,840,1400000,5300000,14700000,4500000,approved
4008,4, Graduate, No,3700000,7600000,14,794,9500000,7300000,12100000,4500000,approved
4009,1, Not Graduate, No,5300000,17800000,12,889,15300000,500000,14900000,6800000,approved
4010,4, Not Graduate, No,200000,500000,16,765,600000,100000,600000,100000,approved
4011,3, Graduate, Yes,9000000,18600000,16,518,18400000,17600000,28900000,10300000,rejected
4012,3, Not Graduate, No,6900000,17100000,4,694,4200000,6100000,27000000,6000000,approved
4013,2, Not Graduate, No,700000,2300000,8,663,700000,500000,2800000,1000000,approved
4014,0, Graduate, No,2500000,8900000,2,662,4000000,2100000,9700000,3000000,approved
4015,0, Not Graduate, No,4600000,14400000,14,642,10100000,8700000,11100000,4800000,approved
4016,4, Graduate, No,1000000,3900000,10,701,2200000,1000000,4000000,900000,approved
4017,4, Not Graduate, Yes,9200000,30100000,6,632,23700000,6600000,34200000,6200000,approved
4018,3, Graduate, Yes,2200000,4400000,2,861,1300000,2600000,4500000,2300000,approved
4019,4, Graduate, Yes,9700000,33300000,12,784,14600000,15800000,37900000,6500000,approved
4020,0, Graduate, Yes,5500000,18200000,4,332,8100000,4000000,16400000,5600000,approved
4021,4, Not Graduate, Yes,1300000,3400000,2,763,3800000,200000,5100000,1400000,approved
4022,1, Not Graduate, Yes,7900000,19100000,2,593,20800000,12200000,26100000,7800000,approved
4023,2, Not Graduate, No,4300000,8800000,6,512,7200000,6500000,16900000,2700000,rejected
4024,0, Not Graduate, No,3800000,13300000,6,655,9600000,0,8600000,2600000,approved
4025,3, Not Graduate, No,8700000,24700000,8,369,4000000,800000,31100000,4800000,rejected
4026,3, Graduate, No,1300000,3100000,14,348,1500000,600000,3900000,600000,rejected
4027,1, Not Graduate, Yes,6800000,16800000,10,736,2000000,2600000,23800000,5600000,approved
4028,1, Not Graduate, No,9100000,24000000,20,353,25100000,9200000,26100000,10900000,rejected
4029,0, Graduate, No,3000000,11300000,16,478,5600000,2000000,9800000,2000000,rejected
4030,0, Not Graduate, Yes,1200000,3000000,4,827,3200000,600000,2300000,1500000,approved
4031,1, Not Graduate, Yes,5000000,16900000,12,517,2200000,1500000,15500000,5400000,rejected
4032,5, Graduate, Yes,9700000,24700000,18,648,15100000,600000,25200000,6800000,approved
4033,2, Not Graduate, Yes,7000000,23800000,10,689,8400000,5400000,15700000,7800000,approved
4034,1, Graduate, No,4100000,9100000,20,550,9900000,5200000,10800000,4800000,approved
4035,0, Graduate, Yes,5300000,12900000,20,826,15500000,6800000,12000000,5200000,approved
4036,1, Not Graduate, No,7300000,19200000,14,599,18400000,5400000,15900000,3700000,approved
4037,1, Graduate, No,6500000,18500000,16,815,6300000,10000000,13400000,4000000,approved
4038,4, Graduate, Yes,600000,1400000,4,761,800000,500000,2100000,300000,approved
4039,3, Not Graduate, Yes,5200000,15000000,20,432,6900000,5000000,15600000,5100000,rejected
4040,4, Not Graduate, Yes,2800000,9200000,18,442,5800000,4800000,8400000,1300000,rejected
4041,1, Graduate, Yes,7800000,23300000,6,620,3500000,2100000,22200000,7600000,approved
4042,2, Graduate, No,3000000,6500000,4,476,7900000,300000,9400000,1500000,rejected
4043,4, Graduate, No,9300000,34900000,6,837,27400000,800000,21400000,8500000,approved
4044,3, Not Graduate, Yes,5100000,18000000,6,510,13400000,6600000,17200000,7600000,rejected
4045,4, Not Graduate, Yes,4300000,16100000,18,849,3800000,6600000,17100000,6400000,approved
4046,3, Graduate, No,1100000,2100000,8,737,2900000,2000000,2500000,900000,approved
4047,2, Graduate, No,6500000,16200000,10,809,14000000,4700000,13200000,8600000,approved
4048,3, Not Graduate, No,6400000,23000000,8,520,12100000,11400000,16000000,3800000,rejected
4049,2, Not Graduate, No,7400000,22500000,16,834,6400000,12600000,15700000,6000000,approved
4050,4, Graduate, No,8700000,32100000,8,397,8900000,17000000,34700000,4800000,rejected
4051,0, Not Graduate, No,9200000,24700000,14,438,4800000,16000000,20600000,10700000,rejected
4052,1, Graduate, Yes,6200000,19700000,18,820,11200000,3400000,15600000,4700000,approved
4053,1, Not Graduate, No,1200000,4600000,20,323,2000000,1700000,2600000,1400000,rejected
4054,1, Not Graduate, Yes,7000000,20300000,14,837,7700000,2200000,19700000,5500000,approved
4055,5, Graduate, Yes,3800000,10100000,2,571,7400000,6600000,12600000,3300000,approved
4056,0, Graduate, No,4900000,16300000,14,479,1600000,6400000,18600000,2700000,rejected
4057,2, Graduate, Yes,7800000,22100000,6,533,11900000,2500000,19300000,10800000,rejected
4058,1, Not Graduate, Yes,7400000,17200000,8,899,16500000,8700000,16700000,4900000,approved
4059,1, Not Graduate, No,7000000,26600000,16,460,20500000,3300000,27700000,4600000,rejected
4060,1, Not Graduate, No,4900000,12500000,2,636,14200000,6400000,13900000,5000000,approved
4061,3, Not Graduate, No,5800000,20600000,20,434,8400000,2700000,22600000,7000000,rejected
4062,5, Not Graduate, No,2000000,6900000,18,516,4600000,3400000,6500000,1600000,rejected
4063,4, Graduate, No,8300000,24600000,2,382,1400000,1200000,16700000,6600000,rejected
4064,0, Graduate, Yes,1000000,2800000,12,616,700000,700000,3900000,700000,approved
4065,3, Graduate, No,5500000,11600000,6,745,9400000,8000000,12800000,5400000,approved
4066,5, Graduate, No,1400000,3400000,6,697,2000000,500000,4600000,1600000,approved
4067,4, Graduate, No,3700000,12300000,6,364,5900000,4200000,13700000,4400000,rejected
4068,2, Not Graduate, Yes,2100000,6900000,2,566,700000,1500000,8100000,1000000,approved
4069,4, Not Graduate, No,6200000,21900000,12,462,9400000,2000000,16600000,8300000,rejected
4070,0, Not Graduate, No,9300000,31900000,2,331,7100000,11200000,23700000,8000000,approved
4071,3, Not Graduate, Yes,5100000,10300000,12,839,13400000,5400000,10700000,7500000,approved
4072,0, Graduate, Yes,7000000,14000000,4,702,9000000,3100000,21400000,7600000,approved
4073,3, Graduate, Yes,5300000,17900000,2,580,10200000,6400000,11600000,3600000,approved
4074,3, Graduate, No,900000,2800000,10,560,2700000,300000,1900000,1300000,approved
4075,4, Not Graduate, Yes,9400000,25700000,14,845,27300000,4100000,26500000,12200000,approved
4076,4, Not Graduate, Yes,2600000,8500000,4,392,5500000,100000,8800000,2900000,approved
4077,2, Graduate, No,1500000,4900000,16,387,-100000,2400000,3700000,1300000,rejected
4078,1, Graduate, Yes,1800000,6300000,12,749,4200000,200000,3800000,2700000,approved
4079,3, Graduate, Yes,7800000,20000000,14,727,4600000,7200000,17300000,8600000,approved
4080,3, Graduate, Yes,2100000,7400000,14,656,5600000,400000,5200000,2800000,approved
4081,0, Not Graduate, Yes,8300000,17500000,20,643,24800000,8900000,18800000,5100000,approved
4082,2, Not Graduate, Yes,4400000,16800000,4,307,12800000,7200000,9700000,5800000,approved
4083,2, Not Graduate, No,2300000,5000000,16,588,2000000,3500000,7000000,1500000,approved
4084,3, Graduate, Yes,7700000,22300000,20,895,22200000,13300000,23900000,9100000,approved
4085,0, Not Graduate, Yes,9300000,29400000,10,351,24200000,6800000,35800000,6100000,rejected
4086,5, Not Graduate, No,5900000,16400000,12,891,10200000,10400000,19600000,4700000,approved
4087,5, Not Graduate, Yes,1900000,4900000,4,442,3200000,2100000,5800000,900000,rejected
4088,0, Not Graduate, No,6900000,19500000,20,686,2300000,8700000,16400000,6200000,approved
4089,4, Graduate, Yes,2100000,8200000,20,432,6000000,900000,5600000,1000000,rejected
4090,0, Not Graduate, No,8200000,20900000,14,766,4400000,12300000,18400000,12100000,approved
4091,4, Not Graduate, No,7700000,17200000,6,561,6000000,5000000,15400000,6800000,approved
4092,5, Not Graduate, No,7700000,19000000,2,539,4000000,14500000,29300000,4100000,rejected
4093,1, Graduate, No,700000,1400000,6,759,1000000,500000,2600000,700000,approved
4094,5, Graduate, No,7100000,18200000,8,750,21000000,7900000,20800000,5300000,approved
4095,2, Graduate, No,3900000,13600000,10,373,11600000,1000000,8400000,3600000,rejected
4096,1, Not Graduate, Yes,5200000,20500000,10,407,1100000,3400000,18200000,3800000,rejected
4097,4, Not Graduate, No,5500000,20200000,14,611,13700000,5700000,15100000,7200000,approved
4098,3, Graduate, No,2600000,6300000,10,783,6500000,2400000,6500000,2600000,approved
4099,0, Not Graduate, Yes,7300000,24000000,18,651,16600000,100000,19600000,4500000,approved
4100,3, Graduate, No,8700000,31100000,16,760,400000,1800000,19300000,4800000,rejected
4101,3, Graduate, No,9000000,22700000,16,793,11700000,10800000,35000000,7000000,approved
4102,4, Graduate, No,400000,800000,16,685,500000,300000,1300000,600000,approved
4103,2, Not Graduate, Yes,3300000,10700000,8,806,5700000,600000,11500000,4900000,approved
4104,1, Not Graduate, No,6300000,17800000,12,770,6000000,3000000,17000000,3200000,approved
4105,0, Not Graduate, No,7000000,23600000,14,663,13800000,9100000,21300000,7200000,approved
4106,2, Graduate, Yes,2100000,8100000,4,592,2000000,2500000,7900000,2700000,approved
4107,3, Not Graduate, No,7600000,26300000,18,580,19100000,14600000,25500000,5100000,approved
4108,1, Graduate, No,8200000,17500000,4,609,4500000,5600000,24100000,7700000,approved
4109,3, Not Graduate, Yes,9200000,23200000,8,380,13100000,15500000,18900000,6100000,rejected
4110,3, Graduate, No,3800000,12100000,20,364,4100000,5100000,11600000,3000000,rejected
4111,1, Graduate, No,3200000,8900000,12,866,5100000,700000,9900000,2400000,approved
4112,4, Not Graduate, No,9700000,31700000,10,342,700000,100000,36700000,12000000,rejected
4113,5, Graduate, No,4700000,14400000,16,884,9900000,4400000,9300000,3800000,approved
4114,4, Graduate, Yes,3800000,12500000,18,859,3900000,4600000,8200000,2700000,approved
4115,4, Graduate, No,400000,1000000,20,692,500000,400000,1600000,200000,approved
4116,4, Not Graduate, Yes,3200000,6800000,16,675,8000000,1900000,6800000,4000000,approved
4117,5, Graduate, Yes,3900000,12700000,8,886,3500000,5800000,14900000,5400000,approved
4118,1, Graduate, Yes,3500000,13100000,10,477,3200000,6200000,7500000,3100000,rejected
4119,2, Graduate, No,2200000,8300000,6,596,4700000,3000000,8500000,1800000,approved
4120,4, Not Graduate, No,6400000,19700000,20,400,2300000,6100000,20100000,6200000,rejected
4121,3, Graduate, No,9100000,19900000,2,711,2200000,17900000,24300000,13000000,approved
4122,0, Not Graduate, Yes,3300000,8900000,2,418,4200000,6000000,9300000,3700000,rejected
4123,3, Graduate, No,7800000,21800000,8,517,7700000,5100000,19500000,9100000,rejected
4124,0, Not Graduate, Yes,6200000,16200000,6,508,5600000,5700000,21500000,3600000,rejected
4125,3, Not Graduate, Yes,7000000,26100000,18,689,17200000,5700000,20500000,5900000,approved
4126,0, Graduate, No,9200000,28200000,12,455,19200000,6400000,34700000,5900000,rejected
4127,5, Not Graduate, Yes,7500000,20800000,6,617,100000,14200000,19300000,8200000,approved
4128,2, Graduate, No,5300000,13200000,10,500,4700000,9800000,20400000,2900000,rejected
4129,5, Not Graduate, Yes,6800000,22800000,14,382,17600000,700000,21700000,5800000,rejected
4130,1, Not Graduate, No,7900000,20800000,18,538,10000000,9700000,29900000,10600000,rejected
4131,0, Not Graduate, Yes,6200000,14900000,8,855,-100000,7200000,14200000,8200000,approved
4132,1, Graduate, No,1000000,3000000,18,614,1800000,1700000,3700000,700000,approved
4133,2, Graduate, Yes,7800000,25400000,10,513,22100000,600000,23500000,9800000,rejected
4134,5, Graduate, Yes,3000000,8800000,14,402,5600000,5300000,8600000,4200000,rejected
4135,5, Graduate, Yes,5700000,15000000,20,819,15500000,9800000,14100000,3400000,approved
4136,4, Not Graduate, No,6600000,25400000,12,622,9200000,3500000,19900000,7500000,approved
4137,4, Graduate, Yes,7100000,18200000,4,790,2500000,2200000,25500000,9600000,approved
4138,3, Graduate, Yes,1300000,4800000,14,808,3100000,2000000,5100000,1500000,approved
4139,2, Not Graduate, No,5200000,16800000,18,369,5400000,8600000,17000000,6800000,rejected
4140,3, Graduate, No,5600000,20300000,4,330,16100000,5100000,15300000,4200000,approved
4141,2, Graduate, No,7100000,16500000,14,857,3700000,10700000,18500000,8200000,approved
4142,2, Graduate, No,5100000,19100000,8,457,13200000,5100000,16400000,7600000,rejected
4143,3, Not Graduate, Yes,7600000,29300000,8,843,21500000,3000000,22800000,11200000,approved
4144,0, Graduate, Yes,2500000,5400000,6,463,1900000,3500000,8200000,1800000,rejected
4145,3, Graduate, No,6900000,22800000,16,582,17700000,2200000,23500000,4400000,approved
4146,0, Graduate, No,3100000,6500000,2,391,100000,3800000,9900000,2400000,rejected
4147,2, Graduate, Yes,9700000,35100000,20,612,13400000,13500000,38200000,6500000,approved
4148,0, Not Graduate, Yes,5800000,12600000,2,859,13500000,4700000,21200000,4500000,approved
4149,4, Not Graduate, No,7600000,18600000,18,779,9100000,5600000,15200000,10000000,approved
4150,5, Not Graduate, No,700000,2800000,2,561,900000,400000,1900000,800000,approved
4151,3, Graduate, No,2300000,5600000,18,420,1300000,600000,6700000,2100000,rejected
4152,3, Not Graduate, No,1600000,3300000,8,609,4700000,100000,6000000,800000,approved
4153,4, Not Graduate, No,8100000,19300000,14,821,16500000,8500000,25800000,8300000,approved
4154,1, Graduate, No,7700000,17100000,14,603,11100000,12100000,30300000,7100000,approved
4155,4, Graduate, No,1500000,3400000,10,778,3800000,300000,4000000,2200000,approved
4156,3, Not Graduate, No,7400000,23500000,2,460,20600000,12200000,25900000,9200000,approved
4157,4, Not Graduate, Yes,8900000,27100000,18,363,7800000,9600000,25400000,12700000,rejected
4158,0, Graduate, No,2400000,5300000,16,482,5500000,4200000,8400000,2600000,rejected
4159,5, Graduate, No,5600000,20300000,4,772,10600000,6000000,13600000,7600000,approved
4160,4, Graduate, No,5900000,14400000,6,745,15300000,5100000,16500000,3000000,approved
4161,1, Graduate, No,1600000,3300000,2,513,400000,1300000,4600000,2200000,rejected
4162,5, Not Graduate, No,1100000,4000000,2,362,1800000,1300000,3500000,1100000,approved
4163,2, Graduate, Yes,6600000,25600000,6,740,10900000,1900000,18900000,9200000,approved
4164,3, Graduate, No,8900000,24400000,10,774,11200000,6100000,31400000,7300000,approved
4165,1, Graduate, Yes,6400000,16400000,20,555,6000000,2500000,20100000,7400000,approved
4166,4, Not Graduate, Yes,8200000,17300000,12,588,9700000,1200000,20700000,4800000,approved
4167,1, Graduate, No,500000,1300000,14,619,1500000,100000,2000000,500000,approved
4168,0, Graduate, No,9700000,31600000,18,607,24300000,7900000,32400000,7500000,approved
4169,3, Not Graduate, Yes,7100000,16700000,4,435,1700000,9600000,24300000,6200000,rejected
4170,4, Not Graduate, Yes,1400000,3400000,14,835,3100000,100000,4100000,2100000,approved
4171,1, Not Graduate, No,7200000,28100000,14,767,10000000,10400000,27500000,4000000,approved
4172,1, Graduate, Yes,8400000,26200000,14,643,19400000,11500000,17900000,6900000,approved
4173,4, Not Graduate, No,4300000,13900000,2,894,10100000,100000,8600000,3300000,approved
4174,0, Not Graduate, Yes,8800000,29800000,8,343,20000000,4900000,33300000,12200000,rejected
4175,4, Not Graduate, No,4000000,15100000,8,800,8700000,6900000,12200000,4400000,approved
4176,3, Not Graduate, Yes,6900000,17900000,18,494,7700000,11200000,15400000,8700000,rejected
4177,4, Graduate, No,9600000,33000000,14,336,5800000,8500000,30100000,4900000,rejected
4178,2, Not Graduate, No,6900000,16500000,16,785,19600000,8600000,27100000,3600000,approved
4179,1, Not Graduate, Yes,3600000,13400000,16,732,5200000,6700000,7300000,3300000,approved
4180,2, Not Graduate, No,1900000,4600000,12,587,3000000,1300000,4800000,1100000,approved
4181,3, Not Graduate, Yes,9700000,30800000,18,471,12700000,3800000,37300000,10400000,rejected
4182,2, Not Graduate, No,1200000,4100000,8,497,2700000,700000,3700000,1300000,rejected
4183,1, Not Graduate, No,400000,1600000,16,784,800000,700000,700000,100000,approved
4184,2, Graduate, No,6600000,21500000,18,471,13700000,9800000,17100000,4800000,rejected
4185,2, Graduate, No,1500000,3300000,4,763,300000,1200000,5400000,700000,approved
4186,4, Not Graduate, No,3500000,9500000,2,655,9900000,6600000,9400000,3100000,approved
4187,3, Not Graduate, Yes,4000000,8600000,4,667,11500000,6300000,15300000,3500000,approved
4188,3, Not Graduate, No,4100000,14100000,8,367,900000,800000,8900000,5300000,rejected
4189,4, Graduate, No,5800000,18500000,16,436,1400000,5500000,17100000,6500000,rejected
4190,4, Graduate, Yes,8600000,23300000,12,785,18800000,3800000,23500000,4500000,approved
4191,2, Graduate, No,4500000,11400000,10,388,11600000,3000000,14300000,2900000,rejected
4192,2, Graduate, Yes,9900000,37300000,8,385,600000,900000,27400000,14200000,rejected
4193,1, Not Graduate, Yes,3200000,8100000,10,670,9100000,3800000,9200000,1900000,approved
4194,5, Graduate, Yes,8900000,19100000,20,329,13300000,11400000,29500000,10000000,rejected
4195,5, Not Graduate, Yes,2100000,4900000,12,651,2500000,2100000,6100000,1800000,approved
4196,1, Graduate, No,7100000,26000000,16,727,4300000,9500000,18900000,8900000,approved
4197,2, Graduate, Yes,7800000,28900000,14,646,1800000,1800000,17700000,11000000,approved
4198,3, Not Graduate, Yes,8600000,23200000,12,894,22100000,13900000,29200000,4500000,approved
4199,3, Graduate, Yes,5100000,17000000,10,477,1700000,3300000,13700000,6300000,rejected
4200,5, Not Graduate, No,600000,2000000,20,811,300000,400000,1900000,600000,approved
4201,0, Graduate, Yes,6600000,21200000,18,377,1000000,9600000,14800000,9500000,rejected
4202,0, Not Graduate, Yes,4700000,17000000,18,802,3600000,1600000,17800000,2700000,approved
4203,2, Graduate, Yes,7700000,19700000,14,885,19900000,14600000,22000000,8000000,approved
4204,4, Graduate, Yes,6400000,21900000,6,437,7000000,10000000,24600000,4100000,rejected
4205,2, Graduate, No,1100000,2500000,20,615,2800000,1700000,2300000,1300000,approved
4206,2, Not Graduate, No,8900000,17800000,20,603,3300000,17600000,29000000,13100000,approved
4207,0, Not Graduate, Yes,2100000,8300000,20,765,-100000,3600000,7700000,2100000,approved
4208,4, Not Graduate, Yes,2300000,5800000,8,469,6100000,4200000,7900000,2400000,rejected
4209,3, Graduate, No,8300000,17700000,16,848,10500000,1100000,18700000,5900000,approved
4210,4, Graduate, No,900000,2700000,20,327,400000,1200000,2200000,1200000,rejected
4211,3, Not Graduate, Yes,9200000,35000000,4,716,1100000,10200000,33600000,11400000,approved
4212,3, Graduate, No,9800000,28300000,2,715,19500000,9600000,28800000,9200000,approved
4213,0, Not Graduate, No,200000,600000,12,683,400000,200000,400000,0,approved
4214,2, Not Graduate, Yes,3200000,9700000,6,737,7300000,3500000,9700000,2600000,approved
4215,5, Not Graduate, No,7800000,27000000,6,728,4400000,13100000,18500000,7400000,approved
4216,1, Graduate, No,8300000,30000000,18,350,12800000,10800000,23800000,9400000,rejected
4217,1, Graduate, Yes,2100000,5200000,14,802,100000,600000,6400000,2500000,approved
4218,5, Not Graduate, Yes,400000,1400000,4,483,1100000,700000,800000,100000,approved
4219,3, Graduate, Yes,7700000,21800000,18,684,100000,600000,15600000,5500000,approved
4220,4, Graduate, Yes,5600000,16500000,20,692,14500000,7800000,18000000,7400000,approved
4221,0, Graduate, No,8400000,31000000,4,783,19000000,13300000,30600000,6900000,approved
4222,3, Graduate, Yes,1300000,4300000,18,412,600000,900000,5200000,1200000,rejected
4223,0, Not Graduate, No,8700000,30200000,10,447,14200000,14800000,28200000,6100000,rejected
4224,0, Not Graduate, No,2700000,8400000,14,610,900000,1900000,6100000,2800000,approved
4225,5, Graduate, Yes,800000,1800000,8,881,300000,1100000,2600000,400000,approved
4226,5, Graduate, Yes,3800000,10300000,16,606,7700000,1900000,9900000,2700000,approved
4227,5, Graduate, Yes,700000,2600000,2,869,1100000,500000,1400000,500000,approved
4228,4, Graduate, Yes,400000,1400000,2,496,400000,200000,1100000,400000,approved
4229,1, Graduate, Yes,3200000,9300000,6,483,6700000,1900000,7800000,3600000,rejected
4230,3, Graduate, No,7500000,22200000,8,741,6600000,6900000,17600000,11000000,approved
4231,2, Not Graduate, No,3700000,13500000,4,820,4700000,1600000,14000000,5300000,approved
4232,5, Graduate, No,3300000,9100000,18,697,8800000,1800000,11300000,2600000,approved
4233,1, Graduate, Yes,200000,500000,20,713,0,200000,500000,100000,approved
4234,1, Not Graduate, No,7100000,17000000,6,754,1100000,500000,27000000,6800000,approved
4235,3, Not Graduate, Yes,1500000,5100000,14,837,4100000,1000000,3300000,1400000,approved
4236,0, Not Graduate, No,3000000,6500000,2,691,7800000,4500000,8900000,2500000,approved
4237,3, Graduate, Yes,1900000,5300000,12,436,2300000,3500000,5000000,2600000,rejected
4238,0, Not Graduate, No,9100000,30100000,8,322,26200000,9500000,18800000,5900000,rejected
4239,0, Not Graduate, No,2200000,7500000,2,333,3400000,600000,6200000,1500000,approved
4240,0, Not Graduate, Yes,8400000,23000000,14,455,400000,13400000,29800000,9400000,rejected
4241,1, Graduate, Yes,400000,700000,10,787,1000000,200000,1600000,500000,approved
4242,2, Graduate, Yes,5600000,15800000,16,748,10300000,100000,21700000,6300000,approved
4243,5, Not Graduate, Yes,8200000,27100000,4,643,15400000,7700000,21300000,4100000,approved
4244,0, Not Graduate, Yes,1600000,3400000,8,867,-100000,2700000,4300000,1300000,approved
4245,3, Not Graduate, No,1800000,5600000,20,860,1900000,1700000,4300000,900000,approved
4246,5, Not Graduate, Yes,6500000,23900000,2,507,500000,10200000,15900000,8000000,approved
4247,1, Graduate, Yes,3100000,11500000,4,871,1500000,2400000,7100000,3600000,approved
4248,3, Not Graduate, No,3100000,9800000,12,820,6400000,5200000,10900000,4400000,approved
4249,4, Graduate, Yes,5300000,14500000,4,352,12600000,4900000,10500000,3500000,rejected
4250,4, Graduate, No,1100000,4000000,14,887,2400000,1500000,4200000,1600000,approved
4251,1, Graduate, Yes,6000000,13400000,12,731,1300000,4300000,21300000,6900000,approved
4252,0, Graduate, Yes,6100000,14600000,18,645,14500000,200000,23000000,4600000,approved
4253,3, Not Graduate, No,4100000,14100000,10,300,7600000,2100000,8400000,2200000,rejected
4254,5, Graduate, Yes,7000000,26200000,12,896,13100000,6600000,23600000,5700000,approved
4255,0, Not Graduate, Yes,8900000,27700000,6,372,18200000,14900000,33700000,6100000,rejected
4256,4, Graduate, No,4800000,12000000,6,441,8400000,1300000,18200000,3200000,rejected
4257,3, Graduate, Yes,7400000,18300000,4,348,14300000,12600000,17900000,9800000,rejected
4258,0, Graduate, No,9700000,27500000,18,343,13400000,16500000,20000000,8200000,rejected
4259,5, Graduate, Yes,9700000,22600000,16,346,23500000,12900000,26800000,13000000,rejected
4260,0, Not Graduate, Yes,4500000,11500000,14,509,13400000,2300000,15400000,5900000,rejected
4261,5, Graduate, No,8800000,29300000,10,560,16800000,13900000,31100000,9900000,approved
4262,3, Graduate, Yes,3000000,7500000,6,881,1400000,4500000,6100000,2300000,approved
4263,5, Graduate, No,1300000,3000000,20,540,1000000,2300000,3200000,1900000,rejected
4264,3, Graduate, No,5000000,12700000,14,865,4700000,8100000,19500000,6300000,approved
4265,5, Graduate, Yes,1000000,2300000,12,317,2800000,500000,3300000,800000,rejected
4266,0, Not Graduate, Yes,3300000,11300000,20,559,4200000,2900000,11000000,1900000,approved
4267,2, Not Graduate, No,6500000,23900000,18,457,1200000,12400000,18100000,7300000,rejected
4268,1, Not Graduate, No,4100000,12800000,8,780,8200000,700000,14100000,5800000,approved
4269,1, Graduate, No,9200000,29700000,10,607,17800000,11800000,35700000,12000000,approved
